OBJECTID;uuid;deso;kommun;lan;kommunnamn;lannamn;version;Field1;key_0;Deso_1;Station;Boende_totalt_Antal;Antal_Bilar;Bilar_småhus;Bilar_flerbostadshus;Antal_personer_i_småhus;Antal_personer_i_flerbostadshus;Laddpunkter;Kommungrupp_2023;Travel__km_;Travel___;Shape_Length;Shape_Area;max_aadtfordon;sum_Length_KILOMETERS;Polyline_Count;CITY
1;{8DE2583C-6A92-45B5-AD41-7F40B7A90862};1256B2010;1256;12;Östra Göinge;Skåne;2018_v2;0;Östra Göinge;1256B2010;TORSEBRO;1841;987;838;149;1538;203;59;Pendlingskommun nära större stad;25;3;13978.89566;6141834.196;5078;6.368129035;13;No
2;{5AF0864D-40F8-4599-8AA6-636D82976DB3};1292A0010;1292;12;Ängelholm;Skåne;2018_v2;10;Ängelholm;1292A0010;ÅSTORP_S;850;572;536;36;812;17;34;Pendlingskommun nära större stad;25;3;49384.44068;35214126.77;9861;44.39880298;70;No
3;{502B37EF-F99E-49FA-8AE9-689977ADBA90};1293A0030;1293;12;Hässleholm;Skåne;2018_v2;34;Hässleholm;1293A0030;VINSLÖV;1499;955;903;52;1479;0;57;Lågpendlingskommun nära större stad;31;6;83858.78344;118562815.9;5326;83.55226385;78;No
4;{06D3946E-BF4F-4250-ABFB-59DEC7568808};1256B2020;1256;12;Östra Göinge;Skåne;2018_v2;1;Östra Göinge;1256B2020;TORSEBRO;1586;726;478;248;964;519;43;Pendlingskommun nära större stad;25;3;14850.78086;5233374.127;5078;4.509774441;10;No
5;{5893A554-E321-47E1-8314-1F66C8702354};1284C1060;1284;12;Höganäs;Skåne;2018_v2;67;Höganäs;1284C1060;HÖGANÄS;2375;986;577;409;1200;972;59;Pendlingskommun nära större stad;25;3;10286.15148;4364460.001;11527;2.351610492;13;Medium
6;{57FEF2CE-C8EE-4F81-9849-BB100B87D925};1292C1050;1292;12;Ängelholm;Skåne;2018_v2;11;Ängelholm;1292C1050;ÄNGELHO;1632;755;108;647;206;1380;45;Pendlingskommun nära större stad;25;3;3598.21154;498506.3608;0;0;0;Medium
7;{C2323F2B-EFE0-4A6D-B0E1-DAE9F642245D};1284C1070;1284;12;Höganäs;Skåne;2018_v2;68;Höganäs;1284C1070;HÖGANÄS;2222;1036;554;482;1065;908;62;Pendlingskommun nära större stad;25;3;13805.27513;6291504.313;1085;8.239241002;12;No
8;{03F54F35-4D1C-4B01-89B4-2A6BA0F1A708};1284C1080;1284;12;Höganäs;Skåne;2018_v2;69;Höganäs;1284C1080;HÖGANÄS;1969;766;448;318;1029;771;45;Pendlingskommun nära större stad;25;3;2977.526775;501038.1765;3118;0.609918144;2;Medium
9;{3D2C90AD-57C8-4890-AA5A-1544D1034D01};1276B3010;1276;12;Klippan;Skåne;2018_v2;84;Klippan;1276B3010;KLIPPAN;1999;1166;973;193;1622;276;69;Pendlingskommun nära större stad;25;3;17428.14452;12344716.97;7490;27.43982778;67;No
10;{E79D4E72-76AE-445B-8252-408092AA4FA0};1284C1090;1284;12;Höganäs;Skåne;2018_v2;70;Höganäs;1284C1090;HÖGANÄS;2078;913;354;559;739;1266;54;Pendlingskommun nära större stad;25;3;6449.478215;1733130.846;6051;0.329849071;4;Medium
11;{563C24EB-F57E-40C6-B073-0346E5CCA89F};1272A0010;1272;12;Bromölla;Skåne;2018_v2;94;Bromölla;1272A0010;IVÖ;1369;864;801;63;1336;13;51;Pendlingskommun nära större stad;25;3;113377.2214;138313380.4;5036;44.9819546;49;No
12;{26639137-50B2-403D-946A-068DA2601F24};1284C1110;1284;12;Höganäs;Skåne;2018_v2;71;Höganäs;1284C1110;HÖGANÄS;1410;728;562;166;1101;234;43;Pendlingskommun nära större stad;25;3;11258.8781;6598226.036;9523;3.482587434;14;Medium
13;{DFC1E8FC-98FF-4556-A12E-D5A78BA18FCC};1283A0040;1283;12;Helsingborg;Skåne;2018_v2;101;Helsingborg;1283A0040;STUREHOLM;1178;707;677;30;1141;5;42;Större stad;21;2;54883.59333;53080337.23;5832;28.80852446;22;No
14;{18A206A8-7638-40DD-97B7-1756864D2CD1};1284C1100;1284;12;Höganäs;Skåne;2018_v2;72;Höganäs;1284C1100;HÖGANÄS;1913;893;526;367;1050;627;53;Pendlingskommun nära större stad;25;3;13799.53449;7473424.956;10331;12.51459504;31;Medium
15;{164A99AB-B2CB-408F-93FF-D5BD2899A343};1276A0030;1276;12;Klippan;Skåne;2018_v2;85;Klippan;1276A0030;KLIPPAN;1414;911;823;88;1366;15;54;Pendlingskommun nära större stad;25;3;91884.8063;118003621.4;4232;51.79917243;41;No
16;{2CD9E7D8-E4A3-4A22-A678-4DF19444D858};1292C1010;1292;12;Ängelholm;Skåne;2018_v2;12;Ängelholm;1292C1010;ÄNGELHO;2144;1022;911;111;1815;297;61;Pendlingskommun nära större stad;25;3;13113.74194;6908911.022;15500;12.14325522;45;Medium
17;{6ACE1F4D-2F76-4DE8-9434-A0E3FF835281};1292C1020;1292;12;Ängelholm;Skåne;2018_v2;13;Ängelholm;1292C1020;ÄNGELHO;2434;1155;1073;82;2291;107;69;Pendlingskommun nära större stad;25;3;8501.286884;3410944.578;1450;0.05494362;3;Medium
18;{D5F3131D-4FD3-48D5-8CC9-82EF1B2A424F};1284B2010;1284;12;Höganäs;Skåne;2018_v2;73;Höganäs;1284B2010;HÖGANÄS;1006;526;419;107;733;45;31;Pendlingskommun nära större stad;25;3;7965.24823;2850033.235;1805;1.709428569;8;No
19;{2B934C55-CC8C-4B86-BE99-7EEAA43A291F};1284A0010;1284;12;Höganäs;Skåne;2018_v2;74;Höganäs;1284A0010;HÖGANÄS;1687;1066;940;126;1447;0;63;Pendlingskommun nära större stad;25;3;54334.19502;52617118.59;6852;42.80119462;63;No
20;{DBECA9E2-7FBA-4569-95C2-4875E6658E1F};1256A0010;1256;12;Östra Göinge;Skåne;2018_v2;2;Östra Göinge;1256A0010;ARKELSTORP;1291;848;783;65;1233;22;50;Pendlingskommun nära större stad;25;3;51525.97718;84292069.75;2544;48.72575806;25;No
21;{8964D567-78E9-4B6C-AC8D-2C3BE1E62080};1292C1040;1292;12;Ängelholm;Skåne;2018_v2;14;Ängelholm;1292C1040;ÄNGELHO;2509;1070;795;275;1741;693;64;Pendlingskommun nära större stad;25;3;5576.125649;1308595.032;2105;0.026960666;3;Medium
22;{FC9CB9D5-61A3-46E4-A669-DF442B495736};1292C1090;1292;12;Ängelholm;Skåne;2018_v2;15;Ängelholm;1292C1090;ÄNGELHO;1429;585;45;540;99;1293;35;Pendlingskommun nära större stad;25;3;1837.65162;191159.0625;0;0;0;Medium
23;{1FEFC053-862F-4ADA-BD58-9C3163335E89};1292C1080;1292;12;Ängelholm;Skåne;2018_v2;16;Ängelholm;1292C1080;ÄNGELHO;1924;837;57;780;116;1789;50;Pendlingskommun nära större stad;25;3;7098.341569;2071864.395;0;0;0;Medium
24;{41C96EE6-F460-409B-8F1F-6884F5C45EDE};1292A0020;1292;12;Ängelholm;Skåne;2018_v2;17;Ängelholm;1292A0020;ÄNGELHO;1324;843;826;17;1281;25;50;Pendlingskommun nära större stad;25;3;58084.21866;65466239.35;15538;60.82847144;87;No
25;{3671D2C8-BC53-49CE-BCCA-29D64FB0219C};1256C1010;1256;12;Östra Göinge;Skåne;2018_v2;3;Östra Göinge;1256C1010;VINSLÖV;1563;772;669;103;1269;172;46;Pendlingskommun nära större stad;25;3;10090.53058;4741871.03;2240;11.16802614;25;No
26;{F3B2CA87-3DBE-4276-B03C-097AB297B745};1292C1060;1292;12;Ängelholm;Skåne;2018_v2;18;Ängelholm;1292C1060;ÄNGELHO;2407;1073;671;402;1317;1076;64;Pendlingskommun nära större stad;25;3;11985.5463;4733020.103;10800;11.48756964;29;Medium
27;{B39F51DB-1C8E-4E69-A6E0-143044B8CEB6};1292B2010;1292;12;Ängelholm;Skåne;2018_v2;19;Ängelholm;1292B2010;ÄNGELHO;2239;1164;909;255;1598;581;69;Pendlingskommun nära större stad;25;3;9286.87674;4168882.324;7075;8.831092962;22;No
28;{BD43DB8F-232C-4BA4-96FB-08D9B72E41B5};1284C1120;1284;12;Höganäs;Skåne;2018_v2;75;Höganäs;1284C1120;HÖGANÄS;1910;1041;945;96;1737;66;62;Pendlingskommun nära större stad;25;3;11312.64396;7583939.651;2386;4.290808341;3;Medium
29;{84A2CE27-EC76-46EB-BC31-75C545500AA2};1256C1020;1256;12;Östra Göinge;Skåne;2018_v2;4;Östra Göinge;1256C1020;ARKELSTORP;1866;803;438;365;896;814;48;Pendlingskommun nära större stad;25;3;14110.13174;9377031.065;4852;10.30013788;18;No
30;{AF4489CA-6C0B-4151-B7AB-22A91D543E55};1275A0010;1275;12;Perstorp;Skåne;2018_v2;181;Perstorp;1275A0010;PERSTORP;1279;829;762;67;1252;0;49;Pendlingskommun nära större stad;25;3;75928.18735;145694141;4835;57.77702274;60;No
31;{0C0431CB-D4CE-483B-863E-D5FFF73E1AFB};1293A0060;1293;12;Hässleholm;Skåne;2018_v2;35;Hässleholm;1293A0060;HÄSSLEHOLM;1297;813;724;89;1226;60;48;Lågpendlingskommun nära större stad;31;6;72334.92;100478356.1;2809;69.29549133;75;No
32;{E29D9872-7967-4BA9-A830-50A64F8D4791};1284A0030;1284;12;Höganäs;Skåne;2018_v2;76;Höganäs;1284A0030;HÖGANÄS;761;522;382;140;611;111;31;Pendlingskommun nära större stad;25;3;21983.38814;25802575.54;3116;9.095179287;19;No
33;{DAEA46F9-8742-48EA-AA60-503FAEC56000};1257A0010;1257;12;Örkelljunga;Skåne;2018_v2;186;Örkelljunga;1257A0010;LÄRKERÖD;1278;791;700;91;1210;57;47;Pendlingskommun nära större stad;25;3;63515.7321;93092130.97;7635;58.57832821;57;No
34;{7C17A817-B041-4ADD-AC42-CC6D8C01B5D6};1256A0020;1256;12;Östra Göinge;Skåne;2018_v2;5;Östra Göinge;1256A0020;TORSEBRO;842;531;477;54;794;17;31;Pendlingskommun nära större stad;25;3;90670.35047;114111077.8;3394;77.90967875;81;No
35;{18AB70EE-9202-4130-AC6D-54AD2725E8FB};1284B2020;1284;12;Höganäs;Skåne;2018_v2;77;Höganäs;1284B2020;HÖGANÄS;1322;800;771;29;1275;6;48;Pendlingskommun nära större stad;25;3;14486.83208;7182515.764;6852;11.94638487;25;No
36;{66D027FF-ACE7-4398-B5B3-1B1B52DA1FFE};1292C1100;1292;12;Ängelholm;Skåne;2018_v2;20;Ängelholm;1292C1100;ÄNGELHO;2013;957;668;289;1366;602;57;Pendlingskommun nära större stad;25;3;9690.763159;3862202.115;0;0;0;Medium
37;{5C3ADA86-E267-4CAB-B5A0-73B7BEB261AD};1292C1120;1292;12;Ängelholm;Skåne;2018_v2;21;Ängelholm;1292C1120;ÄNGELHO;1891;950;885;65;1791;43;57;Pendlingskommun nära större stad;25;3;5405.331492;891762.8237;9264;1.546507165;6;No
38;{50F5E404-9C21-4D1E-A232-FFF7E6CD0BE9};1256B4010;1256;12;Östra Göinge;Skåne;2018_v2;6;Östra Göinge;1256B4010;ARKELSTORP;1412;666;498;168;1020;342;39;Pendlingskommun nära större stad;25;3;10096.14553;6892427.453;1718;7.088492592;9;No
39;{FC6BD46A-A22E-48FD-941A-EBFED7820D79};1292C1110;1292;12;Ängelholm;Skåne;2018_v2;22;Ängelholm;1292C1110;ÄNGELHO;2291;1136;1010;126;1996;156;68;Pendlingskommun nära större stad;25;3;15677.97155;6256291.692;10800;12.11829397;44;Medium
40;{BBEFA0C5-8B2D-420C-AA17-E4F00488E863};1290A0110;1290;12;Kristianstad;Skåne;2018_v2;193;Kristianstad;1290A0110;ARKELSTORP;2296;1346;1212;134;2206;38;80;Större stad;21;2;71520.50954;162914715.7;1716;70.58613528;37;No
41;{17B4A3AB-14AF-4D72-8724-2254B70BEAD4};1292B2020;1292;12;Ängelholm;Skåne;2018_v2;23;Ängelholm;1292B2020;ÄNGELHO;1776;979;805;174;1460;246;58;Pendlingskommun nära större stad;25;3;16458.11336;10553212.08;2955;10.91883229;14;No
42;{D24DAD58-FDBA-4231-AF59-D76FBF39484A};1293B7010;1293;12;Hässleholm;Skåne;2018_v2;36;Hässleholm;1293B7010;BJÄRNUM_V;1819;869;687;182;1404;337;52;Lågpendlingskommun nära större stad;31;6;12780.41344;10828804.09;2550;11.46394878;17;No
43;{FCE10184-21A0-4F8B-B730-4DFFB87FD6DA};1257C1030;1257;12;Örkelljunga;Skåne;2018_v2;187;Örkelljunga;1257C1030;LÄRKERÖD;1714;682;344;338;759;802;40;Pendlingskommun nära större stad;25;3;8534.576419;2513376.067;4435;3.10578277;13;No
44;{EEEA613C-BDAC-49EC-B830-087B940E40DF};1292C1150;1292;12;Ängelholm;Skåne;2018_v2;24;Ängelholm;1292C1150;GREVIE;2317;1213;950;263;1860;288;72;Pendlingskommun nära större stad;25;3;10619.38703;4335909.873;1598;2.378019131;7;No
45;{DC97D0E4-45DF-489E-8FCE-698F209C72AE};1257C1020;1257;12;Örkelljunga;Skåne;2018_v2;188;Örkelljunga;1257C1020;LÄRKERÖD;1557;758;429;329;846;601;45;Pendlingskommun nära större stad;25;3;13811.23838;3007801.835;4140;0.579771267;6;No
46;{C9D62D62-8D95-4314-B77B-5206EEADBEC2};1257C1010;1257;12;Örkelljunga;Skåne;2018_v2;189;Örkelljunga;1257C1010;LÄRKERÖD;1332;763;627;136;1112;191;45;Pendlingskommun nära större stad;25;3;16937.95747;12283611.76;6996;18.82282473;40;No
47;{EC71B227-0FC9-43E6-8EEE-45FECA03116A};1292C1130;1292;12;Ängelholm;Skåne;2018_v2;25;Ängelholm;1292C1130;ÄNGELHO;1582;852;788;64;1414;126;51;Pendlingskommun nära större stad;25;3;12533.09858;6307346.679;10228;2.676070491;6;No
48;{8F57FD0F-76B4-4532-B4FC-BEBAF724B746};1293B4010;1293;12;Hässleholm;Skåne;2018_v2;37;Hässleholm;1293B4010;BJÄRNUM_V;1376;669;464;205;945;367;40;Lågpendlingskommun nära större stad;31;6;13631.80483;7880684.796;7130;6.678058913;16;No
49;{6B4FEB33-B85A-4833-AB34-DCAD8021C63B};1293A0050;1293;12;Hässleholm;Skåne;2018_v2;38;Hässleholm;1293A0050;HÄSSLEHOLM;1263;888;791;97;1195;46;53;Lågpendlingskommun nära större stad;31;6;64854.64398;78902017.2;7733;58.30132821;52;No
50;{1BCEA8DB-B0FD-470A-ACED-F3F90B2EE64A};1293A0040;1293;12;Hässleholm;Skåne;2018_v2;39;Hässleholm;1293A0040;TYRINGE;1369;846;773;73;1335;6;50;Lågpendlingskommun nära större stad;31;6;83759.97024;180278967.9;4859;103.9933955;69;No
51;{5089FC1A-3DDA-4D7E-A8D2-C1A83B79130E};1293B4020;1293;12;Hässleholm;Skåne;2018_v2;40;Hässleholm;1293B4020;BJÄRNUM_V;1583;844;743;101;1424;134;50;Lågpendlingskommun nära större stad;31;6;15921.85948;7878433.721;7076;8.148003284;16;No
52;{96642DAF-D8F7-4C0F-9B7E-449A612BE74B};1257C1040;1257;12;Örkelljunga;Skåne;2018_v2;190;Örkelljunga;1257C1040;LÄRKERÖD;1104;619;592;27;1044;38;37;Pendlingskommun nära större stad;25;3;18063.34806;8848721.916;3700;8.863600704;15;No
53;{3407FAAA-DC57-49AC-B408-76BBFDD2788A};1284A0020;1284;12;Höganäs;Skåne;2018_v2;78;Höganäs;1284A0020;HÖGANÄS;1510;953;851;102;1395;17;57;Pendlingskommun nära större stad;25;3;44375.40854;52411493.9;4930;32.67448284;24;No
54;{6C6E4184-2CC5-4C77-A5D5-DE72347539B5};1256B3010;1256;12;Östra Göinge;Skåne;2018_v2;7;Östra Göinge;1256B3010;ARKELSTORP;1606;746;572;174;1206;324;44;Pendlingskommun nära större stad;25;3;11892.70539;8794835.272;2887;11.47438888;12;No
55;{96C0CD11-5009-4EAE-8067-C5F7303CE471};1292C1140;1292;12;Ängelholm;Skåne;2018_v2;26;Ängelholm;1292C1140;ÄNGELHO;1994;1115;1090;25;1956;0;66;Pendlingskommun nära större stad;25;3;20394.90274;10827585.92;2924;5.818537407;15;No
56;{15E50AE9-3BAC-4A47-BDFA-033AE2F20AC5};1293A0070;1293;12;Hässleholm;Skåne;2018_v2;41;Hässleholm;1293A0070;BJÄRNUM_V;905;631;561;70;895;0;37;Lågpendlingskommun nära större stad;31;6;67798.83077;113163904.9;3223;57.94735941;25;No
57;{FEEA2E7C-A50D-490D-AF51-7A111BDEE21B};1292B3010;1292;12;Ängelholm;Skåne;2018_v2;27;Ängelholm;1292B3010;ÄNGELHO;1043;555;468;87;881;93;33;Pendlingskommun nära större stad;25;3;10899.22495;5627930.396;11000;11.20771008;29;No
58;{3CE6DA19-6814-4C8A-A8D0-62E5B70CE405};1293B6010;1293;12;Hässleholm;Skåne;2018_v2;42;Hässleholm;1293B6010;BJÄRNUM_V;1855;893;622;271;1340;370;53;Lågpendlingskommun nära större stad;31;6;17477.23551;14271834.95;4691;12.14668146;16;No
59;{7471497E-A4FF-47B4-97E2-6A2242EBDFA9};1273C1010;1273;12;Osby;Skåne;2018_v2;240;Osby;1273C1010;BJÄRNUM_V;1567;867;792;75;1469;77;52;Pendlingskommun nära mindre tätort;33;5;13945.84022;10563103.88;3394;8.577811543;19;No
60;{C0C577AD-65B0-4E41-95B6-3EE5DAE55858};1278C1010;1278;12;Båstad;Skåne;2018_v2;249;Båstad;1278C1010;GREVIE;2068;1094;809;285;1561;374;65;Landsbygdskommun med besöksnäring;28;9;21533.51202;14851119.91;8581;14.85100603;27;No
61;{259AAD4D-C1F6-44A2-B8B8-F2E913E75760};1278C1030;1278;12;Båstad;Skåne;2018_v2;250;Båstad;1278C1030;GREVIE;3054;1634;1307;327;2405;523;98;Landsbygdskommun med besöksnäring;28;9;23979.68139;18077359.54;9800;27.60582934;72;No
62;{D9B90161-FA06-430D-983B-8DEA5813389F};1273A0020;1273;12;Osby;Skåne;2018_v2;241;Osby;1273A0020;BJÄRNUM_V;1208;816;756;60;1199;0;48;Pendlingskommun nära mindre tätort;33;5;129973.6792;230726001.6;5939;109.9969645;69;No
63;{3D702C02-9B94-4B75-89F3-28C18F17453E};1273A0010;1273;12;Osby;Skåne;2018_v2;242;Osby;1273A0010;ARKELSTORP;864;619;556;63;859;0;37;Pendlingskommun nära mindre tätort;33;5;112625.8224;225557978.6;1627;89.04560755;30;No
64;{8B3C8D42-E4DE-41B6-9D08-7B5A974A2A9C};1278A0020;1278;12;Båstad;Skåne;2018_v2;251;Båstad;1278A0020;GREVIE;2001;1244;1053;191;1818;60;74;Landsbygdskommun med besöksnäring;28;9;49762.14931;78090990.68;3334;63.11794996;44;No
65;{76E1FC98-86A2-4530-903A-86E5D1449C6A};1273C1020;1273;12;Osby;Skåne;2018_v2;243;Osby;1273C1020;BJÄRNUM_V;1495;768;716;52;1459;22;46;Pendlingskommun nära mindre tätort;33;5;9976.262769;3949359.464;17;1.101057832;1;No
66;{DC0ECBF1-E6BA-4C99-AB4A-B4C92BBCAE71};1278B2020;1278;12;Båstad;Skåne;2018_v2;252;Båstad;1278B2020;GREVIE;1064;524;419;105;818;237;31;Landsbygdskommun med besöksnäring;28;9;9567.530247;3577096.948;4825;9.594370637;25;No
67;{48C5C9E3-C6DB-4E30-AEF3-6AED162FEA69};1278B2010;1278;12;Båstad;Skåne;2018_v2;253;Båstad;1278B2010;GREVIE;1497;723;619;104;1266;141;43;Landsbygdskommun med besöksnäring;28;9;13483.05089;6192551.429;3091;5.519966518;12;No
68;{1E697283-4604-4AF2-8A26-5DE58CEE5D74};1292A0040;1292;12;Ängelholm;Skåne;2018_v2;28;Ängelholm;1292A0040;ÄNGELHO;1805;1195;1128;67;1771;0;71;Pendlingskommun nära större stad;25;3;77389.00945;83920247.62;10675;66.59087723;69;No
69;{A6DA41E4-9016-4D24-BC32-7C15148E77F6};1273C1030;1273;12;Osby;Skåne;2018_v2;244;Osby;1273C1030;BJÄRNUM_V;1465;645;438;207;927;397;38;Pendlingskommun nära mindre tätort;33;5;10724.63278;6267413.738;5939;5.066781917;13;No
70;{AE6F35FF-8EDD-4860-81A7-D723E83CAB21};1273C1040;1273;12;Osby;Skåne;2018_v2;245;Osby;1273C1040;BJÄRNUM_V;1711;747;415;332;821;840;44;Pendlingskommun nära mindre tätort;33;5;10950.36387;4995620.434;4003;3.82783258;5;No
71;{9BCD8AF8-39CD-4EE5-8E46-D26AE3550100};1273C1050;1273;12;Osby;Skåne;2018_v2;246;Osby;1273C1050;BJÄRNUM_V;1659;758;405;353;855;691;45;Pendlingskommun nära mindre tätort;33;5;10887.88547;3970308.61;36;2.035777115;2;No
72;{D91E96FF-7C2D-46D9-BBDA-E7DFFFD31213};1273B2010;1273;12;Osby;Skåne;2018_v2;247;Osby;1273B2010;ARKELSTORP;1958;976;663;313;1360;519;58;Pendlingskommun nära mindre tätort;33;5;13302.24872;10636289.82;4840;13.94949491;24;No
73;{2B06CA09-8DC8-477E-9135-247C02D87799};1278B2030;1278;12;Båstad;Skåne;2018_v2;254;Båstad;1278B2030;GREVIE;1164;621;517;104;983;144;37;Landsbygdskommun med besöksnäring;28;9;16432.37582;12525966.6;5198;17.000563;34;No
74;{CF35CB39-4BAA-4ECC-BE73-A606897A05F1};1257A0020;1257;12;Örkelljunga;Skåne;2018_v2;191;Örkelljunga;1257A0020;FAGERHULT;1832;1184;1024;160;1706;85;71;Pendlingskommun nära större stad;25;3;65539.39878;100337374.4;3312;51.8995954;25;No
75;{A1A44B15-3F87-4339-B563-C843CEC390C7};1293A0080;1293;12;Hässleholm;Skåne;2018_v2;43;Hässleholm;1293A0080;FAGERHULT;1218;851;747;104;1172;30;51;Lågpendlingskommun nära större stad;31;6;103678.503;219266346.9;3664;99.82522967;54;No
76;{35CA0C56-7135-4E8D-AC55-E0B8755174E9};1257A0030;1257;12;Örkelljunga;Skåne;2018_v2;192;Örkelljunga;1257A0030;FAGERHULT;1638;938;767;171;1401;181;56;Pendlingskommun nära större stad;25;3;61722.00072;110973337.5;6093;81.1330949;49;No
77;{28B02668-FBBE-4DDE-A1FA-C127F3FBB8BD};1278A0010;1278;12;Båstad;Skåne;2018_v2;255;Båstad;1278A0010;GREVIE;1673;1106;1001;105;1629;0;66;Landsbygdskommun med besöksnäring;28;9;84967.91152;98172776.9;11200;60.87945102;74;No
78;{0E266CAB-6593-4B80-94DF-45109404BDFD};1256A0030;1256;12;Östra Göinge;Skåne;2018_v2;8;Östra Göinge;1256A0030;ARKELSTORP;1175;713;667;46;1162;0;42;Pendlingskommun nära större stad;25;3;143494.674;206595005.7;6072;97.45189897;47;No
79;{D2204084-8D7E-4D6A-AECF-863C27925890};1278C1020;1278;12;Båstad;Skåne;2018_v2;256;Båstad;1278C1020;GREVIE;2167;1052;596;456;1261;761;63;Landsbygdskommun med besöksnäring;28;9;9529.721405;3314767.867;8581;2.928176886;10;No
80;{2FFB0298-B1AC-412F-B36F-B3CFF65C6F0C};1278B3010;1278;12;Båstad;Skåne;2018_v2;257;Båstad;1278B3010;GREVIE;1136;696;508;188;954;154;41;Landsbygdskommun med besöksnäring;28;9;29192.58552;36197636.94;2714;7.719732005;11;No
81;{2BC6FA34-E092-479D-A444-8B7BECCA21FA};1273A0030;1273;12;Osby;Skåne;2018_v2;248;Osby;1273A0030;BJÄRNUM_V;1311;753;646;107;1161;95;45;Pendlingskommun nära mindre tätort;33;5;67173.83272;104624503.8;5650;55.42927523;50;No
82;{B8AA6351-6BEA-46D9-B82D-1AECBF0CC301};1281C1230;1281;12;Lund;Skåne;2018_v2;258;Lund;1281C1230;LUND_SM;2044;750;689;61;1659;376;45;Större stad;21;2;3528.660415;688925.1712;0;0;0;Large
83;{B6857E37-F31A-4A28-9BC0-51006B756381};1280C1720;1280;12;Malmö;Skåne;2018_v2;332;Malmö;1280C1720;GULLÄNGEN;1689;332;0;332;0;1664;19;Storstäder;22;5;1447.162422;114341.6026;0;0;0;Large
84;{0862873C-679A-460B-8FAE-AD066ADD9883};1281C1270;1281;12;Lund;Skåne;2018_v2;259;Lund;1281C1270;LUND_VM;1801;519;133;386;336;1362;31;Större stad;21;2;2268.13264;279823.8081;0;0;0;Large
85;{C8B6D8D3-AC13-4E98-B250-E17789186D64};1281C1250;1281;12;Lund;Skåne;2018_v2;260;Lund;1281C1250;LUND_VM;1802;447;35;412;110;1534;26;Större stad;21;2;2246.639472;249194.0612;0;0;0;Large
86;{96C2D666-0349-47D2-BC68-8CA7ADE5B09B};1281C1040;1281;12;Lund;Skåne;2018_v2;261;Lund;1281C1040;LUND_SM;1369;317;3;314;7;1353;19;Större stad;21;2;1693.060692;96265.79845;0;0;0;Large
87;{6D4300DB-24FF-4B8A-B334-FF72F61A537C};1281C1050;1281;12;Lund;Skåne;2018_v2;262;Lund;1281C1050;LUND_VM;1637;561;0;561;0;1625;33;Större stad;21;2;1708.542133;150057.7343;0;0;0;Large
88;{278F107B-80B9-4D62-8BC5-37DE287E1049};1281C1010;1281;12;Lund;Skåne;2018_v2;263;Lund;1281C1010;LUND_SM;1795;576;94;482;231;1535;34;Större stad;21;2;5763.22653;1062786.783;25305;5.811993798;24;Large
89;{75534DB3-3D41-4602-BFFB-D290556F02D1};1281C1060;1281;12;Lund;Skåne;2018_v2;264;Lund;1281C1060;LUND_SM;1882;604;429;175;1218;511;36;Större stad;21;2;2942.702211;526542.0224;5470;0.727968713;2;Large
90;{56630FAC-853A-4E3F-9501-3D84D73A7DF4};1233B2050;1233;12;Vellinge;Skåne;2018_v2;524;Vellinge;1233B2050;FOTEVIK;2274;1182;1153;29;2168;61;70;Pendlingskommun nära storstad;29;4;14378.71727;6805468.855;4796;1.003117748;1;Medium
91;{82950033-1F55-4C5E-807B-73C534B35C61};1286C1090;1286;12;Ystad;Skåne;2018_v2;545;Ystad;1286C1090;RYDSGÅRD;1605;690;391;299;788;817;41;Mindre stad/tätort;22;3;3121.229139;502517.6041;8500;1.184316896;8;Medium
92;{0AEADED8-BE60-4E0F-AFAF-99E8B5D9798C};1233B3010;1233;12;Vellinge;Skåne;2018_v2;525;Vellinge;1233B3010;SKANÖR;1275;747;613;134;1121;83;44;Pendlingskommun nära storstad;29;4;14308.18947;10386693.96;0;0;0;Medium
93;{E9C64F50-2174-4935-800A-FBBD83C8F999};1282C1070;1282;12;Landskrona;Skåne;2018_v2;564;Landskrona;1282C1070;LANDSKRON;2433;593;3;590;7;2311;35;Pendlingskommun nära större stad;25;3;2035.02587;191444.009;0;0;0;Medium
94;{14111A7B-69A3-4E5C-91DA-F34C3DD20091};1233B2010;1233;12;Vellinge;Skåne;2018_v2;526;Vellinge;1233B2010;FOTEVIK;2155;1111;1111;0;2103;0;66;Pendlingskommun nära storstad;29;4;11108.93022;3039557.547;686;1.087802467;3;Medium
95;{C75610BE-CBB2-4470-A3BC-BF00A619A1ED};1233B3030;1233;12;Vellinge;Skåne;2018_v2;527;Vellinge;1233B3030;SKANÖR;2098;1024;935;89;1910;122;61;Pendlingskommun nära storstad;29;4;8642.326872;2318309.065;0;0;0;Medium
96;{FB3D5247-0EB7-4704-880E-527034E35C78};1286C1060;1286;12;Ystad;Skåne;2018_v2;546;Ystad;1286C1060;TOMELILLA;2158;924;245;679;548;1466;55;Mindre stad/tätort;22;3;3625.279089;714457.0151;8530;0.646495863;3;Medium
97;{FCEC59D9-4B3F-4BEB-869E-8CC006EC3BC9};1286C1070;1286;12;Ystad;Skåne;2018_v2;547;Ystad;1286C1070;RYDSGÅRD;2327;1034;710;324;1512;751;62;Mindre stad/tätort;22;3;4057.019946;879625.2374;8500;1.494918872;12;Medium
98;{C9C12BB2-07CB-415D-BFAA-7BCB72A9EE7B};1280C1690;1280;12;Malmö;Skåne;2018_v2;333;Malmö;1280C1690;ELLENBORG;1465;223;0;223;0;1460;13;Storstäder;22;5;1679.872882;129013.2644;0;0;0;Large
99;{214307BC-7F45-454B-A0D0-85B50313EE6E};1280C1630;1280;12;Malmö;Skåne;2018_v2;334;Malmö;1280C1630;LIMHAMN;1769;597;383;214;1010;540;35;Storstäder;22;5;3394.115587;411071.5847;0;0;0;Large
100;{A743C275-D8DD-4C00-9140-303AFADF3D7B};1280C1750;1280;12;Malmö;Skåne;2018_v2;335;Malmö;1280C1750;ELLENBORG;2078;317;0;317;0;2059;19;Storstäder;22;5;1268.240134;89409.9849;0;0;0;Large
101;{B511EAF1-4C2C-41B8-AC19-E67376DDEBF6};1280C1640;1280;12;Malmö;Skåne;2018_v2;336;Malmö;1280C1640;LIMHAMN;1541;664;676;-12;1519;0;39;Storstäder;22;5;2994.453725;515749.5138;0;0;0;Large
102;{0E47C787-A423-4BD2-B262-8D62926AE34D};1280C1520;1280;12;Malmö;Skåne;2018_v2;337;Malmö;1280C1520;HYLLIE;1448;436;0;436;0;1441;26;Storstäder;22;5;1780.841627;137968.7535;0;0;0;Large
103;{7649B2B7-816B-41F9-8791-65B2F0286DA3};1280C1760;1280;12;Malmö;Skåne;2018_v2;338;Malmö;1280C1760;GULLÄNGEN;1842;264;0;264;0;1830;15;Storstäder;22;5;3081.253377;338885.2434;0;0;0;Large
104;{C26C2465-4958-4281-9730-80AA6EDF5CF4};1280C1880;1280;12;Malmö;Skåne;2018_v2;339;Malmö;1280C1880;ELLENBORG;966;89;0;89;0;933;5;Storstäder;22;5;1714.234445;133209.182;0;0;0;Large
105;{027C04A3-EF0A-49A5-969F-3D401B8003B5};1280C1860;1280;12;Malmö;Skåne;2018_v2;340;Malmö;1280C1860;LIMHAMN;2046;711;229;482;580;1327;42;Storstäder;22;5;2287.267016;252733.6013;0;0;0;Large
106;{64C89488-4224-485D-871A-1A8EEC3C0A79};1280C1900;1280;12;Malmö;Skåne;2018_v2;341;Malmö;1280C1900;LIMHAMN;1948;663;432;231;1132;622;39;Storstäder;22;5;2415.415734;300987.9954;0;0;0;Large
107;{396DFEFE-42C8-4DEE-8494-23E42CA6AAFC};1280C1930;1280;12;Malmö;Skåne;2018_v2;342;Malmö;1280C1930;FÅGELBACKE;1806;340;0;340;0;1737;20;Storstäder;22;5;1331.548111;97130.49671;0;0;0;Large
108;{977CB08E-9613-4CE8-8048-CD1F29F489E7};1280C1850;1280;12;Malmö;Skåne;2018_v2;343;Malmö;1280C1850;HELENE;1412;518;0;518;0;1352;31;Storstäder;22;5;3080.128746;458005.3738;0;0;0;Large
109;{0837AD3B-3A8F-4627-AED0-B416E5023783};1280C2680;1280;12;Malmö;Skåne;2018_v2;344;Malmö;1280C2680;FÅGELBACKE;1695;356;39;317;131;1388;21;Storstäder;22;5;4638.581999;704544.1524;0;0;0;Large
110;{FD17ED56-5096-4756-8D58-428517AD40AB};1280C2600;1280;12;Malmö;Skåne;2018_v2;345;Malmö;1280C2600;TOFTANÄS;3027;1161;782;379;1688;1109;69;Storstäder;22;5;7624.985784;1819772.24;10854;0.046700239;3;Large
111;{CD0910A1-D359-42B1-A180-E8D698B72018};1280C2750;1280;12;Malmö;Skåne;2018_v2;346;Malmö;1280C2750;MALMÖ_SJ;2136;402;1;401;3;2084;24;Storstäder;22;5;1540.807825;116481.0022;0;0;0;Large
112;{756C2F3A-E557-4FB2-A46D-998BBB9A1C8B};1280C2780;1280;12;Malmö;Skåne;2018_v2;347;Malmö;1280C2780;CTA;1623;288;0;288;0;1497;17;Storstäder;22;5;1321.345082;107111.2052;0;0;0;Large
113;{5CF07C98-BC40-47D7-A321-D17426457A6D};1280C2800;1280;12;Malmö;Skåne;2018_v2;348;Malmö;1280C2800;CTA;1635;410;0;410;0;1428;24;Storstäder;22;5;1207.060401;75081.04282;0;0;0;Large
114;{F5D6AF56-F863-4275-BF6E-A9D46C925DEA};1280C2130;1280;12;Malmö;Skåne;2018_v2;349;Malmö;1280C2130;FÅGELBACKE;1802;506;61;445;183;1574;30;Storstäder;22;5;2320.024706;319011.8898;0;0;0;Large
115;{8B743853-146A-414E-B56D-2D4A6A40C9F5};1280C2240;1280;12;Malmö;Skåne;2018_v2;350;Malmö;1280C2240;MÖLLEVÅNGE;1824;310;0;310;0;1786;18;Storstäder;22;5;1472.317101;70641.30415;0;0;0;Large
116;{2E4BBE13-0925-438A-B221-44821469DA5A};1280C2290;1280;12;Malmö;Skåne;2018_v2;351;Malmö;1280C2290;MÖLLEVÅNGE;1661;293;0;293;0;1627;17;Storstäder;22;5;988.3453;58698.93405;0;0;0;Large
117;{9B3240D4-7247-436E-AAAD-25E30619F864};1280C2200;1280;12;Malmö;Skåne;2018_v2;352;Malmö;1280C2200;MÖLLEVÅNGE;1935;371;1;370;4;1627;22;Storstäder;22;5;2171.826627;195891.2595;0;0;0;Large
118;{A7A10721-912D-4587-BE9C-3750FB66B476};1280C2230;1280;12;Malmö;Skåne;2018_v2;353;Malmö;1280C2230;MÖLLEVÅNGE;1431;215;0;215;0;1395;12;Storstäder;22;5;1755.155187;129891.4789;0;0;0;Large
119;{B62E34E8-0A99-43E5-A919-50B3A21476EB};1280C2300;1280;12;Malmö;Skåne;2018_v2;354;Malmö;1280C2300;GULLÄNGEN;1782;460;0;460;0;1721;27;Storstäder;22;5;1601.596444;107573.3098;0;0;0;Large
120;{4D73F467-89D0-4531-935E-27F77B1AF970};1280C2310;1280;12;Malmö;Skåne;2018_v2;355;Malmö;1280C2310;MÖLLEVÅNGE;1557;316;0;316;0;1506;18;Storstäder;22;5;1510.538769;80020.47575;0;0;0;Large
121;{90709738-EA97-454D-B135-071A634D5E5E};1287C1080;1287;12;Trelleborg;Skåne;2018_v2;587;Trelleborg;1287C1080;TRELLEBO_N;1776;581;261;320;580;1174;34;Pendlingskommun nära storstad;29;4;3124.633239;458814.9386;402;0.062056438;2;Medium
122;{A73B82C2-2CBB-40C6-B137-FD3C0B9C69F1};1287C1040;1287;12;Trelleborg;Skåne;2018_v2;588;Trelleborg;1287C1040;TRELLEBO_N;1299;437;12;425;25;1064;26;Pendlingskommun nära storstad;29;4;4737.973176;617730.0841;12608;0.681253813;7;Medium
123;{4BAE6D9D-7475-4BE1-A88E-CA13336CDDB0};1287C1060;1287;12;Trelleborg;Skåne;2018_v2;589;Trelleborg;1287C1060;TRELLEBO_N;2476;863;258;605;584;1754;51;Pendlingskommun nära storstad;29;4;5429.703951;1341764.684;5201;1.874146411;8;Medium
124;{A0922A0E-A5C7-4AF5-9D76-1C2E701D5202};1280C2080;1280;12;Malmö;Skåne;2018_v2;356;Malmö;1280C2080;LIMHAMN;9007;2448;449;1999;1141;7508;146;Storstäder;22;5;6488.772334;1478076.253;0;0;0;Large
125;{AD401871-B3AB-444E-BFF6-8FDCB442767A};1287B2010;1287;12;Trelleborg;Skåne;2018_v2;590;Trelleborg;1287B2010;KLAGSTOR;1307;713;615;98;1198;31;42;Pendlingskommun nära storstad;29;4;12541.35471;7783911.333;3066;7.874152992;11;No
126;{DCDA531B-E1A3-40ED-A591-BB1C3A4D4EEC};1287C1050;1287;12;Trelleborg;Skåne;2018_v2;591;Trelleborg;1287C1050;TRELLEBO_N;1826;579;103;476;263;1336;34;Pendlingskommun nära storstad;29;4;6075.530048;1429100.227;3934;1.395301179;8;Medium
127;{9FBA2E33-1DF4-46A7-9CD7-AF10D9C3AB4E};1233B2060;1233;12;Vellinge;Skåne;2018_v2;528;Vellinge;1233B2060;FOTEVIK;1959;938;823;115;1709;131;56;Pendlingskommun nära storstad;29;4;5318.231409;1231950.484;4649;0.788478192;2;Medium
128;{DECC7259-82FD-4E24-AA9E-C2BF9F663D05};1287A0020;1287;12;Trelleborg;Skåne;2018_v2;592;Trelleborg;1287A0020;KLAGSTOR;1589;1057;982;75;1474;105;63;Pendlingskommun nära storstad;29;4;33898.14891;49987139.29;2079;60.68464284;60;No
129;{25D93459-794C-4AD0-A1F2-5BEE890D2F55};1280C2000;1280;12;Malmö;Skåne;2018_v2;357;Malmö;1280C2000;GULLÄNGEN;1757;466;0;466;0;1749;27;Storstäder;22;5;1454.700158;103276.4046;0;0;0;Large
130;{2C30B1EC-91E9-457A-93A2-1A8B6A2778DA};1287C1010;1287;12;Trelleborg;Skåne;2018_v2;593;Trelleborg;1287C1010;TRELLEBO_N;2262;1272;1198;74;2200;0;76;Pendlingskommun nära storstad;29;4;19221.6088;12794425.11;4514;11.8717717;13;No
131;{6F1C7314-F09D-408B-AFDC-078D1F7D32DC};1287C1030;1287;12;Trelleborg;Skåne;2018_v2;594;Trelleborg;1287C1030;TRELLEBO_N;1808;695;442;253;947;832;41;Pendlingskommun nära storstad;29;4;6280.07209;1367953.403;5350;1.954297357;9;Medium
132;{F0F1842A-AA59-4D68-8CF6-157BCAC776A3};1287C1070;1287;12;Trelleborg;Skåne;2018_v2;595;Trelleborg;1287C1070;TRELLEBO_N;2066;779;260;519;550;1429;46;Pendlingskommun nära storstad;29;4;4840.610566;645853.4938;5206;0.198198438;1;Medium
133;{1C03C40E-3496-4746-BED6-77E5B4E07F40};1287C1020;1287;12;Trelleborg;Skåne;2018_v2;596;Trelleborg;1287C1020;TRELLEBO_N;1639;928;883;45;1481;0;55;Pendlingskommun nära storstad;29;4;10782.57136;4702297.172;3771;3.377742249;8;Medium
134;{8C9BB29B-138B-4050-93D0-37FC10C39B83};1287C1120;1287;12;Trelleborg;Skåne;2018_v2;597;Trelleborg;1287C1120;TRELLEBO_N;1681;669;295;374;651;993;40;Pendlingskommun nära storstad;29;4;3064.207401;392459.7146;5973;0.6323535;7;Medium
135;{6DA0DB39-B027-4B1D-B471-65151DFD80F8};1287C1100;1287;12;Trelleborg;Skåne;2018_v2;598;Trelleborg;1287C1100;TRELLEBO_N;2602;1116;469;647;919;1657;66;Pendlingskommun nära storstad;29;4;4073.003071;689616.8901;3092;0.529390191;4;Medium
136;{919C7187-CE44-4519-82DE-63BC828260E2};1287C1130;1287;12;Trelleborg;Skåne;2018_v2;599;Trelleborg;1287C1130;TRELLEBO_N;1142;522;129;393;264;878;31;Pendlingskommun nära storstad;29;4;2640.719727;243372.4888;0;0;0;Medium
137;{26A96610-EB63-4967-8C53-807AC0132963};1280C1940;1280;12;Malmö;Skåne;2018_v2;358;Malmö;1280C1940;HELENE;2446;430;189;241;815;1379;25;Storstäder;22;5;2157.639365;269724.3363;0;0;0;Large
138;{D6CC5B57-E24F-4F57-9D3E-7AD19D2CA7CB};1280C1970;1280;12;Malmö;Skåne;2018_v2;359;Malmö;1280C1970;MÖLLEVÅNGE;1514;204;0;204;0;1399;12;Storstäder;22;5;1492.440773;112502.8826;0;0;0;Large
139;{32E1A589-842F-4B5D-A2F2-AE3C43289965};1280C1980;1280;12;Malmö;Skåne;2018_v2;360;Malmö;1280C1980;GULLÄNGEN;2132;332;0;332;0;1997;19;Storstäder;22;5;2114.53141;150763.0376;0;0;0;Large
140;{604DB26C-BE6F-4E61-B8C4-F4B9F91945B2};1287B2020;1287;12;Trelleborg;Skåne;2018_v2;600;Trelleborg;1287B2020;KLAGSTOR;1630;1061;844;217;1420;4;63;Pendlingskommun nära storstad;29;4;18610.62551;11687753.2;2567;9.058661007;9;No
141;{4CD2EECF-E6E9-4BE4-A644-3DB0946C65BE};1281C1180;1281;12;Lund;Skåne;2018_v2;265;Lund;1281C1180;LUND_SM;1770;406;39;367;130;1451;24;Större stad;21;2;2700.50921;199628.5514;0;0;0;Large
142;{4E32A1E3-9C85-4C82-B664-C63B45842266};1265A0050;1265;12;Sjöbo;Skåne;2018_v2;614;Sjöbo;1265A0050;SJÖBO;1658;1025;861;164;1456;98;61;Pendlingskommun nära större stad;25;3;40565.49283;50151160.11;5495;38.08753715;36;No
143;{42BEFFBB-010B-4008-A44B-071800F4E541};1281C1190;1281;12;Lund;Skåne;2018_v2;266;Lund;1281C1190;LUND_SM;1718;638;179;459;430;1151;38;Större stad;21;2;3506.835864;710295.7292;8781;3.018511221;14;Large
144;{8DC10299-84CA-4BF2-8564-A0B53F45E75A};1230A0020;1230;12;Staffanstorp;Skåne;2018_v2;626;Staffanstorp;1230A0020;LUND_VM;843;300;116;184;256;571;18;Pendlingskommun nära storstad;29;4;15630.62497;9801977.613;8773;11.27844783;28;No
145;{1F9A358E-FB0E-4DE3-A97B-DB7DB1A6BFAB};1265A0040;1265;12;Sjöbo;Skåne;2018_v2;615;Sjöbo;1265A0040;TOMELILLA;1341;775;668;107;1204;61;46;Pendlingskommun nära större stad;25;3;39170.35081;54972212.94;1547;37.51801242;26;No
146;{8BBCB262-5CEE-4E4C-B109-7E5367F990E3};1287C1090;1287;12;Trelleborg;Skåne;2018_v2;601;Trelleborg;1287C1090;TRELLEBO_N;1953;958;902;56;1705;195;57;Pendlingskommun nära storstad;29;4;14778.17651;7125697.877;14724;11.55347615;34;Medium
147;{0646C04F-E95C-44EC-A290-1B1BFC9A45C3};1280C2270;1280;12;Malmö;Skåne;2018_v2;361;Malmö;1280C2270;FÅGELBACKE;1703;452;0;452;0;1684;27;Storstäder;22;5;1729.190395;100200.7412;0;0;0;Large
148;{E4230471-ECE6-4087-B255-907877767838};1287C1110;1287;12;Trelleborg;Skåne;2018_v2;602;Trelleborg;1287C1110;TRELLEBO_N;1452;695;511;184;953;451;41;Pendlingskommun nära storstad;29;4;10334.4207;3279945.311;1523;1.269512532;3;Medium
149;{E6AC9EAB-980E-40CE-A5BC-789D23BDC791};1287C1150;1287;12;Trelleborg;Skåne;2018_v2;603;Trelleborg;1287C1150;TRELLEBO_N;1233;550;156;394;294;890;33;Pendlingskommun nära storstad;29;4;4141.813856;321693.1646;4909;0.485717651;6;Medium
150;{7B292052-9564-40A0-A4E3-B7A1276E5CB8};1280C1210;1280;12;Malmö;Skåne;2018_v2;362;Malmö;1280C1210;HERMODSDAL;2097;526;0;526;0;2072;31;Storstäder;22;5;2176.178315;180909.0474;0;0;0;Large
151;{814CAA1B-5C82-4354-BEEC-1A272776115E};1280C1240;1280;12;Malmö;Skåne;2018_v2;363;Malmö;1280C1240;HERMODSDAL;2112;437;0;437;0;1847;26;Storstäder;22;5;1247.60837;96889.34977;0;0;0;Large
152;{6C1C30FE-9E05-4200-A9E4-86E263D60B2B};1291A0020;1291;12;Simrishamn;Skåne;2018_v2;638;Simrishamn;1291A0020;HERRESTA;823;526;471;55;795;8;31;Landsbygdskommun med besöksnäring;28;9;55452.67086;48862177.23;3899;47.54312129;35;No
153;{A41B525B-3327-46F8-A1E1-62D9A039F110};1284C1010;1284;12;Höganäs;Skåne;2018_v2;79;Höganäs;1284C1010;HÖGANÄS;1274;663;490;173;958;85;39;Pendlingskommun nära större stad;25;3;7726.768028;2574671.399;5076;2.458703549;15;No
154;{F4E46440-C153-431A-849B-7869CD7420E1};1263C1040;1263;12;Svedala;Skåne;2018_v2;653;Svedala;1263C1040;SVEDALA;2210;964;746;218;1598;584;57;Pendlingskommun nära storstad;29;4;3368.207727;623652.5457;4788;0.132043963;4;No
155;{F46ADFB8-5F99-4957-BA20-9AEC26E9FB49};1287C1140;1287;12;Trelleborg;Skåne;2018_v2;604;Trelleborg;1287C1140;TRELLEBO_N;1110;476;342;134;762;332;28;Pendlingskommun nära storstad;29;4;7416.645188;1051495.045;0;0;0;Medium
156;{4E9168CA-5B66-4EC7-B132-70CFB76170BB};1285C1060;1285;12;Eslöv;Skåne;2018_v2;665;Eslöv;1285C1060;ESLÖV;2101;934;516;418;1102;856;56;Pendlingskommun nära större stad;25;3;3985.825085;854773.4932;0;0;0;Medium
157;{30B71442-983D-45D8-8C42-E5EAA3722A7A};1283C1460;1283;12;Helsingborg;Skåne;2018_v2;102;Helsingborg;1283C1460;OLYMPIA;1889;577;0;577;0;1872;34;Större stad;21;2;1307.501325;86694.8941;0;0;0;Large
158;{02CFF83C-F8D8-4E89-B0A5-7D40E0AA2B4B};1283C1440;1283;12;Helsingborg;Skåne;2018_v2;103;Helsingborg;1283C1440;OLYMPIA;1790;652;110;542;259;1510;39;Större stad;21;2;2012.849825;176679.5685;0;0;0;Large
159;{932E6D03-1758-4129-8119-087F72DB965F};1280C2730;1280;12;Malmö;Skåne;2018_v2;364;Malmö;1280C2730;CTA;1525;314;0;314;0;1450;18;Storstäder;22;5;1352.434703;88110.50836;0;0;0;Large
160;{E4EBB601-EE97-4B84-82F8-A5926C5DACA1};1287C1160;1287;12;Trelleborg;Skåne;2018_v2;605;Trelleborg;1287C1160;TRELLEBO_N;2030;994;797;197;1599;293;59;Pendlingskommun nära storstad;29;4;7836.486196;1301524.008;0;0;0;Medium
161;{1984EEA8-6A68-4F0E-B1D1-1DA0BC539C51};1287C1170;1287;12;Trelleborg;Skåne;2018_v2;606;Trelleborg;1287C1170;TRELLEBO_N;2279;1091;894;197;1751;521;65;Pendlingskommun nära storstad;29;4;8818.873934;2012145.473;6262;2.697205808;23;Medium
162;{23D5A32C-ADA7-4CF2-9E06-D495C41BFEE6};1287C1180;1287;12;Trelleborg;Skåne;2018_v2;607;Trelleborg;1287C1180;TRELLEBO_N;2135;1038;699;339;1209;740;62;Pendlingskommun nära storstad;29;4;16506.72853;7411358.918;1666;4.48662013;6;Medium
163;{DD9DF837-E55C-43F4-A1EE-566E15BBB14F};1287C1190;1287;12;Trelleborg;Skåne;2018_v2;608;Trelleborg;1287C1190;TRELLEBO_N;1593;758;699;59;1229;164;45;Pendlingskommun nära storstad;29;4;7654.890965;3760571.269;7660;8.822533165;20;No
164;{F0F4AD5C-DD92-4805-A86B-5F123CAD0964};1233B3020;1233;12;Vellinge;Skåne;2018_v2;529;Vellinge;1233B3020;SKANÖR;1668;871;749;122;1457;126;52;Pendlingskommun nära storstad;29;4;13040.82621;5987937.174;0;0;0;Medium
165;{B0F44742-BAF9-4068-8E00-19B6AE9C36A4};1280C1090;1280;12;Malmö;Skåne;2018_v2;365;Malmö;1280C1090;BUNKEFLO;2444;983;1014;-31;2249;150;58;Storstäder;22;5;11415.97741;5499854.75;0;0;0;Large
166;{A403DF22-30A7-4115-B13B-4676E6215553};1233B2040;1233;12;Vellinge;Skåne;2018_v2;530;Vellinge;1233B2040;FOTEVIK;2265;1032;1094;-62;2206;0;61;Pendlingskommun nära storstad;29;4;13070.49236;5599881.428;1315;7.350563696;8;Medium
167;{25C8A7A0-2437-4766-AAF3-9FAD8EC26732};1286C1020;1286;12;Ystad;Skåne;2018_v2;548;Ystad;1286C1020;RYDSGÅRD;1779;747;206;541;452;1287;44;Mindre stad/tätort;22;3;4771.390817;792451.9768;0;0;0;Medium
168;{ED447BC9-FE14-4B4F-83F1-7D92D5242B42};1286C1010;1286;12;Ystad;Skåne;2018_v2;549;Ystad;1286C1010;RYDSGÅRD;1898;691;107;584;253;1456;41;Mindre stad/tätort;22;3;4852.478057;817606.4593;0;0;0;Medium
169;{E310830E-ED38-4DC9-B7E5-CBFBB526D80E};1286C1030;1286;12;Ystad;Skåne;2018_v2;550;Ystad;1286C1030;RYDSGÅRD;1678;769;317;452;667;984;46;Mindre stad/tätort;22;3;3576.531243;448512.9849;0;0;0;Medium
170;{DFC055B9-92A0-4630-9C9A-7534498A1D35};1233B2020;1233;12;Vellinge;Skåne;2018_v2;531;Vellinge;1233B2020;SKANÖR;1514;917;821;96;1296;149;55;Pendlingskommun nära storstad;29;4;14420.64756;9122021.471;4079;1.650950948;2;Medium
171;{034DBFB5-18C1-4C86-80D2-C25DBA239B20};1286C1040;1286;12;Ystad;Skåne;2018_v2;551;Ystad;1286C1040;RYDSGÅRD;3376;1605;974;631;1890;1366;96;Mindre stad/tätort;22;3;8220.57515;3351559.751;4649;1.700464653;4;Medium
172;{F49E0854-17A7-48E0-8C6A-9040CD86B4EC};1286C1050;1286;12;Ystad;Skåne;2018_v2;552;Ystad;1286C1050;RYDSGÅRD;1505;647;418;229;938;552;38;Mindre stad/tätort;22;3;3416.536928;539237.234;0;0;0;Medium
173;{C2634617-3237-4177-8396-EE81FFCBCAE5};1233B2070;1233;12;Vellinge;Skåne;2018_v2;532;Vellinge;1233B2070;FOTEVIK;2511;1286;1015;271;1835;569;77;Pendlingskommun nära storstad;29;4;9156.521516;1452694.097;7469;1.265077834;7;Medium
174;{A0A25C70-468A-4A49-899C-F968F96E75F3};1233B2030;1233;12;Vellinge;Skåne;2018_v2;533;Vellinge;1233B2030;FOTEVIK;1287;656;664;-8;1272;0;39;Pendlingskommun nära storstad;29;4;12903.51794;4402538.694;3766;0.78763883;1;Medium
175;{D8CC0B47-F131-4CFB-8B91-C8DA3248284C};1287A0010;1287;12;Trelleborg;Skåne;2018_v2;609;Trelleborg;1287A0010;TRELLEBO_N;1534;1093;1044;49;1476;3;65;Pendlingskommun nära storstad;29;4;48222.02499;72401592.52;3100;86.81116053;75;No
176;{F2B396EF-61FE-4BD9-B923-F8D5AE40A7F2};1264B3010;1264;12;Skurup;Skåne;2018_v2;685;Skurup;1264B3010;RYDSGÅRD;1466;804;681;123;1243;170;48;Pendlingskommun nära storstad;29;4;10892.53022;8144555.269;3210;10.62165277;15;No
177;{96FEB385-AC8E-447F-A316-E7C4BF7D7309};1280C1140;1280;12;Malmö;Skåne;2018_v2;366;Malmö;1280C1140;BUNKEFLO;1453;629;651;-22;1445;0;37;Storstäder;22;5;5657.607542;1635587.113;0;0;0;Large
178;{7F747956-1308-4C4C-AB38-1BB490918FB9};1264A0010;1264;12;Skurup;Skåne;2018_v2;686;Skurup;1264A0010;RYDSGÅRD;1231;715;650;65;1193;14;42;Pendlingskommun nära storstad;29;4;23229.77755;20943546.39;3441;23.04748907;27;No
179;{77B0FF9B-D849-4222-9516-AFC158D5EB0E};1280C2030;1280;12;Malmö;Skåne;2018_v2;367;Malmö;1280C2030;FÅGELBACKE;1310;334;0;334;0;1303;20;Storstäder;22;5;1467.364636;121744.1447;0;0;0;Large
180;{AABD02E3-760B-4F9D-8DEE-4C40594B7B95};1280C2060;1280;12;Malmö;Skåne;2018_v2;368;Malmö;1280C2060;MÖLLEVÅNGE;1468;309;0;309;0;1437;18;Storstäder;22;5;1227.723384;78030.38884;0;0;0;Large
181;{77D17C97-F312-44D5-9E6B-E3703A37E504};1287B3010;1287;12;Trelleborg;Skåne;2018_v2;610;Trelleborg;1287B3010;KLAGSTOR;2146;1078;860;218;1616;361;64;Pendlingskommun nära storstad;29;4;9650.141746;6658788.852;3050;8.535656073;11;No
182;{B26EE785-09C7-470B-88D6-5051A955DF17};1280C2490;1280;12;Malmö;Skåne;2018_v2;369;Malmö;1280C2490;FÅGELBACKE;1667;481;0;481;0;1618;28;Storstäder;22;5;1631.968468;165704.1781;0;0;0;Large
183;{896885BC-3E7D-4BCE-910E-8953081DCF97};1280C2520;1280;12;Malmö;Skåne;2018_v2;370;Malmö;1280C2520;FÅGELBACKE;1977;488;0;488;0;1909;29;Storstäder;22;5;1327.420034;81664.98866;0;0;0;Large
184;{43E8E56B-274D-42C9-A0FF-A8BBBE2D3398};1286C1080;1286;12;Ystad;Skåne;2018_v2;553;Ystad;1286C1080;TOMELILLA;2514;1008;307;701;674;1708;60;Mindre stad/tätort;22;3;18623.28764;11177833.66;11669;7.362159713;22;Medium
185;{5190133E-A020-402C-97C2-A71DD12FB3D0};1280C2410;1280;12;Malmö;Skåne;2018_v2;371;Malmö;1280C2410;FÅGELBACKE;1520;475;8;467;22;1399;28;Storstäder;22;5;2192.906117;201964.1278;0;0;0;Large
186;{E3EA83F5-14F9-4930-A33C-3A2706F43C9B};1280C2330;1280;12;Malmö;Skåne;2018_v2;372;Malmö;1280C2330;LIMHAMN;1304;545;493;52;1160;118;32;Storstäder;22;5;3199.575309;439884.1488;0;0;0;Large
187;{2520C4D6-5E0B-4372-AA93-C6688DB339A9};1280C2450;1280;12;Malmö;Skåne;2018_v2;373;Malmö;1280C2450;FÅGELBACKE;1551;411;0;411;0;1540;24;Storstäder;22;5;1072.078074;68051.01039;0;0;0;Large
188;{9071AA8C-EC40-4C1A-AA8D-A11B22D3A18C};1286C1100;1286;12;Ystad;Skåne;2018_v2;554;Ystad;1286C1100;RYDSGÅRD;884;447;471;-24;835;0;26;Mindre stad/tätort;22;3;8622.944708;3863722.613;7845;6.863552206;38;Medium
189;{89B10EE2-DA9E-4BBF-A0AC-5FF5E250BDA2};1233B3040;1233;12;Vellinge;Skåne;2018_v2;534;Vellinge;1233B3040;SKANÖR;2465;1183;1025;158;2120;142;70;Pendlingskommun nära storstad;29;4;21958.93259;19605775.78;6157;2.14530835;3;Medium
190;{72100B89-911C-4067-8E87-CCBB10E86E22};1286B2020;1286;12;Ystad;Skåne;2018_v2;555;Ystad;1286B2020;TOMELILLA;1261;647;580;67;1080;50;38;Mindre stad/tätort;22;3;6543.399688;1316240.035;17;0.143261217;1;No
191;{25B34CA6-78F5-49B6-AFF3-60ECAF209B17};1280C2400;1280;12;Malmö;Skåne;2018_v2;374;Malmö;1280C2400;MÖLLEVÅNGE;1725;313;3;310;10;1481;18;Storstäder;22;5;1664.786361;110516.6338;0;0;0;Large
192;{B301EB68-5D90-4F64-B785-B230A6301E30};1280C2460;1280;12;Malmö;Skåne;2018_v2;375;Malmö;1280C2460;FÅGELBACKE;1719;412;0;412;0;1654;24;Storstäder;22;5;1473.486522;69143.01723;0;0;0;Large
193;{6B75ED30-925A-48A7-B208-61EF4E27093F};1280C2480;1280;12;Malmö;Skåne;2018_v2;376;Malmö;1280C2480;FÅGELBACKE;1379;293;0;293;0;866;17;Storstäder;22;5;1235.280083;92793.5123;0;0;0;Large
194;{848B69D4-B525-4E53-BF0C-E6B87CD403B5};1280C2470;1280;12;Malmö;Skåne;2018_v2;377;Malmö;1280C2470;MÖLLEVÅNGE;1777;355;0;355;0;1713;21;Storstäder;22;5;1126.090293;73096.2575;0;0;0;Large
195;{71B35BC1-F2B2-4326-8FD5-D8542DF76D75};1280C2510;1280;12;Malmö;Skåne;2018_v2;378;Malmö;1280C2510;MÖLLEVÅNGE;1612;360;0;360;0;1481;21;Storstäder;22;5;1050.120511;64731.69166;0;0;0;Large
196;{A7817190-343F-46D0-B429-81D9865802C1};1280C2440;1280;12;Malmö;Skåne;2018_v2;379;Malmö;1280C2440;MALMÖ_SJ;1496;479;219;260;577;836;28;Storstäder;22;5;2067.996048;255248.7762;0;0;0;Large
197;{E3FA9613-32F2-440A-A475-B0888A5E99DE};1291B5010;1291;12;Simrishamn;Skåne;2018_v2;639;Simrishamn;1291B5010;BORRBY;901;503;340;163;643;214;30;Landsbygdskommun med besöksnäring;28;9;8742.490591;5272647.039;2576;7.031918371;9;No
198;{8C19A9CC-5D2D-4C30-8CDA-9EEFFF4873E9};1286B2010;1286;12;Ystad;Skåne;2018_v2;556;Ystad;1286B2010;TOMELILLA;1682;934;732;202;1227;0;56;Mindre stad/tätort;22;3;22734.8573;10608766.96;5583;12.15555944;12;No
199;{569071B5-3795-473F-A171-96EEE29CE446};1287A0030;1287;12;Trelleborg;Skåne;2018_v2;611;Trelleborg;1287A0030;TRELLEBO_N;1271;833;796;37;1207;20;49;Pendlingskommun nära storstad;29;4;52460.66408;47404768.98;4908;54.37360742;49;No
200;{42AC775C-FEDB-4AB2-B281-287D15B84ECC};1280C1160;1280;12;Malmö;Skåne;2018_v2;380;Malmö;1280C1160;BUNKEFLO;2146;673;272;401;603;1498;40;Storstäder;22;5;4809.553839;1095606.959;0;0;0;Large
201;{8BC78E1B-B726-4EF4-AE47-15A9CE2F343D};1233B2080;1233;12;Vellinge;Skåne;2018_v2;535;Vellinge;1233B2080;FOTEVIK;1904;918;801;117;1637;184;55;Pendlingskommun nära storstad;29;4;20628.80884;11363016.78;7337;8.094519522;15;Medium
202;{785832F8-87CC-4C80-BF36-3E2119CEC90E};1280C2610;1280;12;Malmö;Skåne;2018_v2;381;Malmö;1280C2610;ÖTA;4072;760;11;749;41;3855;45;Storstäder;22;5;2868.513335;378733.3912;0;0;0;Large
203;{35905E14-18BA-4D83-A9F7-2133DF8BF730};1280C2670;1280;12;Malmö;Skåne;2018_v2;382;Malmö;1280C2670;CTA;1887;390;0;390;0;1752;23;Storstäder;22;5;2288.291825;205676.4451;0;0;0;Large
204;{81BF9FEF-9B4A-4C6F-BB89-D64755311B72};1286A0020;1286;12;Ystad;Skåne;2018_v2;557;Ystad;1286A0020;BORRBY;1300;817;698;119;1195;47;49;Mindre stad/tätort;22;3;37256.55044;61194564.4;4200;46.79349615;26;No
205;{43969111-4F98-4C5D-B2FD-4FD792C63A0E};1286A0010;1286;12;Ystad;Skåne;2018_v2;558;Ystad;1286A0010;BORRBY;1169;721;574;147;1004;95;43;Mindre stad/tätort;22;3;39024.56194;59240738.05;1721;48.88836075;33;No
206;{04D8B73B-5E8A-4F98-9303-7267EE925DEA};1280C2810;1280;12;Malmö;Skåne;2018_v2;383;Malmö;1280C2810;ÖTA;1979;419;0;419;0;1692;25;Storstäder;22;5;1440.098444;107356.6284;0;0;0;Large
207;{D8317EC8-81D4-4E6C-85C6-C9EACB1B2196};1264C1010;1264;12;Skurup;Skåne;2018_v2;687;Skurup;1264C1010;STJÄRNEHOL;2413;1007;516;491;1179;911;60;Pendlingskommun nära storstad;29;4;9944.387008;4403485.05;1183;3.949710618;5;No
208;{B70A8B21-81D3-49EE-AF8A-EC8C4A83F1BB};1286A0030;1286;12;Ystad;Skåne;2018_v2;559;Ystad;1286A0030;RYDSGÅRD;1793;916;837;79;1577;16;54;Mindre stad/tätort;22;3;36637.16519;42411779.4;4735;55.13733125;61;No
209;{E08302D7-CF6A-48A6-81F5-D0B94CD92E6A};1264A0020;1264;12;Skurup;Skåne;2018_v2;688;Skurup;1264A0020;STJÄRNEHOL;1076;735;695;40;1067;0;44;Pendlingskommun nära storstad;29;4;44267.15091;47146069.21;2127;58.48409265;52;No
210;{42F7A677-0FDF-4AEA-AC82-968EC36ACE3A};1280C2830;1280;12;Malmö;Skåne;2018_v2;384;Malmö;1280C2830;SEGE;1456;420;41;379;126;1325;25;Storstäder;22;5;2683.178945;325834.0519;0;0;0;Large
211;{75208C7D-ACF7-4EC7-8A43-776EE9032C0D};1280C2740;1280;12;Malmö;Skåne;2018_v2;385;Malmö;1280C2740;SEGE;1673;672;633;39;1400;229;40;Storstäder;22;5;7456.442181;2139670.338;0;0;0;Large
212;{2B1F70B4-3732-4C43-BE41-DEFF1E22D4BB};1233C1010;1233;12;Vellinge;Skåne;2018_v2;536;Vellinge;1233C1010;VELLINGE;1347;640;626;14;1253;26;38;Pendlingskommun nära storstad;29;4;8736.83292;2629219.898;8215;1.84872359;8;No
213;{A173C502-FBCC-4D95-AE89-AF37AE6835A5};1233C1030;1233;12;Vellinge;Skåne;2018_v2;537;Vellinge;1233C1030;VELLINGE;2337;1051;496;555;937;1166;63;Pendlingskommun nära storstad;29;4;4711.748517;758263.7124;0;0;0;No
214;{651E9735-A705-49F2-8ED9-F049C28056F0};1231C1010;1231;12;Burlöv;Skåne;2018_v2;695;Burlöv;1231C1010;SEGE;1605;640;0;640;0;1564;38;Pendlingskommun nära storstad;29;4;1752.895592;166256.2503;3382;0.272637813;1;No
215;{4008C9DE-3A69-48C5-9954-3202D172ADBF};1231C1030;1231;12;Burlöv;Skåne;2018_v2;696;Burlöv;1231C1030;SEGE;1514;527;0;527;0;1496;31;Pendlingskommun nära storstad;29;4;2074.103644;170242.6542;7733;1.130124686;3;No
216;{6F5BC847-3B8B-4833-948F-72E611CB6129};1281A0010;1281;12;Lund;Skåne;2018_v2;267;Lund;1281A0010;ÖNNESLÖV;841;573;528;45;832;0;34;Större stad;21;2;75150.09675;92676167.74;1261;69.94214156;45;No
217;{BABCE56D-290C-4B05-8F45-1336B210AFCD};1233C1020;1233;12;Vellinge;Skåne;2018_v2;538;Vellinge;1233C1020;VELLINGE;1676;786;480;306;954;522;47;Pendlingskommun nära storstad;29;4;8181.883105;2888449.854;16993;10.98093131;19;No
218;{A2EF82C4-DE10-4FBA-9E80-ED7783750645};1286C1110;1286;12;Ystad;Skåne;2018_v2;560;Ystad;1286C1110;TOMELILLA;1905;942;787;155;1576;292;56;Mindre stad/tätort;22;3;18499.70029;10668634.9;7766;18.58194367;39;Medium
219;{72E9324F-84B4-439C-B0E9-1EFCC115EFC4};1264C1040;1264;12;Skurup;Skåne;2018_v2;689;Skurup;1264C1040;STJÄRNEHOL;2607;1208;1046;162;2220;356;72;Pendlingskommun nära storstad;29;4;9376.988263;3426305.151;6950;7.611263881;18;No
220;{FB080828-DE3B-4AD2-AFF8-35D37B9F1746};1286A0040;1286;12;Ystad;Skåne;2018_v2;561;Ystad;1286A0040;TOMELILLA;1082;680;649;31;964;0;40;Mindre stad/tätort;22;3;74904.87027;53759510.17;4364;45.96823312;50;No
221;{E6E22108-327F-4759-9C1A-CF6066E58848};1291B4010;1291;12;Simrishamn;Skåne;2018_v2;640;Simrishamn;1291B4010;BORRBY;974;571;426;145;839;57;34;Landsbygdskommun med besöksnäring;28;9;14674.31996;10606057.13;1946;13.35960851;20;No
222;{DDA4AE37-6808-4337-8429-82984CD83594};1264C1020;1264;12;Skurup;Skåne;2018_v2;690;Skurup;1264C1020;STJÄRNEHOL;2089;964;882;82;1839;186;57;Pendlingskommun nära storstad;29;4;9185.778934;2923877.498;2127;2.754801226;5;No
223;{937CDC30-D2CC-4524-AE9E-D5CEABFCDBF5};1280C1680;1280;12;Malmö;Skåne;2018_v2;386;Malmö;1280C1680;HELENE;2039;406;2;404;6;1975;24;Storstäder;22;5;2871.43731;443715.3921;0;0;0;Large
224;{1BA54E5B-7CF7-4A48-B9FF-696C8BCBBAD7};1280C1790;1280;12;Malmö;Skåne;2018_v2;387;Malmö;1280C1790;LIMHAMN;1622;526;46;480;120;1442;31;Storstäder;22;5;1665.894521;126318.9016;0;0;0;Large
225;{9B63763E-893E-4045-A376-BFD13AB83A53};1292B3020;1292;12;Ängelholm;Skåne;2018_v2;29;Ängelholm;1292B3020;GREVIE;941;570;540;30;912;0;34;Pendlingskommun nära större stad;25;3;14177.03153;11318671.75;4961;16.11958699;18;No
226;{01391663-51FA-446C-860D-D166AD960819};1292A0030;1292;12;Ängelholm;Skåne;2018_v2;30;Ängelholm;1292A0030;LÄRKERÖD;2341;1515;1406;109;2282;21;90;Pendlingskommun nära större stad;25;3;75983.08729;164885951.7;4451;72.99860678;41;No
227;{D7AF1982-358A-4ED9-AC41-0BD44D1D80A5};1233B4010;1233;12;Vellinge;Skåne;2018_v2;539;Vellinge;1233B4010;SVEDALA;1027;537;507;30;881;0;32;Pendlingskommun nära storstad;29;4;12930.76713;4332280.49;2780;5.510931885;8;No
228;{FE3314A1-0534-4937-A48D-B82ED4A2AB60};1287A0040;1287;12;Trelleborg;Skåne;2018_v2;612;Trelleborg;1287A0040;TRELLEBO_N;1482;977;917;60;1409;10;58;Pendlingskommun nära storstad;29;4;37547.58573;46851883.51;6930;52.99462137;60;No
229;{FD962792-D71B-4CCE-B526-57C3629ADB4C};1280C1960;1280;12;Malmö;Skåne;2018_v2;388;Malmö;1280C1960;GULLÄNGEN;1488;347;0;347;0;1466;20;Storstäder;22;5;2902.138927;495050.3463;0;0;0;Large
230;{DD904CD0-73E9-4026-833F-F1BF2C8C5899};1263B2020;1263;12;Svedala;Skåne;2018_v2;654;Svedala;1263B2020;VINNEBERG;2904;1334;1142;192;2041;459;80;Pendlingskommun nära storstad;29;4;13651.08946;6547165.313;6582;7.435508885;23;No
231;{E5F531E9-C98E-45F5-93F5-453528E83E12};1280C2100;1280;12;Malmö;Skåne;2018_v2;389;Malmö;1280C2100;MÖLLEVÅNGE;1574;219;2;217;10;1343;13;Storstäder;22;5;907.6604319;51546.92285;0;0;0;Large
232;{C6570C4A-D2D0-4CF9-8601-34E1ADD68299};1280C2020;1280;12;Malmö;Skåne;2018_v2;390;Malmö;1280C2020;ELLENBORG;2149;300;0;300;0;1000;18;Storstäder;22;5;1819.563386;202644.1639;0;0;0;Large
233;{A3A15EF7-7E36-4C80-B226-2C650CF6902F};1280C2090;1280;12;Malmö;Skåne;2018_v2;391;Malmö;1280C2090;MÖLLEVÅNGE;1720;270;0;270;0;1679;16;Storstäder;22;5;1014.850905;60225.16242;0;0;0;Large
234;{3E0D8653-5B8E-40A4-BCF8-F597226ABE84};1264B2010;1264;12;Skurup;Skåne;2018_v2;691;Skurup;1264B2010;RYDSGÅRD;1626;862;722;140;1382;187;51;Pendlingskommun nära storstad;29;4;11785.81308;8127941.356;6490;15.98785693;22;No
235;{8EB3733D-271D-4A54-A82B-75A9B3AB0151};1233C1040;1233;12;Vellinge;Skåne;2018_v2;540;Vellinge;1233C1040;VELLINGE;2102;1073;1045;28;1853;119;64;Pendlingskommun nära storstad;29;4;11412.39497;4127514.025;14634;10.70587743;21;No
236;{48D84175-4090-488D-B695-9CDC37818342};1280C2420;1280;12;Malmö;Skåne;2018_v2;392;Malmö;1280C2420;FÅGELBACKE;1469;382;0;382;0;1328;22;Storstäder;22;5;1216.74602;73615.98811;0;0;0;Large
237;{6ED1FC21-BEE3-4BDE-9281-6F5524D4A3F1};1280C2380;1280;12;Malmö;Skåne;2018_v2;393;Malmö;1280C2380;MÖLLEVÅNGE;1860;385;6;379;22;1791;23;Storstäder;22;5;1666.50795;130700.7237;0;0;0;Large
238;{7101DB26-E727-488F-977C-88857C7B1572};1280C2430;1280;12;Malmö;Skåne;2018_v2;394;Malmö;1280C2430;FÅGELBACKE;1387;352;0;352;0;1353;21;Storstäder;22;5;1412.544352;57267.46452;0;0;0;Large
239;{722342C9-8DE8-409F-9A2A-137619DBAFDF};1280C2390;1280;12;Malmö;Skåne;2018_v2;395;Malmö;1280C2390;MÖLLEVÅNGE;1594;301;0;301;0;1441;18;Storstäder;22;5;1276.474636;83200.62153;0;0;0;Large
240;{2ABD7276-DBB6-4C38-853B-4197DD481EED};1280C2320;1280;12;Malmö;Skåne;2018_v2;396;Malmö;1280C2320;LIMHAMN;1486;626;69;557;119;1356;37;Storstäder;22;5;2724.034086;396866.2803;0;0;0;Large
241;{7420898A-0881-45C1-85EB-F893C72875E1};1291B3010;1291;12;Simrishamn;Skåne;2018_v2;641;Simrishamn;1291B3010;HERRESTA;990;560;423;137;786;158;33;Landsbygdskommun med besöksnäring;28;9;10437.59576;6778836.949;4569;8.711133457;9;No
242;{346BD01A-6FB5-4490-B64A-CEC78CA28A41};1263C1010;1263;12;Svedala;Skåne;2018_v2;655;Svedala;1263C1010;SVEDALA;2294;951;642;309;1166;398;57;Pendlingskommun nära storstad;29;4;8608.579287;3520444.204;6010;2.119635067;3;No
243;{5E417584-5AC7-4EAD-A8D1-6BF709DC2724};1287A0050;1287;12;Trelleborg;Skåne;2018_v2;613;Trelleborg;1287A0050;STJÄRNEHOL;1328;841;816;25;1285;21;50;Pendlingskommun nära storstad;29;4;66693.53748;71269054.15;2702;56.42084262;51;No
244;{12A838C8-DD17-4B9A-8C7A-52FE213B2FF0};1233C1050;1233;12;Vellinge;Skåne;2018_v2;541;Vellinge;1233C1050;VELLINGE;1763;867;573;294;931;510;52;Pendlingskommun nära storstad;29;4;8475.898264;3852335.756;8379;8.006458324;16;No
245;{B13C0D4D-FD7D-457C-A4C3-54F5297F8F30};1233A0010;1233;12;Vellinge;Skåne;2018_v2;542;Vellinge;1233A0010;FOTEVIK;1687;988;1008;-20;1626;3;59;Pendlingskommun nära storstad;29;4;54312.25611;51975787.03;9272;46.47075343;66;No
246;{8BDEE4F0-758E-47E5-9644-15C3263F0688};1281C1160;1281;12;Lund;Skåne;2018_v2;268;Lund;1281C1160;LUND_ÖM;1658;632;453;179;1058;592;37;Större stad;21;2;4998.654814;1092499.269;748;0.233719724;1;Large
247;{447CAE82-E034-4F38-B6CB-8A8599C6E0CE};1281C1200;1281;12;Lund;Skåne;2018_v2;269;Lund;1281C1200;LUND_SM;1290;385;178;207;555;554;23;Större stad;21;2;3381.738951;461495.3699;4348;0.228785704;1;Large
248;{0DA5BD9B-7976-4A9E-A836-F2D6ED6C333B};1281C1240;1281;12;Lund;Skåne;2018_v2;270;Lund;1281C1240;LUND_VM;1255;327;141;186;499;693;19;Större stad;21;2;2185.591881;268256.3452;0;0;0;Large
249;{C002B30F-5615-452D-B069-D7EE53322490};1281C1220;1281;12;Lund;Skåne;2018_v2;271;Lund;1281C1220;LUND_VM;1621;479;69;410;201;1358;28;Större stad;21;2;3168.488558;270637.3167;0;0;0;Large
250;{654005F5-4834-475E-8F51-699B21FF42FC};1263C1020;1263;12;Svedala;Skåne;2018_v2;656;Svedala;1263C1020;SVEDALA;2049;878;231;647;469;1332;52;Pendlingskommun nära storstad;29;4;5556.10471;953438.669;434;0.15779238;2;No
251;{5AAE3D9E-6DEB-44C5-9E31-219AC9B48EAC};1283C1180;1283;12;Helsingborg;Skåne;2018_v2;104;Helsingborg;1283C1180;RAUS_GÅRD;1574;766;758;8;1501;22;45;Större stad;21;2;3833.159725;626764.2785;0;0;0;Large
252;{8220A2BA-4A89-40AE-817C-A8CBE7469132};1264C1030;1264;12;Skurup;Skåne;2018_v2;692;Skurup;1264C1030;STJÄRNEHOL;2200;931;688;243;1401;650;55;Pendlingskommun nära storstad;29;4;15665.72218;7266139.496;6000;11.80472252;23;No
253;{CA4A0190-BA95-47AD-AFF8-8519A5FA5013};1263C1050;1263;12;Svedala;Skåne;2018_v2;657;Svedala;1263C1050;SVEDALA;2045;991;685;306;1353;681;59;Pendlingskommun nära storstad;29;4;4945.90148;803477.4701;0;0;0;No
254;{6D764F30-1365-4A85-8DBE-984C1272BDB1};1233A0020;1233;12;Vellinge;Skåne;2018_v2;543;Vellinge;1233A0020;VELLINGE;905;555;565;-10;867;11;33;Pendlingskommun nära storstad;29;4;30637.50549;26224384.7;2293;32.39943612;39;No
255;{85A1A80D-9CD5-48BF-A44F-E9AA4E6BC253};1233B4020;1233;12;Vellinge;Skåne;2018_v2;544;Vellinge;1233B4020;OXIE;1602;861;775;86;1391;29;51;Pendlingskommun nära storstad;29;4;26753.35708;16120275.34;3211;17.87363498;22;No
256;{4BFBCBA7-0839-4AB1-B399-81FB3E375DCD};1286A0050;1286;12;Ystad;Skåne;2018_v2;562;Ystad;1286A0050;RYDSGÅRD;1010;636;606;30;991;0;38;Mindre stad/tätort;22;3;56319.5598;34719662.21;6000;50.33747628;61;No
257;{1F8DFB7A-993C-4F93-94EE-C5C588D24260};1280C1010;1280;12;Malmö;Skåne;2018_v2;397;Malmö;1280C1010;VELLINGE;2074;933;931;2;1989;27;55;Storstäder;22;5;4376.860435;998994.4715;4511;1.90189707;3;No
258;{B072BDCA-B71E-4F62-9BE0-2E2F5F75EB13};1280C1230;1280;12;Malmö;Skåne;2018_v2;398;Malmö;1280C1230;HERMODSDAL;1819;612;138;474;272;1531;36;Storstäder;22;5;1947.263949;163773.1569;0;0;0;Large
259;{67828A2F-8B67-457E-AEEC-BD17534CA986};1263C1030;1263;12;Svedala;Skåne;2018_v2;658;Svedala;1263C1030;SVEDALA;1326;663;647;16;1249;0;39;Pendlingskommun nära storstad;29;4;13226.45516;6398207.693;6125;8.50828106;17;No
260;{D5A950A8-D2C5-444C-A5AD-623A20A2A15F};1270C1010;1270;12;Tomelilla;Skåne;2018_v2;705;Tomelilla;1270C1010;TOMELILLA;2357;1240;861;379;1610;672;74;Pendlingskommun nära mindre tätort;33;5;7231.95343;2024465.844;1108;0.686143961;2;No
261;{B4095D76-77F4-431F-9786-AC4B115414E4};1264A0030;1264;12;Skurup;Skåne;2018_v2;693;Skurup;1264A0030;RYDSGÅRD;906;593;567;26;894;0;35;Pendlingskommun nära storstad;29;4;67876.49155;51275062.34;3589;54.78043561;52;No
262;{1B535712-4121-4B02-BF9B-481E98BB016A};1283C1390;1283;12;Helsingborg;Skåne;2018_v2;105;Helsingborg;1283C1390;OLYMPIA;1682;617;43;574;98;1257;37;Större stad;21;2;2852.899677;334059.7288;0;0;0;Large
263;{6FEFFFDE-F0D7-4B4B-80B2-2DDEDBA1CDBC};1283C1380;1283;12;Helsingborg;Skåne;2018_v2;106;Helsingborg;1283C1380;OLYMPIA;2008;644;18;626;44;1748;38;Större stad;21;2;3047.066246;370088.2437;0;0;0;Large
264;{AEE2F6F4-A99B-4E79-A7FB-21D98D3EC8AB};1280C1020;1280;12;Malmö;Skåne;2018_v2;399;Malmö;1280C1020;LILLGRUND;1431;601;643;-42;1342;28;36;Storstäder;22;5;18235.66076;12104860.31;618;2.898885888;2;No
265;{E8A5FED0-C78C-42EA-9EB5-1F8E970DF7BD};1263C1060;1263;12;Svedala;Skåne;2018_v2;659;Svedala;1263C1060;SVEDALA;1358;715;685;30;1249;0;42;Pendlingskommun nära storstad;29;4;16075.89049;9116107.704;10644;17.7360926;50;No
266;{66036F1F-9C93-4D01-B551-62F9AB7267D0};1283C1450;1283;12;Helsingborg;Skåne;2018_v2;107;Helsingborg;1283C1450;OLYMPIA;1733;490;8;482;24;1681;29;Större stad;21;2;5192.581356;1038255.842;0;0;0;Large
267;{FD255621-5F7A-4132-A908-8D26E510C92C};1283C1510;1283;12;Helsingborg;Skåne;2018_v2;108;Helsingborg;1283C1510;OLYMPIA;2082;696;6;690;10;2002;41;Större stad;21;2;1911.681476;211556.6161;0;0;0;Large
268;{46A27698-A9A0-4DD2-82FD-93C495C667B1};1263C1070;1263;12;Svedala;Skåne;2018_v2;660;Svedala;1263C1070;SVEDALA;2157;1128;1033;95;1766;261;67;Pendlingskommun nära storstad;29;4;8166.492226;3062271.618;4848;4.516496688;3;No
269;{ACC11B5D-4DE7-4BB0-94D6-A5499059E786};1270C1020;1270;12;Tomelilla;Skåne;2018_v2;706;Tomelilla;1270C1020;TOMELILLA;1929;691;275;416;632;1081;41;Pendlingskommun nära mindre tätort;33;5;2839.345692;516642.6904;5600;0.530849254;1;No
270;{4996932C-4A5E-47AC-8BCC-8CDE9816B107};1270C1030;1270;12;Tomelilla;Skåne;2018_v2;707;Tomelilla;1270C1030;TOMELILLA;963;477;364;113;686;203;28;Pendlingskommun nära mindre tätort;33;5;2850.63332;551702.8318;8260;0.760528551;5;No
271;{E5FE7C97-4B98-4CA5-A4F6-482B80C14D6D};1280C1030;1280;12;Malmö;Skåne;2018_v2;400;Malmö;1280C1030;LILLGRUND;2137;842;764;78;1526;419;50;Storstäder;22;5;13750.23609;6628719.072;0;0;0;No
272;{6DECC64F-8495-4563-BA79-3B97D0F15A31};1280C1060;1280;12;Malmö;Skåne;2018_v2;401;Malmö;1280C1060;OXIE;1622;651;578;73;1204;409;39;Storstäder;22;5;4173.480513;817918.2872;0;0;0;No
273;{2F346855-DD37-46F0-8E82-C905017489E8};1280C1070;1280;12;Malmö;Skåne;2018_v2;402;Malmö;1280C1070;OXIE;2200;716;401;315;881;1203;42;Storstäder;22;5;2994.082144;333209.2323;0;0;0;No
274;{F6E14FBE-CFA1-4BB4-AD81-09947D890F40};1280C1200;1280;12;Malmö;Skåne;2018_v2;403;Malmö;1280C1200;LERNACKEN;2169;564;62;502;133;2021;33;Storstäder;22;5;3972.69909;374306.4161;2197;0.713867906;1;Large
275;{A55D37CE-9E17-4198-A363-68C0F559375F};1291C1010;1291;12;Simrishamn;Skåne;2018_v2;642;Simrishamn;1291C1010;HERRESTA;1206;651;556;95;1067;130;39;Landsbygdskommun med besöksnäring;28;9;11289.25401;6363948.949;6796;12.02231613;27;No
276;{CC754E1A-EB56-43C9-962F-D698ADC87571};1291C1030;1291;12;Simrishamn;Skåne;2018_v2;643;Simrishamn;1291C1030;HERRESTA;1679;721;121;600;262;1343;43;Landsbygdskommun med besöksnäring;28;9;4209.673775;580359.1368;7274;0.675862387;8;No
277;{5FC79821-63F4-4316-BFE2-431737D82ECE};1280C1050;1280;12;Malmö;Skåne;2018_v2;404;Malmö;1280C1050;OXIE;2641;1251;1299;-48;2498;22;75;Storstäder;22;5;11608.39521;4844429.817;1631;1.665722301;4;No
278;{A43EB70D-7620-4737-9A83-0AE2A8D5D3AF};1280C1260;1280;12;Malmö;Skåne;2018_v2;405;Malmö;1280C1260;HERMODSDAL;1548;480;0;480;0;1533;28;Storstäder;22;5;3187.987291;313475.5625;0;0;0;Large
279;{DBFE3883-0C26-41BF-AFF8-2D8E5D844B78};1270C1040;1270;12;Tomelilla;Skåne;2018_v2;708;Tomelilla;1270C1040;TOMELILLA;2211;1238;1044;194;1846;234;74;Pendlingskommun nära mindre tätort;33;5;28140.36388;16569879.68;6946;17.80623534;32;No
280;{907E44B9-4CEB-4EF0-BFE2-DFF3EABA759F};1291C1020;1291;12;Simrishamn;Skåne;2018_v2;644;Simrishamn;1291C1020;HERRESTA;2341;1072;605;467;1271;998;64;Landsbygdskommun med besöksnäring;28;9;17045.80878;7918124.764;1946;4.026363469;7;No
281;{9400D133-F152-4857-B851-FE17B7F0494C};1280C1040;1280;12;Malmö;Skåne;2018_v2;406;Malmö;1280C1040;FOSIEBY;2300;958;971;-13;1985;228;57;Storstäder;22;5;26811.40971;19834251.34;21656;24.7923077;44;No
282;{30219814-628E-4975-B631-462924BC7599};1280C1100;1280;12;Malmö;Skåne;2018_v2;407;Malmö;1280C1100;OXIE;1678;728;779;-51;1660;8;43;Storstäder;22;5;2961.680516;521150.4717;0;0;0;No
283;{FD774D0E-0955-4F4F-A42D-8EE40CA0DAC1};1291B2010;1291;12;Simrishamn;Skåne;2018_v2;645;Simrishamn;1291B2010;HERRESTA;1090;598;468;130;936;116;35;Landsbygdskommun med besöksnäring;28;9;10090.28608;6355605.643;4884;7.502297497;17;No
284;{67891027-04DB-4A8F-BEE2-D553C4385389};1280C1310;1280;12;Malmö;Skåne;2018_v2;408;Malmö;1280C1310;HYLLIE;1895;402;0;402;0;1888;24;Storstäder;22;5;2996.040334;406391.0018;0;0;0;Large
285;{B5F44459-2FEB-4E69-974D-BC8A5A737600};1280C1080;1280;12;Malmö;Skåne;2018_v2;409;Malmö;1280C1080;OXIE;1472;627;433;194;853;585;37;Storstäder;22;5;7682.213895;2016848.383;530;0.4063037;4;No
286;{E15D3CE7-32AC-4FE5-AD6F-882537A57FF5};1291C1040;1291;12;Simrishamn;Skåne;2018_v2;646;Simrishamn;1291C1040;HERRESTA;2114;1006;602;404;1298;685;60;Landsbygdskommun med besöksnäring;28;9;8513.246659;3579125.484;4535;2.420571698;4;No
287;{2C025096-1411-4940-8920-BC17E33FD827};1280C1170;1280;12;Malmö;Skåne;2018_v2;410;Malmö;1280C1170;HERMODSDAL;3280;790;0;790;0;3204;47;Storstäder;22;5;4284.148601;788358.0425;0;0;0;Large
288;{B5DB7F95-EDD7-4D8B-9AC9-8E62AECCF062};1280C1130;1280;12;Malmö;Skåne;2018_v2;411;Malmö;1280C1130;OXIE;2006;899;843;56;1572;403;53;Storstäder;22;5;8570.893999;2106991.375;16840;6.325216162;19;No
289;{4BEC422F-CCA5-4B2C-B820-6858B459268A};1280C1110;1280;12;Malmö;Skåne;2018_v2;412;Malmö;1280C1110;OXIE;2498;957;747;210;1826;56;57;Storstäder;22;5;13243.35638;3923959.328;17902;6.538406178;21;No
290;{51280A60-7349-46B7-9B66-D1B7D7819894};1280C1120;1280;12;Malmö;Skåne;2018_v2;413;Malmö;1280C1120;LERNACKEN;1110;446;451;-5;942;0;26;Storstäder;22;5;13146.32398;5176007.23;8448;2.745028418;1;Large
291;{14DED049-3E1A-44E5-A8A7-6D7A00AE107B};1280C1190;1280;12;Malmö;Skåne;2018_v2;414;Malmö;1280C1190;LERNACKEN;2498;953;936;17;2152;313;57;Storstäder;22;5;4064.601053;813131.7787;0;0;0;Large
292;{CF2BA0F7-CDB6-495F-9A5F-7400A0C2EC57};1286A0060;1286;12;Ystad;Skåne;2018_v2;563;Ystad;1286A0060;TOMELILLA;788;512;463;49;739;29;30;Mindre stad/tätort;22;3;50504.28382;78579860.54;4683;58.01572798;45;No
293;{6C0F2F45-3F78-421A-96D4-498CC62652C7};1280C1610;1280;12;Malmö;Skåne;2018_v2;415;Malmö;1280C1610;GULLÄNGEN;1817;621;598;23;1511;275;37;Storstäder;22;5;3270.742709;469472.397;0;0;0;Large
294;{B7C660DE-C433-4E16-B652-BB02F5CEA075};1280C1150;1280;12;Malmö;Skåne;2018_v2;416;Malmö;1280C1150;HERMODSDAL;1516;500;130;370;261;1138;30;Storstäder;22;5;8403.213606;2269981.938;14520;5.767607181;17;Large
295;{AF0C7410-B11A-4714-992B-9F7E81A33F7A};1280C1220;1280;12;Malmö;Skåne;2018_v2;417;Malmö;1280C1220;HYLLIE;1681;700;35;665;61;1610;42;Storstäder;22;5;3536.768201;380160.4801;0;0;0;Large
296;{FB2D0568-92BB-4FD8-B6A9-1A4AD4261AB5};1280C1290;1280;12;Malmö;Skåne;2018_v2;418;Malmö;1280C1290;HERMODSDAL;2167;451;0;451;0;2150;27;Storstäder;22;5;2621.584817;231720.482;0;0;0;Large
297;{2814132A-C31D-4099-A2EA-B6E666C129C5};1280C1300;1280;12;Malmö;Skåne;2018_v2;419;Malmö;1280C1300;HERMODSDAL;1653;538;0;538;0;1638;32;Storstäder;22;5;1777.764489;168787.7611;0;0;0;Large
298;{5E2BA43F-BA4F-4D93-A215-30F513976080};1280C1870;1280;12;Malmö;Skåne;2018_v2;420;Malmö;1280C1870;FÅGELBACKE;1901;524;0;524;0;1869;31;Storstäder;22;5;1625.33069;151437.0235;0;0;0;Large
299;{A06FDCCC-01B0-4A4F-8F59-3119FFF71947};1280C1920;1280;12;Malmö;Skåne;2018_v2;421;Malmö;1280C1920;MÖLLEVÅNGE;1211;439;0;439;0;1199;26;Storstäder;22;5;1336.048146;99002.96128;0;0;0;Large
300;{37E09A39-29D2-446E-B913-0674679187D5};1280C1280;1280;12;Malmö;Skåne;2018_v2;422;Malmö;1280C1280;HYLLIE;1785;706;340;366;669;1105;42;Storstäder;22;5;4482.223216;504254.3749;0;0;0;Large
301;{31BF7D1A-B233-42E5-9474-140D5C3F4DFC};1280C1250;1280;12;Malmö;Skåne;2018_v2;423;Malmö;1280C1250;LERNACKEN;1701;759;747;12;1616;0;45;Storstäder;22;5;8842.438377;3029994.066;5098;1.656561588;1;Large
302;{7A715050-BA41-4B1C-BAF4-D582B18E6614};1280C1320;1280;12;Malmö;Skåne;2018_v2;424;Malmö;1280C1320;HERMODSDAL;2057;362;0;362;0;2038;21;Storstäder;22;5;1588.102706;134827.5135;0;0;0;Large
303;{C6ED10CB-0203-485F-98FF-8B9DBD0EAE0A};1280C1180;1280;12;Malmö;Skåne;2018_v2;425;Malmö;1280C1180;FOSIEBY;1754;703;751;-48;1602;113;42;Storstäder;22;5;13883.06623;6970211.698;22488;14.83399901;37;Large
304;{1F2B8DDA-80D5-4C27-A406-4D4AD7571D12};1280C1270;1280;12;Malmö;Skåne;2018_v2;426;Malmö;1280C1270;HYLLIE;6527;1123;5;1118;19;5467;67;Storstäder;22;5;5930.782536;1759847.461;0;0;0;Large
305;{160CBE33-B50A-4C2C-8462-89466B9C46EE};1280C1360;1280;12;Malmö;Skåne;2018_v2;427;Malmö;1280C1360;HERMODSDAL;1519;562;0;562;0;1514;33;Storstäder;22;5;1011.733448;57978.69481;0;0;0;Large
306;{22EB342D-C45C-42AA-9F14-3D2DD61835E1};1280C1330;1280;12;Malmö;Skåne;2018_v2;428;Malmö;1280C1330;HERMODSDAL;1460;545;141;404;258;1190;32;Storstäder;22;5;2143.349299;172240.3659;0;0;0;Large
307;{3B69BEBC-18D5-4982-A123-1E0F0D5495AD};1280C1380;1280;12;Malmö;Skåne;2018_v2;429;Malmö;1280C1380;HERMODSDAL;2448;566;0;566;0;2427;33;Storstäder;22;5;1694.512967;142776.0341;0;0;0;Large
308;{B3AE3EE2-29C3-419E-925C-A5878F73A04D};1280C1350;1280;12;Malmö;Skåne;2018_v2;430;Malmö;1280C1350;HERMODSDAL;2071;382;101;281;327;1448;22;Storstäder;22;5;2738.471123;239067.6993;0;0;0;Large
309;{30B6F8CD-747E-4186-9676-C7392A380855};1280C1390;1280;12;Malmö;Skåne;2018_v2;431;Malmö;1280C1390;HERMODSDAL;1891;677;43;634;77;1801;40;Storstäder;22;5;3332.65138;226234.197;0;0;0;Large
310;{453B18E6-DC59-4FD2-9446-F496ECD4AB05};1291A0010;1291;12;Simrishamn;Skåne;2018_v2;647;Simrishamn;1291A0010;HERRESTA;1293;890;791;99;1270;8;53;Landsbygdskommun med besöksnäring;28;9;92691.98936;95249650.15;3778;67.92159649;61;No
311;{B3F56E74-3614-4925-8E00-A79866D4189E};1280C1460;1280;12;Malmö;Skåne;2018_v2;432;Malmö;1280C1460;HERMODSDAL;1811;416;0;416;0;1794;24;Storstäder;22;5;1837.567378;125626.7108;0;0;0;Large
312;{4E66607B-F1BA-4FCF-BC57-AF3679AFF42C};1280C1430;1280;12;Malmö;Skåne;2018_v2;433;Malmö;1280C1430;HYLLIE;2471;394;0;394;0;2445;23;Storstäder;22;5;2050.463466;216895.4034;0;0;0;Large
313;{955E1E0B-FDB5-45EC-A268-2A7EBD7B44E4};1280C1420;1280;12;Malmö;Skåne;2018_v2;434;Malmö;1280C1420;HELENE;1565;585;88;497;162;1389;35;Storstäder;22;5;2421.092874;187159.2724;0;0;0;Large
314;{186963FE-95EB-4A4F-A489-0CB4E00A1BFC};1280C1370;1280;12;Malmö;Skåne;2018_v2;435;Malmö;1280C1370;FOSIEBY;2042;891;974;-83;2014;5;53;Storstäder;22;5;3825.226419;751569.7404;0;0;0;Large
315;{78E9EF2A-A67D-492D-A7ED-36F77FF8D9F6};1280C1410;1280;12;Malmö;Skåne;2018_v2;436;Malmö;1280C1410;HYLLIE;1298;558;561;-3;1282;0;33;Storstäder;22;5;3323.627334;545633.2324;0;0;0;Large
316;{A180C800-B631-4204-94D4-F6E3F46139E8};1280C1470;1280;12;Malmö;Skåne;2018_v2;437;Malmö;1280C1470;HERMODSDAL;1673;419;0;419;0;1667;25;Storstäder;22;5;1263.696278;76707.4774;0;0;0;Large
317;{CE7B8A07-E793-4C46-9F9C-021FDAC88624};1282C1080;1282;12;Landskrona;Skåne;2018_v2;565;Landskrona;1282C1080;LANDSKRON;2535;688;64;624;157;2092;41;Pendlingskommun nära större stad;25;3;2707.435367;215768.748;0;0;0;Medium
318;{4847018C-613F-48F3-B015-4D0D05187BD3};1280C1400;1280;12;Malmö;Skåne;2018_v2;438;Malmö;1280C1400;HERMODSDAL;2018;800;839;-39;1957;38;48;Storstäder;22;5;3773.191602;740369.4309;0;0;0;Large
319;{7020B194-BA90-4465-8199-2A7604405B11};1264A0040;1264;12;Skurup;Skåne;2018_v2;694;Skurup;1264A0040;STJÄRNEHOL;1117;725;700;25;1105;3;43;Pendlingskommun nära storstad;29;4;60136.81983;47497293.35;3791;42.04110211;35;No
320;{2334FE3E-D33A-4CF6-847A-FCEB294A4147};1280C1340;1280;12;Malmö;Skåne;2018_v2;439;Malmö;1280C1340;HYLLIE;3436;1130;639;491;1554;1589;67;Storstäder;22;5;6014.917193;1609086.244;0;0;0;Large
321;{9EB36ABD-DE87-4507-8555-B735174E4262};1280C1530;1280;12;Malmö;Skåne;2018_v2;440;Malmö;1280C1530;HERMODSDAL;1873;386;70;316;221;1636;23;Storstäder;22;5;1776.720398;176754.4133;0;0;0;Large
322;{435C5989-A802-49A7-9B9D-4BE6DA374576};1280C1480;1280;12;Malmö;Skåne;2018_v2;441;Malmö;1280C1480;HYLLIE;1458;264;0;264;0;1433;15;Storstäder;22;5;2967.981221;391597.4444;0;0;0;Large
323;{39459306-0B76-4FB5-8A32-B03855EBDE13};1280C1510;1280;12;Malmö;Skåne;2018_v2;442;Malmö;1280C1510;GULLÄNGEN;2360;799;635;164;1475;821;47;Storstäder;22;5;3662.115325;688848.3745;0;0;0;Large
324;{E3C06A8A-05BA-42E3-9B8E-32DAC3B73C77};1280C1490;1280;12;Malmö;Skåne;2018_v2;443;Malmö;1280C1490;HELENE;1300;487;496;-9;1228;19;29;Storstäder;22;5;3238.221516;395801.6991;0;0;0;Large
325;{9D02DD50-508B-4325-9F5B-78CA65B6BCB8};1280C1580;1280;12;Malmö;Skåne;2018_v2;444;Malmö;1280C1580;HELENE;2041;580;91;489;203;1824;34;Storstäder;22;5;1596.620229;159532.0989;0;0;0;Large
326;{0250D770-505A-4527-ABFB-42F97589B70B};1280C1570;1280;12;Malmö;Skåne;2018_v2;445;Malmö;1280C1570;HELENE;1284;408;132;276;364;911;24;Storstäder;22;5;1911.409607;174257.9663;0;0;0;Large
327;{EC3FE67F-9ECC-42FA-8BA5-4F31D997FEE1};1280C1590;1280;12;Malmö;Skåne;2018_v2;446;Malmö;1280C1590;HELENE;2050;611;126;485;319;1685;36;Storstäder;22;5;1936.569609;220680.8167;0;0;0;Large
328;{3A7C3FFD-D5B4-41CF-8385-F930D96C105E};1280C1440;1280;12;Malmö;Skåne;2018_v2;447;Malmö;1280C1440;LERNACKEN;3235;1132;219;913;486;2690;67;Storstäder;22;5;5720.765096;1845231.129;885;0.287429648;1;Large
329;{232D2CD4-F3D6-4C80-AC28-FB8F0B3C46E0};1263B2010;1263;12;Svedala;Skåne;2018_v2;661;Svedala;1263B2010;VINNEBERG;1780;844;829;15;1623;154;50;Pendlingskommun nära storstad;29;4;3356.409495;606625.4075;2881;0.708440003;2;No
330;{0A0F63DA-CF9D-47EB-BE18-A8E380986F6A};1280C1600;1280;12;Malmö;Skåne;2018_v2;448;Malmö;1280C1600;GULLÄNGEN;1629;273;0;273;0;1618;16;Storstäder;22;5;2495.406993;212049.2689;0;0;0;Large
331;{51EAF73D-F383-4EE6-B414-07CAF1DDADB3};1280C1620;1280;12;Malmö;Skåne;2018_v2;449;Malmö;1280C1620;HYLLIE;1413;471;183;288;371;1037;28;Storstäder;22;5;1893.026714;217835.7255;0;0;0;Large
332;{8BBF4A6B-B06B-4455-97B8-8E83F6F128F2};1280C1700;1280;12;Malmö;Skåne;2018_v2;450;Malmö;1280C1700;HYLLIE;2172;416;0;416;0;2087;24;Storstäder;22;5;1678.318143;165064.2205;0;0;0;Large
333;{3CC0E53F-D149-40F1-8A5E-ACE8BF5B9D7A};1280C1500;1280;12;Malmö;Skåne;2018_v2;451;Malmö;1280C1500;ELLENBORG;1936;557;0;557;0;1923;33;Storstäder;22;5;4043.485424;850033.803;0;0;0;Large
334;{92BFE66C-4118-46C6-8F34-198FB57E2FDC};1280C1560;1280;12;Malmö;Skåne;2018_v2;452;Malmö;1280C1560;LIMHAMN;1918;682;749;-67;1909;0;40;Storstäder;22;5;4238.835989;798261.9267;0;0;0;Large
335;{AA7D688F-56D4-4CC0-9DDE-69DC29EA3529};1280C1710;1280;12;Malmö;Skåne;2018_v2;453;Malmö;1280C1710;HELENE;2062;283;10;273;46;1991;16;Storstäder;22;5;1555.852808;127075.3841;0;0;0;Large
336;{780533C8-856E-4DDC-ACF7-475116B7A273};1280C1650;1280;12;Malmö;Skåne;2018_v2;454;Malmö;1280C1650;HYLLIE;1360;499;0;499;0;1355;29;Storstäder;22;5;2727.846087;458344.0509;0;0;0;Large
337;{51665425-BAF6-4A7C-AF5F-25E0F86DA239};1280C1450;1280;12;Malmö;Skåne;2018_v2;455;Malmö;1280C1450;ELLENBORG;1698;774;765;9;1547;58;46;Storstäder;22;5;8194.09361;2277999.427;2935;0.818280927;3;Large
338;{DD3107E2-6B93-4A72-BDDD-5FA6E57EED65};1280C1740;1280;12;Malmö;Skåne;2018_v2;456;Malmö;1280C1740;GULLÄNGEN;1970;337;7;330;29;1914;20;Storstäder;22;5;1963.540435;117879.1575;0;0;0;Large
339;{2386BD51-3DFF-41C3-9D10-F8D1901E5B19};1280C1540;1280;12;Malmö;Skåne;2018_v2;457;Malmö;1280C1540;LERNACKEN;1444;645;455;190;861;564;38;Storstäder;22;5;8156.955338;2793809.088;121;0.039413822;1;Large
340;{F6DCBFF6-8801-4E55-82E2-5B2567ACF50F};1280C1730;1280;12;Malmö;Skåne;2018_v2;458;Malmö;1280C1730;ELLENBORG;1681;715;203;512;340;1334;42;Storstäder;22;5;2771.841499;316363.5385;0;0;0;Large
341;{3DD9A44E-B4A8-4AE5-AE64-DE7929DF26E6};1280C1780;1280;12;Malmö;Skåne;2018_v2;459;Malmö;1280C1780;ELLENBORG;1529;642;165;477;283;1242;38;Storstäder;22;5;2472.334422;314181.9715;0;0;0;Large
342;{194906B9-196C-40E6-97B9-66955BB6E06E};1280C1670;1280;12;Malmö;Skåne;2018_v2;460;Malmö;1280C1670;HYLLIE;1425;587;578;9;1408;0;35;Storstäder;22;5;3923.238318;466502.5869;0;0;0;Large
343;{5DCAA06F-F3FB-4623-8D34-08377E8AE226};1280C1770;1280;12;Malmö;Skåne;2018_v2;461;Malmö;1280C1770;GULLÄNGEN;1448;311;0;311;0;1405;18;Storstäder;22;5;1917.048234;102121.296;0;0;0;Large
344;{F701E4E1-BA43-4BF5-B9DB-31AC5884CE60};1280C1800;1280;12;Malmö;Skåne;2018_v2;462;Malmö;1280C1800;HELENE;1675;297;0;297;0;1650;17;Storstäder;22;5;1352.631896;95663.19402;0;0;0;Large
345;{FCB00713-4936-4FA3-9B37-19164F1BEEF3};1280C1660;1280;12;Malmö;Skåne;2018_v2;463;Malmö;1280C1660;HYLLIE;1550;594;593;1;1435;103;35;Storstäder;22;5;3235.105756;433899.1407;0;0;0;Large
346;{784B65AB-8C7C-4F4C-B791-2E87B290B3AD};1280C1840;1280;12;Malmö;Skåne;2018_v2;464;Malmö;1280C1840;ELLENBORG;1667;366;0;366;0;1523;21;Storstäder;22;5;1817.191574;156925.3815;0;0;0;Large
347;{2FC509F8-14B1-4A42-9FF1-02CF0F5C4F59};1280C1830;1280;12;Malmö;Skåne;2018_v2;465;Malmö;1280C1830;GULLÄNGEN;1808;310;0;310;0;1801;18;Storstäder;22;5;1816.977166;133347.5287;0;0;0;Large
348;{6CC73C01-FFC2-4E96-9D9D-222CBD956E65};1280C1550;1280;12;Malmö;Skåne;2018_v2;466;Malmö;1280C1550;TOFTANÄS;2142;944;774;170;1545;481;56;Storstäder;22;5;19612.48524;10739377.84;17257;12.10348069;26;No
349;{F13651F5-F52A-44F0-A7A6-7C5144D9F6FF};1280C1820;1280;12;Malmö;Skåne;2018_v2;467;Malmö;1280C1820;HYLLIE;2433;607;18;589;56;2315;36;Storstäder;22;5;2283.556179;242684.3099;0;0;0;Large
350;{6DD04631-DA66-4ACE-ADB3-D45007130FDB};1280C1810;1280;12;Malmö;Skåne;2018_v2;468;Malmö;1280C1810;LIMHAMN;1726;667;694;-27;1650;31;40;Storstäder;22;5;2936.815433;503079.7669;0;0;0;Large
351;{9A491219-9900-4013-9790-46BF02CABC84};1280C1890;1280;12;Malmö;Skåne;2018_v2;469;Malmö;1280C1890;GULLÄNGEN;1985;301;0;301;0;1975;18;Storstäder;22;5;1515.531752;135205.1182;0;0;0;Large
352;{F1211BAF-3631-4388-BF3B-EE1984B7FF95};1280C1950;1280;12;Malmö;Skåne;2018_v2;470;Malmö;1280C1950;LIMHAMN;1829;660;380;280;922;849;39;Storstäder;22;5;3585.985998;462452.6376;0;0;0;Large
353;{EE39D418-0C81-4667-9843-65BEF194208B};1280C2160;1280;12;Malmö;Skåne;2018_v2;471;Malmö;1280C2160;FÅGELBACKE;1327;376;0;376;0;1302;22;Storstäder;22;5;1758.781027;104806.2288;0;0;0;Large
354;{209C581C-747A-454D-B26A-4BB896E72248};1280C2250;1280;12;Malmö;Skåne;2018_v2;472;Malmö;1280C2250;FÅGELBACKE;1267;369;0;369;0;1217;22;Storstäder;22;5;1501.942263;109214.3883;0;0;0;Large
355;{DEDB796D-D94F-46E8-8D4F-278D91C8E23B};1280C2220;1280;12;Malmö;Skåne;2018_v2;473;Malmö;1280C2220;MÖLLEVÅNGE;1758;281;0;281;0;1621;16;Storstäder;22;5;1015.985576;61756.2659;0;0;0;Large
356;{08DB73D8-41DC-45FA-B440-33C36ADB3F9C};1280C2260;1280;12;Malmö;Skåne;2018_v2;474;Malmö;1280C2260;MÖLLEVÅNGE;1688;254;0;254;0;1653;15;Storstäder;22;5;1233.587838;69891.87555;0;0;0;Large
357;{F39BE407-91E8-440C-970E-1FC901FF1C77};1280C2530;1280;12;Malmö;Skåne;2018_v2;475;Malmö;1280C2530;TOFTANÄS;1814;835;887;-52;1788;0;50;Storstäder;22;5;4723.628525;808908.6844;0;0;0;Large
358;{FA059FA0-49B0-4ACF-9112-45F3FF344FD5};1280C1990;1280;12;Malmö;Skåne;2018_v2;476;Malmö;1280C1990;ELLENBORG;1795;763;770;-7;1713;3;45;Storstäder;22;5;3018.127488;569457.3189;0;0;0;Large
359;{840A8B28-2B40-45A1-9E19-D6B0F4D450A0};1265B2010;1265;12;Sjöbo;Skåne;2018_v2;616;Sjöbo;1265B2010;VEBERÖD;1640;970;905;65;1532;16;58;Pendlingskommun nära större stad;25;3;15223.39572;12288672;1868;11.70079966;17;No
360;{82CEA2B7-1AB2-4E68-B5F0-92B8B0310BC5};1280C2050;1280;12;Malmö;Skåne;2018_v2;477;Malmö;1280C2050;FÅGELBACKE;1433;438;339;99;962;385;26;Storstäder;22;5;2434.202717;341502.8711;0;0;0;Large
361;{4D5D015B-47E3-439D-92ED-645649573C32};1291A0030;1291;12;Simrishamn;Skåne;2018_v2;648;Simrishamn;1291A0030;HERRESTA;1116;681;608;73;1072;25;40;Landsbygdskommun med besöksnäring;28;9;32030.21918;31721276.34;4002;24.93144653;32;No
362;{9BDBCFB4-18E5-462D-9247-CCFE0CBAAED9};1280C2110;1280;12;Malmö;Skåne;2018_v2;478;Malmö;1280C2110;GULLÄNGEN;1260;254;0;254;0;1234;15;Storstäder;22;5;1118.088478;69450.4639;0;0;0;Large
363;{65FE09C4-77FE-4FE2-8616-39AD93BD6BD6};1280C2140;1280;12;Malmö;Skåne;2018_v2;479;Malmö;1280C2140;MÖLLEVÅNGE;1427;172;0;172;0;1274;10;Storstäder;22;5;1220.168939;52424.04077;0;0;0;Large
364;{70A5C5FB-B052-447E-9E17-DE45FD187572};1280C1910;1280;12;Malmö;Skåne;2018_v2;480;Malmö;1280C1910;MÖLLEVÅNGE;1603;207;0;207;0;1177;12;Storstäder;22;5;3805.868547;595367.8925;0;0;0;Large
365;{297E1B41-1A3F-4843-BB50-B8F3A0EDC68D};1280C2070;1280;12;Malmö;Skåne;2018_v2;481;Malmö;1280C2070;ELLENBORG;1080;466;464;2;1076;0;27;Storstäder;22;5;2730.573537;350554.6763;0;0;0;Large
366;{6621DC3A-7715-4EFE-BA3D-E75E7B86C7F4};1280C2150;1280;12;Malmö;Skåne;2018_v2;482;Malmö;1280C2150;GULLÄNGEN;1303;418;0;418;0;1299;25;Storstäder;22;5;1199.54163;88046.26695;0;0;0;Large
367;{39FCE0BB-B1C5-4B26-8174-CE1EC5C648B1};1280C2180;1280;12;Malmö;Skåne;2018_v2;483;Malmö;1280C2180;GULLÄNGEN;1736;403;0;403;0;1678;24;Storstäder;22;5;1518.109062;101914.2074;0;0;0;Large
368;{7230E90D-8CD8-4C81-85CE-41FF19CCA145};1280C2170;1280;12;Malmö;Skåne;2018_v2;484;Malmö;1280C2170;FÅGELBACKE;1225;336;3;333;11;1204;20;Storstäder;22;5;1860.038556;101564.3415;0;0;0;Large
369;{F7AC59B3-0424-4326-8EB2-05FFA50A384D};1280C2040;1280;12;Malmö;Skåne;2018_v2;485;Malmö;1280C2040;TOFTANÄS;1735;756;565;191;1056;654;45;Storstäder;22;5;3532.955056;444177.8034;0;0;0;Large
370;{F64DD5DD-7CF2-449A-9484-9679D2F49994};1280C2120;1280;12;Malmö;Skåne;2018_v2;486;Malmö;1280C2120;ELLENBORG;2229;901;984;-83;2197;7;54;Storstäder;22;5;4773.759441;752914.9137;0;0;0;Large
371;{F50F8EEE-7B47-423F-B54E-87A01DED97CD};1280C2350;1280;12;Malmö;Skåne;2018_v2;487;Malmö;1280C2350;FÅGELBACKE;1415;352;0;352;0;1407;21;Storstäder;22;5;1339.364268;68419.35768;0;0;0;Large
372;{C02B4DEB-F640-479D-800A-CA42F5528A06};1280C2360;1280;12;Malmö;Skåne;2018_v2;488;Malmö;1280C2360;FÅGELBACKE;1698;471;0;471;0;1688;28;Storstäder;22;5;1263.670311;84640.08998;0;0;0;Large
373;{95F9CFAF-BC5E-4B1E-9E35-1ECDEE52ED93};1280C2370;1280;12;Malmö;Skåne;2018_v2;489;Malmö;1280C2370;MÖLLEVÅNGE;1931;388;0;388;0;1731;23;Storstäder;22;5;1780.518436;121245.2694;0;0;0;Large
374;{87F56994-1D2E-4BB8-B8D7-FB5729C6B205};1280C2190;1280;12;Malmö;Skåne;2018_v2;490;Malmö;1280C2190;FÅGELBACKE;1260;380;0;380;0;1255;22;Storstäder;22;5;3442.137675;670111.6603;0;0;0;Large
375;{D053212B-8854-4A0B-93A0-3FA91175546D};1280C2280;1280;12;Malmö;Skåne;2018_v2;491;Malmö;1280C2280;ELLENBORG;2057;597;0;597;0;2044;35;Storstäder;22;5;6046.505881;1166680.821;0;0;0;Large
376;{392976D9-A154-4860-B409-F4D2AF7851C9};1280C2570;1280;12;Malmö;Skåne;2018_v2;492;Malmö;1280C2570;FÅGELBACKE;1379;343;0;343;0;1362;20;Storstäder;22;5;875.5684881;48054.47061;0;0;0;Large
377;{D4C607E4-EE68-442C-A1B9-752D64AF434F};1280C2540;1280;12;Malmö;Skåne;2018_v2;493;Malmö;1280C2540;MÖLLEVÅNGE;1754;332;3;329;13;1331;19;Storstäder;22;5;1481.777997;102174.9517;0;0;0;Large
378;{D38B44F3-8D66-460E-83ED-7ED6F21D5AC5};1280C2550;1280;12;Malmö;Skåne;2018_v2;494;Malmö;1280C2550;FÅGELBACKE;1510;678;173;505;283;1191;40;Storstäder;22;5;2859.297001;322171.3771;0;0;0;Large
379;{9655E7C3-A8DC-4FD9-AFBC-D1D0C246074F};1280C2580;1280;12;Malmö;Skåne;2018_v2;495;Malmö;1280C2580;CTA;1245;261;0;261;0;1165;15;Storstäder;22;5;1701.981588;116702.0373;0;0;0;Large
380;{ED40AD5D-5B72-4864-9ADF-908AC1F51AF6};1280C2650;1280;12;Malmö;Skåne;2018_v2;496;Malmö;1280C2650;FÅGELBACKE;1355;422;0;422;0;1350;25;Storstäder;22;5;1070.491468;66970.23207;0;0;0;Large
381;{9F35D567-95D1-4961-86BB-8CADA5474D50};1280C2210;1280;12;Malmö;Skåne;2018_v2;497;Malmö;1280C2210;LIMHAMN;2142;957;995;-38;2113;20;57;Storstäder;22;5;7772.38522;1932249.437;0;0;0;Large
382;{AB11F5E7-ED00-4AE7-90DF-80C4E212E704};1280C2560;1280;12;Malmö;Skåne;2018_v2;498;Malmö;1280C2560;CTA;1323;227;0;227;0;1135;13;Storstäder;22;5;1629.003746;150998.6908;0;0;0;Large
383;{1BC7243C-E207-4387-BC73-40FA1F5A5BCA};1280C2590;1280;12;Malmö;Skåne;2018_v2;499;Malmö;1280C2590;FÅGELBACKE;1524;506;3;503;9;1505;30;Storstäder;22;5;2036.867813;107311.9308;0;0;0;Large
384;{C6371850-3617-453A-BEC4-F6B33B1BF33E};1280C2620;1280;12;Malmö;Skåne;2018_v2;500;Malmö;1280C2620;FÅGELBACKE;1605;490;0;490;0;1598;29;Storstäder;22;5;1541.44251;87238.35154;0;0;0;Large
385;{68066706-CEDF-4D5E-B667-EA2B51EC32DE};1280C2500;1280;12;Malmö;Skåne;2018_v2;501;Malmö;1280C2500;ÖTA;2491;352;0;352;0;1450;21;Storstäder;22;5;3139.895115;588875.0967;0;0;0;Large
386;{972CFD28-29B5-470D-9FC1-8BABC67D5442};1280C2340;1280;12;Malmö;Skåne;2018_v2;502;Malmö;1280C2340;TOFTANÄS;2017;749;344;405;642;1205;44;Storstäder;22;5;6073.559473;1370271.932;0;0;0;Large
387;{D72F5EDB-6EC4-4953-93D4-01EF5E2FAA15};1280C2630;1280;12;Malmö;Skåne;2018_v2;503;Malmö;1280C2630;FÅGELBACKE;1776;628;0;628;0;1767;37;Storstäder;22;5;1091.576492;67300.58072;0;0;0;Large
388;{29CE4888-3F10-4297-81CF-327513904ED8};1263B3010;1263;12;Svedala;Skåne;2018_v2;662;Svedala;1263B3010;VINNEBERG;2380;1213;1236;-23;2213;22;72;Pendlingskommun nära storstad;29;4;8938.309733;5534214.574;8211;7.408113157;13;No
389;{CA4DBEED-C861-4D47-9867-CEED9796572E};1280C2660;1280;12;Malmö;Skåne;2018_v2;504;Malmö;1280C2660;CTA;1393;328;0;328;0;1372;19;Storstäder;22;5;1267.319364;79147.40567;0;0;0;Large
390;{8B479CFF-8866-4F0E-9F74-BBF83F23F7C6};1281B5010;1281;12;Lund;Skåne;2018_v2;272;Lund;1281B5010;ÖNNESLÖV;2226;1054;990;64;1992;43;63;Större stad;21;2;10996.85745;5041578.822;2919;2.799823906;9;No
391;{9D578F81-180E-4CA0-B1E8-5A01C1ADD488};1280C2690;1280;12;Malmö;Skåne;2018_v2;505;Malmö;1280C2690;CTA;1389;381;8;373;20;896;22;Storstäder;22;5;2091.818429;173011.5215;0;0;0;Large
392;{95D74F4F-DDF7-4359-83B1-2BFF347CF04A};1280C2720;1280;12;Malmö;Skåne;2018_v2;506;Malmö;1280C2720;CTA;1519;309;0;309;0;1508;18;Storstäder;22;5;1524.350263;118620.2532;0;0;0;Large
393;{2802D75A-05BF-4090-8102-8DCF29E26F9E};1280C2700;1280;12;Malmö;Skåne;2018_v2;507;Malmö;1280C2700;MALMÖ_SJ;1643;434;0;434;0;1632;26;Storstäder;22;5;1876.505599;214621.7472;0;0;0;Large
394;{11B5FBCB-776C-4939-8E7D-41BD65668239};1280C2010;1280;12;Malmö;Skåne;2018_v2;508;Malmö;1280C2010;TOFTANÄS;1556;705;729;-24;1473;15;42;Storstäder;22;5;14210.20615;8267008.729;23140;9.61504145;17;No
395;{1F57C140-FD6F-4C5F-A204-50E7CA148E4B};1270A0010;1270;12;Tomelilla;Skåne;2018_v2;709;Tomelilla;1270A0010;TOMELILLA;2313;1499;1354;145;2244;42;89;Pendlingskommun nära mindre tätort;33;5;82441.17758;144349035.9;6445;94.56746091;65;No
396;{02663A34-AF7C-475C-A265-C6FA66CD4071};1281B5020;1281;12;Lund;Skåne;2018_v2;273;Lund;1281B5020;ÖNNESLÖV;1037;532;512;20;993;28;31;Större stad;21;2;11126.84881;2699811.29;2053;2.487278782;9;No
397;{087DFE9F-A3C0-48A9-9BFA-0C906EE77450};1280C2770;1280;12;Malmö;Skåne;2018_v2;509;Malmö;1280C2770;CTA;1389;329;3;326;8;1316;19;Storstäder;22;5;1199.210094;73485.68245;0;0;0;Large
398;{D0A3838E-E178-4873-AA6A-D8ED4C7CBD5F};1280C2640;1280;12;Malmö;Skåne;2018_v2;510;Malmö;1280C2640;MALMÖ_SJ;1260;430;391;39;894;133;25;Storstäder;22;5;4302.973207;577972.7278;0;0;0;Large
399;{1FFEEA1F-237B-4CBF-BB5E-2A23B1B634F5};1280C2790;1280;12;Malmö;Skåne;2018_v2;511;Malmö;1280C2790;ÖTA;1447;253;0;253;0;1323;15;Storstäder;22;5;2070.89653;185650.1164;0;0;0;Large
400;{70A15AB8-63E4-45C2-A5D6-BD7881A8C547};1263A0010;1263;12;Svedala;Skåne;2018_v2;663;Svedala;1263A0010;VINNEBERG;1008;650;632;18;950;8;39;Pendlingskommun nära storstad;29;4;71100.28539;65667793.64;11546;69.63513127;62;No
401;{E2628450-6541-4B96-B8E1-305FFA3FFBBC};1280C2760;1280;12;Malmö;Skåne;2018_v2;512;Malmö;1280C2760;MALMÖ_SJ;1450;411;42;369;114;1280;24;Storstäder;22;5;3741.810681;464128.1823;0;0;0;Large
402;{A90BA252-10E7-491E-8D72-1CD098EE451A};1280C2820;1280;12;Malmö;Skåne;2018_v2;513;Malmö;1280C2820;MALMÖ_SJ;1610;345;19;326;65;1499;20;Storstäder;22;5;1502.7972;116760.2644;0;0;0;Large
403;{B4670BE3-BF9B-468B-9E05-CA32A3E7FCDF};1265A0010;1265;12;Sjöbo;Skåne;2018_v2;617;Sjöbo;1265A0010;SJÖBO;1312;892;758;134;1276;28;53;Pendlingskommun nära större stad;25;3;91063.82069;112736074.4;3754;55.80996213;26;No
404;{19A9E0DE-215F-4AFA-89EF-918A908C71E8};1280C2710;1280;12;Malmö;Skåne;2018_v2;514;Malmö;1280C2710;KOCKUM;1434;505;0;505;0;1426;30;Storstäder;22;5;7315.096899;2139886.411;0;0;0;Large
405;{8D519F29-CC12-4DA6-870B-4FE916B31D27};1280C2860;1280;12;Malmö;Skåne;2018_v2;515;Malmö;1280C2860;SEGE;1393;428;0;428;0;1388;25;Storstäder;22;5;1176.69348;64475.40916;0;0;0;Large
406;{3A0E338E-620A-49E8-A7DE-E9A6FBF9B6E5};1280C2850;1280;12;Malmö;Skåne;2018_v2;516;Malmö;1280C2850;KOCKUM;2008;567;145;422;378;1415;34;Storstäder;22;5;2168.053632;262373.0056;0;0;0;Large
407;{DF38998B-3E47-4A42-A42C-593670B28647};1280C2840;1280;12;Malmö;Skåne;2018_v2;517;Malmö;1280C2840;MALMÖ_SJ;1975;508;197;311;639;1298;30;Storstäder;22;5;3322.409798;476779.3856;0;0;0;Large
408;{EBFF5E6E-DFCB-47AD-80C0-ED6AB29BAE79};1263A0020;1263;12;Svedala;Skåne;2018_v2;664;Svedala;1263A0020;VINNEBERG;1777;1050;996;54;1644;0;63;Pendlingskommun nära storstad;29;4;99071.50027;125230733.1;10644;110.0199972;140;No
409;{7F8DCC33-45A7-43E5-BA98-292566652F64};1280C2890;1280;12;Malmö;Skåne;2018_v2;518;Malmö;1280C2890;SEGE;1454;430;0;430;0;1448;25;Storstäder;22;5;1198.952986;70710.58816;0;0;0;Large
410;{7A58D209-7484-43A3-BCEC-003DD450935A};1280C2880;1280;12;Malmö;Skåne;2018_v2;519;Malmö;1280C2880;KOCKUM;4527;1097;2;1095;4;4181;65;Storstäder;22;5;3539.740367;464694.4073;0;0;0;Large
411;{D57456B7-713F-475F-B402-D5F8713155E9};1280C2900;1280;12;Malmö;Skåne;2018_v2;520;Malmö;1280C2900;KOCKUM;2110;387;0;387;0;2031;23;Storstäder;22;5;2052.574031;154687.3938;0;0;0;Large
412;{29F8CA4A-23D2-4AAE-8176-3DDD0D8A37B9};1281B4010;1281;12;Lund;Skåne;2018_v2;274;Lund;1281B4010;VEBERÖD;1676;852;842;10;1601;39;51;Större stad;21;2;8982.216875;4148746.911;1250;1.177635513;5;No
413;{6D06A430-FF2D-40E1-BA9D-52D5ECFD35C7};1280C2870;1280;12;Malmö;Skåne;2018_v2;521;Malmö;1280C2870;KOCKUM;4300;1304;0;1304;0;3671;78;Storstäder;22;5;6991.396573;1476937.334;0;0;0;Large
414;{35A5C1EF-B412-49CB-B3BE-A5A91D3FC152};1265C1010;1265;12;Sjöbo;Skåne;2018_v2;618;Sjöbo;1265C1010;SJÖBO;2469;1395;1133;262;2169;198;83;Pendlingskommun nära större stad;25;3;20184.27964;9313635.967;8459;9.396473376;23;No
415;{CD5BE622-89BF-4BCA-A5D5-36D08E86B030};1265A0020;1265;12;Sjöbo;Skåne;2018_v2;619;Sjöbo;1265A0020;SJÖBO;1061;754;637;117;1018;0;45;Pendlingskommun nära större stad;25;3;36523.97162;32949415.7;2427;17.68764988;8;No
416;{AD8075A0-133F-47F0-9D38-4F8CA30F2DA4};1281B4020;1281;12;Lund;Skåne;2018_v2;275;Lund;1281B4020;VEBERÖD;2088;907;759;148;1636;414;54;Större stad;21;2;8142.352362;2914894.656;2455;2.042821994;3;No
417;{3987B7E6-8405-4A2D-BD05-BBD60C79D80F};1280C2910;1280;12;Malmö;Skåne;2018_v2;522;Malmö;1280C2910;SEGE;2198;584;101;483;286;1689;35;Storstäder;22;5;8617.20875;1902426.884;4500;1.230434611;6;Large
418;{748E1A56-EDF3-4EDF-BB9F-BDE2955D006B};1270A0020;1270;12;Tomelilla;Skåne;2018_v2;710;Tomelilla;1270A0020;TOMELILLA;2111;1349;1213;136;2015;48;80;Pendlingskommun nära mindre tätort;33;5;55458.15933;86768988.87;4377;51.2676812;42;No
419;{C3641EA7-D9B8-4908-9BAC-EA4E7F931EF8};1265C1020;1265;12;Sjöbo;Skåne;2018_v2;620;Sjöbo;1265C1020;SJÖBO;1965;974;713;261;1418;413;58;Pendlingskommun nära större stad;25;3;7282.812818;1314389.65;0;0;0;No
420;{7930AB05-A0B3-49A2-84C7-321A410C4DF6};1230C1030;1230;12;Staffanstorp;Skåne;2018_v2;627;Staffanstorp;1230C1030;STAFFANSTO;2181;997;746;251;1357;552;59;Pendlingskommun nära storstad;29;4;4861.36707;709173.3254;0;0;0;Medium
421;{76882C86-455B-443F-9969-3A9A36645D41};1231C1020;1231;12;Burlöv;Skåne;2018_v2;697;Burlöv;1231C1020;SEGE;2623;922;335;587;760;1706;55;Pendlingskommun nära storstad;29;4;6036.239625;957759.7151;9823;0.792008767;1;No
422;{8E8B7D8C-AEFA-4522-A531-B2614219DB58};1230C1040;1230;12;Staffanstorp;Skåne;2018_v2;628;Staffanstorp;1230C1040;STAFFANSTO;1814;810;499;311;1009;718;48;Pendlingskommun nära storstad;29;4;4442.299155;629475.9641;0;0;0;Medium
423;{3A2DE8EB-3DEB-43F6-B1DB-73818EE97B9A};1291A0040;1291;12;Simrishamn;Skåne;2018_v2;649;Simrishamn;1291A0040;SANKT_OLOF;1300;813;720;93;1281;9;48;Landsbygdskommun med besöksnäring;28;9;43343.02721;53783950.82;4094;26.81409604;21;No
424;{32D5AC83-71C0-445D-815C-0687B811B894};1231C1050;1231;12;Burlöv;Skåne;2018_v2;698;Burlöv;1231C1050;SEGE;2322;710;179;531;379;1908;42;Pendlingskommun nära storstad;29;4;4805.189854;504707.6184;8160;0.918940381;5;No
425;{D0EDD690-5A1C-488F-8E5E-44446F325029};1230C1010;1230;12;Staffanstorp;Skåne;2018_v2;629;Staffanstorp;1230C1010;VINNEBERG;3134;1466;1090;376;1919;1035;87;Pendlingskommun nära storstad;29;4;12625.20284;5822834.313;11000;12.13862274;27;No
426;{442E893F-B6E2-4E5B-A43A-DEDAC9A495E8};1283C1230;1283;12;Helsingborg;Skåne;2018_v2;109;Helsingborg;1283C1230;OLYMPIA;1963;396;6;390;22;1722;23;Större stad;21;2;1747.656537;106076.0624;0;0;0;Large
427;{F6B9AA5E-7CBE-4BA5-9380-A0925ACAA4A3};1283C1240;1283;12;Helsingborg;Skåne;2018_v2;110;Helsingborg;1283C1240;VÄSTHAM;1864;417;6;411;18;1669;25;Större stad;21;2;1675.832592;133154.6794;0;0;0;Large
428;{2C90609F-A86F-49D2-A8F4-A3599BB48BFB};1280C2920;1280;12;Malmö;Skåne;2018_v2;523;Malmö;1280C2920;ÖRESUND;1794;400;10;390;33;1341;24;Storstäder;22;5;16301.99977;13300923.7;8700;1.748694588;5;Large
429;{FF95D9F4-9911-49E5-82B2-67162E3B0D12};1281C1410;1281;12;Lund;Skåne;2018_v2;276;Lund;1281C1410;LUND_VM;1174;348;93;255;274;822;20;Större stad;21;2;3362.672697;516857.1284;923;0.122122981;4;Large
430;{563F74C6-97CF-4C77-86BA-7D6F7B302FC3};1283C1410;1283;12;Helsingborg;Skåne;2018_v2;111;Helsingborg;1283C1410;OLYMPIA;1971;784;0;784;0;1964;47;Större stad;21;2;2061.060151;238802.7581;0;0;0;Large
431;{27435EE7-967C-4B5B-AABD-6DE7BFF2323C};1283C1370;1283;12;Helsingborg;Skåne;2018_v2;112;Helsingborg;1283C1370;OLYMPIA;1970;668;120;548;226;1733;40;Större stad;21;2;5714.210008;1057021.5;0;0;0;Large
432;{DE0C723B-55C0-406F-9F31-627DE47BD5FC};1272B3010;1272;12;Bromölla;Skåne;2018_v2;95;Bromölla;1272B3010;NYMÖLLA;1311;828;744;84;1237;25;49;Pendlingskommun nära större stad;25;3;23404.34637;22797781.92;3662;15.28174716;24;No
433;{6CAC0C70-4993-4D0B-A06B-46B9C9AC5A22};1290B6010;1290;12;Kristianstad;Skåne;2018_v2;194;Kristianstad;1290B6010;TORSEBRO;1518;783;737;46;1427;68;46;Större stad;21;2;13761.37235;10219418.92;7658;21.3233116;49;No
434;{C21C826C-82F9-4D5A-8F7A-5F5B60BF5899};1281B4030;1281;12;Lund;Skåne;2018_v2;277;Lund;1281B4030;VEBERÖD;1951;951;918;33;1817;94;57;Större stad;21;2;10868.00674;4999605.161;4081;9.732993292;13;No
435;{144838DE-62CA-44FE-8A75-E49A472B1669};1231C1040;1231;12;Burlöv;Skåne;2018_v2;699;Burlöv;1231C1040;SEGE;2156;814;529;285;1024;1017;48;Pendlingskommun nära storstad;29;4;19257.65314;10283148.79;27030;36.4414059;86;No
436;{087DBCCE-6787-46BF-AFD3-7634B6AA8695};1283C1500;1283;12;Helsingborg;Skåne;2018_v2;113;Helsingborg;1283C1500;OLYMPIA;1993;627;27;600;76;1853;37;Större stad;21;2;3571.033762;351962.4892;0;0;0;Large
437;{6F463695-7B71-4DED-BD45-1EC435D13591};1283C1490;1283;12;Helsingborg;Skåne;2018_v2;114;Helsingborg;1283C1490;OLYMPIA;2231;693;205;488;430;1528;41;Större stad;21;2;5660.00675;1244108.988;0;0;0;Large
438;{34C6CE9A-31B5-49CB-93F5-DB7116E24E7D};1272C1010;1272;12;Bromölla;Skåne;2018_v2;96;Bromölla;1272C1010;IVÖ;2664;1277;773;504;1572;915;76;Pendlingskommun nära större stad;25;3;20305.96414;11942954.76;8645;23.04691755;37;No
439;{216254A8-C8E3-43BE-9BE4-9C0E8F920914};1265C1030;1265;12;Sjöbo;Skåne;2018_v2;621;Sjöbo;1265C1030;SJÖBO;2048;1093;886;207;1619;224;65;Pendlingskommun nära större stad;25;3;13101.54478;5882092.478;1919;1.19128623;4;No
440;{D11B3B85-E109-4AB7-8920-80C495AA7F05};1265C1040;1265;12;Sjöbo;Skåne;2018_v2;622;Sjöbo;1265C1040;SJÖBO;2225;1050;558;492;1087;919;63;Pendlingskommun nära större stad;25;3;15245.38078;5765428.55;7609;10.78893113;31;No
441;{E8C1C185-A7A0-4BF3-8886-294F06936934};1231C1060;1231;12;Burlöv;Skåne;2018_v2;700;Burlöv;1231C1060;ÖRESUND;1748;743;526;217;953;736;44;Pendlingskommun nära storstad;29;4;8827.288049;1398761.488;8700;2.964625499;16;No
442;{908F752C-9EDF-4173-86BF-67BB568C6863};1230C1050;1230;12;Staffanstorp;Skåne;2018_v2;630;Staffanstorp;1230C1050;STAFFANSTO;2667;1266;861;405;1724;788;75;Pendlingskommun nära storstad;29;4;6125.566897;1187778.369;4962;0.939904347;16;Medium
443;{18DD067A-EC0B-423C-9B2F-978137DD3322};1230C1060;1230;12;Staffanstorp;Skåne;2018_v2;631;Staffanstorp;1230C1060;STAFFANSTO;1958;968;815;153;1549;295;58;Pendlingskommun nära storstad;29;4;5022.605778;1027865.554;0;0;0;Medium
444;{864FD64A-B49F-447F-A02E-93CB2D5688FB};1230C1020;1230;12;Staffanstorp;Skåne;2018_v2;632;Staffanstorp;1230C1020;STAFFANSTO;2452;1252;1289;-37;2338;65;75;Pendlingskommun nära storstad;29;4;11905.5695;4733821.054;9051;7.612666699;21;Medium
445;{8DD5B99A-EEFF-4F32-9ED1-607CF1612B22};1281C1290;1281;12;Lund;Skåne;2018_v2;278;Lund;1281C1290;LUND_ÖM;1604;560;178;382;415;1147;33;Större stad;21;2;3749.903847;543991.0161;10445;1.364685619;2;Large
446;{96B3739B-C301-42C1-9260-AB38732FCB38};1281C1300;1281;12;Lund;Skåne;2018_v2;279;Lund;1281C1300;LUND_VM;1085;319;135;184;416;658;19;Större stad;21;2;2357.700744;234385.6092;0;0;0;Large
447;{6553F0FF-FF58-4FBC-84ED-F5D3B6FFBFF5};1281A0020;1281;12;Lund;Skåne;2018_v2;280;Lund;1281A0020;ÖNNESLÖV;2416;1424;1402;22;2355;8;85;Större stad;21;2;107614.1329;140930264.7;14717;96.98108963;83;No
448;{5FDD34A9-F012-4107-ABA7-DFA9C441C382};1231C1070;1231;12;Burlöv;Skåne;2018_v2;701;Burlöv;1231C1070;SEGE;1449;558;357;201;768;651;33;Pendlingskommun nära storstad;29;4;12273.24103;1517501.838;7800;4.356418084;29;No
449;{9D2158A3-D178-4E95-B259-11EBCE667548};1230C1080;1230;12;Staffanstorp;Skåne;2018_v2;633;Staffanstorp;1230C1080;STAFFANSTO;2033;879;586;293;1156;858;52;Pendlingskommun nära storstad;29;4;6984.94728;1098353.974;544;0.437190808;2;Medium
450;{3750F191-3575-4163-83EC-764C00F3ABAE};1231C1080;1231;12;Burlöv;Skåne;2018_v2;702;Burlöv;1231C1080;SEGE;2137;937;771;166;1585;486;56;Pendlingskommun nära storstad;29;4;5219.993824;1161958.819;11798;4.477593138;20;No
451;{284C4003-55AB-4F59-AB95-B4410EF94F38};1281B3010;1281;12;Lund;Skåne;2018_v2;281;Lund;1281B3010;ÖNNESLÖV;1576;595;539;56;1203;328;35;Större stad;21;2;12293.96429;5876058.622;8004;13.1441636;43;No
452;{100B7C65-5836-43FE-BEEC-7C7EB7188780};1231C1090;1231;12;Burlöv;Skåne;2018_v2;703;Burlöv;1231C1090;STAFFANSTO;2195;981;984;-3;2072;0;58;Pendlingskommun nära storstad;29;4;8550.914183;2192367.237;10481;7.044652674;14;No
453;{CAA77BE3-0DB1-4AB3-BE23-230FC128EE53};1230C1070;1230;12;Staffanstorp;Skåne;2018_v2;634;Staffanstorp;1230C1070;STAFFANSTO;1894;968;951;17;1857;3;58;Pendlingskommun nära storstad;29;4;15477.40115;9529909.766;10264;15.6976541;46;Medium
454;{54D10400-C6D1-47B2-BA54-5750C383F31A};1291A0050;1291;12;Simrishamn;Skåne;2018_v2;650;Simrishamn;1291A0050;SANKT_OLOF;1142;644;541;103;1046;72;38;Landsbygdskommun med besöksnäring;28;9;35376.15083;36473210.75;1383;19.50737267;14;No
455;{44A327D1-5B16-4056-9178-D82F863538F7};1231C1100;1231;12;Burlöv;Skåne;2018_v2;704;Burlöv;1231C1100;SEGE;2133;996;1018;-22;2076;23;59;Pendlingskommun nära storstad;29;4;4153.624495;936106.6344;3488;0.899970238;5;No
456;{F5E7E463-90C8-464B-BE03-9A0B92FA05CF};1281B3020;1281;12;Lund;Skåne;2018_v2;282;Lund;1281B3020;ÖNNESLÖV;2038;864;680;184;1574;382;51;Större stad;21;2;5027.51408;1057601.206;0;0;0;No
457;{BB7DD8C4-2A6A-4F0A-8DD4-F298D2B05382};1281C1260;1281;12;Lund;Skåne;2018_v2;283;Lund;1281C1260;LUND_SM;1938;373;36;337;170;1116;22;Större stad;21;2;2193.00677;262392.9775;0;0;0;Large
458;{BFD6EFDF-4DC1-490E-A9AF-3FC45BC4FC04};1281C1310;1281;12;Lund;Skåne;2018_v2;284;Lund;1281C1310;LUND_VM;1053;331;3;328;9;914;19;Större stad;21;2;1587.077278;129166.6922;0;0;0;Large
459;{6C8F82D3-77FB-4D9B-A54D-11B259F74F02};1281C1320;1281;12;Lund;Skåne;2018_v2;285;Lund;1281C1320;LUND_VM;1958;607;0;607;0;1779;36;Större stad;21;2;1945.619794;200857.2096;0;0;0;Large
460;{CD5B8ED8-519C-4EA6-BA19-673A64F47AA4};1281C1360;1281;12;Lund;Skåne;2018_v2;286;Lund;1281C1360;LUND_VM;1589;312;2;310;7;1031;18;Större stad;21;2;1646.843227;134434.227;0;0;0;Large
461;{AA777EFF-A2A9-44DF-9C3E-E538B97ECAC7};1281C1350;1281;12;Lund;Skåne;2018_v2;287;Lund;1281C1350;LUND_VM;1691;167;0;167;0;130;10;Större stad;21;2;1419.855765;106312.0173;0;0;0;Large
462;{EC7C5A75-AEE7-4184-9558-B28315F49908};1262C1020;1262;12;Lomma;Skåne;2018_v2;712;Lomma;1262C1020;ÖRESUND;1798;846;889;-43;1770;10;50;Pendlingskommun nära storstad;29;4;4952.694826;1238015.366;2001;1.656633577;1;No
463;{724F280F-6F24-458E-810C-B66A85852B7B};1262C1010;1262;12;Lomma;Skåne;2018_v2;713;Lomma;1262C1010;OLJEHAMNEN;1684;690;579;111;1353;114;41;Pendlingskommun nära storstad;29;4;17981.89345;9603863.449;16111;15.45090427;36;No
464;{E5B3B24B-E62B-4523-9675-407FEC098660};1230B2010;1230;12;Staffanstorp;Skåne;2018_v2;635;Staffanstorp;1230B2010;STAFFANSTO;2688;1116;1126;-10;2490;74;66;Pendlingskommun nära storstad;29;4;9056.468868;2493657.59;3337;2.414951615;12;No
465;{B67A7E79-AA3C-4717-95DE-2315A18DBFB8};1262C1030;1262;12;Lomma;Skåne;2018_v2;714;Lomma;1262C1030;ÖRESUND;1749;775;344;431;713;780;46;Pendlingskommun nära storstad;29;4;7265.869919;2440401.171;0;0;0;No
466;{4362F5ED-448C-40A8-9563-8B115879AE51};1281C1210;1281;12;Lund;Skåne;2018_v2;288;Lund;1281C1210;LUND_VM;1418;385;30;355;88;1273;23;Större stad;21;2;2792.438298;336645.0283;0;0;0;Large
467;{5AE076AD-31F0-484B-87AE-80EFB7F4AF45};1262C1040;1262;12;Lomma;Skåne;2018_v2;715;Lomma;1262C1040;ÖRESUND;1902;823;722;101;1493;402;49;Pendlingskommun nära storstad;29;4;3616.96185;700134.9599;0;0;0;No
468;{76F42E9F-C305-48A9-BE51-1AC581270E7F};1281B3030;1281;12;Lund;Skåne;2018_v2;289;Lund;1281B3030;ÖNNESLÖV;1427;593;533;60;1163;264;35;Större stad;21;2;10337.0742;3268528.145;687;1.333961635;2;No
469;{47896F25-D97E-46F7-96A8-2F2FD149AC30};1281C1120;1281;12;Lund;Skåne;2018_v2;290;Lund;1281C1120;LUND_SM;2002;110;5;105;95;324;6;Större stad;21;2;1690.261891;126634.7135;0;0;0;Large
470;{2F20B918-9F81-4CAF-815E-8033C40C883B};1281C1090;1281;12;Lund;Skåne;2018_v2;291;Lund;1281C1090;LUND_SM;1362;328;139;189;510;376;19;Större stad;21;2;2877.115406;427430.8641;1612;0.096445054;1;Large
471;{5F0D6079-D1A4-436E-B95F-C2200D6F5E20};1281C1170;1281;12;Lund;Skåne;2018_v2;292;Lund;1281C1170;LUND_SM;1192;251;9;242;40;879;15;Större stad;21;2;1467.771997;100977.1104;0;0;0;Large
472;{0A1B1680-136D-4B44-A900-09D257D6C0BF};1291A0060;1291;12;Simrishamn;Skåne;2018_v2;651;Simrishamn;1291A0060;SANKT_OLOF;973;585;431;154;788;114;35;Landsbygdskommun med besöksnäring;28;9;26589.09214;34629731.36;3719;26.36212518;36;No
473;{860C27C6-0322-459D-B51D-A6D5005C8A68};1292C1030;1292;12;Ängelholm;Skåne;2018_v2;31;Ängelholm;1292C1030;ÄNGELHO;2126;807;61;746;135;1891;48;Pendlingskommun nära större stad;25;3;2292.380435;318973.5964;0;0;0;Medium
474;{C9C513C2-E6CE-4CDF-AE43-32EF786D41A7};1281B3040;1281;12;Lund;Skåne;2018_v2;293;Lund;1281B3040;ÖNNESLÖV;1966;947;872;75;1761;197;56;Större stad;21;2;7455.60645;3042858.622;11070;5.135835714;26;No
475;{C944E6ED-940C-4327-AFAB-9E075A4837AC};1230A0010;1230;12;Staffanstorp;Skåne;2018_v2;636;Staffanstorp;1230A0010;VINNEBERG;2086;1164;1194;-30;1934;46;69;Pendlingskommun nära storstad;29;4;76121.72746;64293409.27;23689;83.49981479;95;No
476;{2761A18F-3DCE-4343-965F-0CF6D10343FF};1262C1050;1262;12;Lomma;Skåne;2018_v2;716;Lomma;1262C1050;OLJEHAMNEN;2536;1184;390;794;636;1850;71;Pendlingskommun nära storstad;29;4;5076.394186;999465.132;0;0;0;No
477;{3BF64BA3-2CDD-485D-B1D3-3660A6FBCE41};1262C1060;1262;12;Lomma;Skåne;2018_v2;717;Lomma;1262C1060;LUNDS_HVC;2201;908;772;136;1545;634;54;Pendlingskommun nära storstad;29;4;3282.670088;640680.7932;0;0;0;No
478;{0D5B7804-D05B-418F-B7EC-EC9D547B8246};1281C1020;1281;12;Lund;Skåne;2018_v2;294;Lund;1281C1020;LUND_SM;2124;619;252;367;638;1398;37;Större stad;21;2;7231.651487;1500414.992;15801;1.523342017;13;Large
479;{4335A5E7-F285-4EE8-8A67-694AE12E79F4};1230B2020;1230;12;Staffanstorp;Skåne;2018_v2;637;Staffanstorp;1230B2020;LUND_SM;3028;1196;1258;-62;2809;144;71;Pendlingskommun nära storstad;29;4;16948.72311;6417201.087;15799;15.71701634;32;No
480;{63AD77BA-E054-4777-84B3-A7BFE3856FB1};1281C1030;1281;12;Lund;Skåne;2018_v2;295;Lund;1281C1030;LUND_SM;3200;912;510;402;1437;1532;54;Större stad;21;2;12745.57591;5274799.306;22210;7.014825349;30;Large
481;{2B19B96A-D331-47FE-87CE-43545C386CD6};1281C1100;1281;12;Lund;Skåne;2018_v2;296;Lund;1281C1100;LUND_SM;1926;563;27;536;81;1825;33;Större stad;21;2;2144.769068;190190.9473;0;0;0;Large
482;{C18DCD21-422F-4102-9379-76007DE71BAE};1281C1080;1281;12;Lund;Skåne;2018_v2;297;Lund;1281C1080;LUND_SM;2203;470;51;419;176;1840;28;Större stad;21;2;2892.767969;338872.6961;6251;1.666912209;6;Large
483;{F9854962-5192-4180-BEA4-5379E16D2B19};1281C1070;1281;12;Lund;Skåne;2018_v2;298;Lund;1281C1070;LUND_VM;2582;611;1;610;3;2305;36;Större stad;21;2;3556.110594;433735.0496;0;0;0;Large
484;{BC671335-35D2-4E8E-8103-798EEC568404};1265A0030;1265;12;Sjöbo;Skåne;2018_v2;623;Sjöbo;1265A0030;SJÖBO;1729;1117;1028;89;1679;16;67;Pendlingskommun nära större stad;25;3;63106.72498;90917676.64;4761;81.53243246;55;No
485;{5911EF17-DA99-4D1F-AD7D-25B8C7F9F115};1281C1130;1281;12;Lund;Skåne;2018_v2;299;Lund;1281C1130;LUND_SM;1471;294;37;257;168;1189;17;Större stad;21;2;1681.635302;89957.64062;0;0;0;Large
486;{5EE1C943-0276-41D2-8427-5AAF2E625A77};1281C1540;1281;12;Lund;Skåne;2018_v2;300;Lund;1281C1540;BRUNNSHÖG;1620;475;142;333;354;1184;28;Större stad;21;2;6889.946617;1928777.474;0;0;0;Large
487;{68381C44-C164-40DD-BDF9-35B390AED3D4};1262C1070;1262;12;Lomma;Skåne;2018_v2;718;Lomma;1262C1070;LUNDS_HVC;2328;1051;722;329;1411;812;63;Pendlingskommun nära storstad;29;4;18267.06217;9001607.479;19890;16.78725111;65;No
488;{29E89982-1A26-49F0-A62A-3EC48AFA4D1E};1281C1150;1281;12;Lund;Skåne;2018_v2;301;Lund;1281C1150;LUND_VM;1638;446;35;411;101;1421;26;Större stad;21;2;2600.239252;370229.5838;0;0;0;Large
489;{690A14E7-23B5-4328-B9AF-48396D1F8BE4};1281C1140;1281;12;Lund;Skåne;2018_v2;302;Lund;1281C1140;LUND_SM;1635;636;405;231;876;753;38;Större stad;21;2;3587.616;626589.9727;0;0;0;Large
490;{26A50BE4-CC60-474C-8A5B-39E7FC5EA5C2};1281C1110;1281;12;Lund;Skåne;2018_v2;303;Lund;1281C1110;LUND_VM;2016;564;204;360;628;1377;33;Större stad;21;2;4646.122478;1005286.916;0;0;0;Large
491;{D1353686-6766-4788-8EC5-3EFB6A3662FD};1281B2010;1281;12;Lund;Skåne;2018_v2;304;Lund;1281B2010;SANDBY;1957;997;1012;-15;1952;0;59;Större stad;21;2;8698.161165;3705627.684;3119;1.754096246;2;No
492;{78CCD6E3-6FDC-4EBB-821F-C7E7AD5D5CAE};1281C1340;1281;12;Lund;Skåne;2018_v2;305;Lund;1281C1340;LUND_ÖM;1529;446;308;138;946;379;26;Större stad;21;2;3785.633467;580686.7179;0;0;0;Large
493;{00F46008-59EC-4809-8D85-E76EFCE7B47B};1281C1280;1281;12;Lund;Skåne;2018_v2;306;Lund;1281C1280;LUND_SM;1909;443;182;261;744;445;26;Större stad;21;2;4925.942154;1091279.615;0;0;0;Large
494;{5356C6A6-97B8-4BEC-BD09-C56C4C091B88};1281C1380;1281;12;Lund;Skåne;2018_v2;307;Lund;1281C1380;LUND_VM;1717;452;76;376;232;1436;27;Större stad;21;2;2501.359912;271859.257;0;0;0;Large
495;{E5955166-143C-4F1D-8EC3-7C5660283AD7};1281C1370;1281;12;Lund;Skåne;2018_v2;308;Lund;1281C1370;LUND_ÖM;2280;221;1;220;8;1058;13;Större stad;21;2;4688.568107;1187484.269;13575;0.657201004;5;Large
496;{A1969754-B366-4096-A200-AE9C23FC1586};1281C1390;1281;12;Lund;Skåne;2018_v2;309;Lund;1281C1390;LUND_ÖM;1657;512;173;339;437;1065;30;Större stad;21;2;4733.285146;592253.1348;2439;0.319295611;2;Large
497;{1E0B8F89-38BE-4698-8F00-D3A07C9B4CFD};1281C1400;1281;12;Lund;Skåne;2018_v2;310;Lund;1281C1400;LUND_VM;1765;549;313;236;911;817;32;Större stad;21;2;4095.709189;823207.0147;7006;1.077159666;2;Large
498;{ED8B4BB1-8E26-4802-9255-B594A3DF6FB2};1281C1420;1281;12;Lund;Skåne;2018_v2;311;Lund;1281C1420;LUND_ÖM;1165;283;35;248;122;944;16;Större stad;21;2;3442.630744;485104.4325;12700;0.558996789;6;Large
499;{FF391FC0-731E-4EF2-B6E5-DCA39D2B248B};1281C1330;1281;12;Lund;Skåne;2018_v2;312;Lund;1281C1330;LUND_VM;1452;487;169;318;382;1012;29;Större stad;21;2;11011.92878;3196978.829;10000;10.54542362;53;Large
500;{F8850A04-1B10-4ED6-B2C2-B93EDB6990A7};1262C1080;1262;12;Lomma;Skåne;2018_v2;719;Lomma;1262C1080;BORGEBY;1692;811;836;-25;1647;23;48;Pendlingskommun nära storstad;29;4;7927.103241;1829502.206;0;0;0;No
501;{7B1701B0-D9EB-4AF5-85CC-F931B6A62657};1281C1440;1281;12;Lund;Skåne;2018_v2;313;Lund;1281C1440;LUND_ÖM;1838;48;0;48;0;0;2;Större stad;21;2;2132.198607;273032.9988;13757;0.613098937;3;Large
502;{9D7BD2A0-DFED-4938-AD7D-3A7DCC88B7D5};1281C1450;1281;12;Lund;Skåne;2018_v2;314;Lund;1281C1450;LUND_ÖM;1486;12;0;12;0;0;0;Större stad;21;2;1462.23288;112345.9937;12700;0.281210899;7;Large
503;{48731409-2A58-41B6-9C2A-4788B72CD3CB};1265A0060;1265;12;Sjöbo;Skåne;2018_v2;624;Sjöbo;1265A0060;SJÖBO;1164;690;635;55;1097;22;41;Pendlingskommun nära större stad;25;3;57593.82625;73934253.04;3634;46.99038377;28;No
504;{3AB049CD-A3D7-4482-A10F-CC274D68F902};1261C1070;1261;12;Kävlinge;Skåne;2018_v2;724;Kävlinge;1261C1070;FURULUND;1694;644;242;402;499;1183;38;Pendlingskommun nära storstad;29;4;3658.648943;500337.3563;4355;0.81609027;6;No
505;{FB6C2EEF-5F7E-464C-BDEF-1FC11ABBEA7C};1281B2020;1281;12;Lund;Skåne;2018_v2;315;Lund;1281B2020;SANDBY;1207;598;597;1;1203;0;35;Större stad;21;2;9688.16306;4348155.133;1901;3.345694512;9;No
506;{C11B555C-50DA-46E9-90DB-B860F873F4DC};1281C1460;1281;12;Lund;Skåne;2018_v2;316;Lund;1281C1460;LUNDS_HVC;1903;665;349;316;845;957;39;Större stad;21;2;7080.711474;1552367.96;6919;4.728308411;19;Large
507;{58C3AE5B-F68B-49B0-97AF-2485806FC94F};1281C1490;1281;12;Lund;Skåne;2018_v2;317;Lund;1281C1490;LUND_ÖM;1660;580;507;73;1490;0;34;Större stad;21;2;3637.905749;556879.1177;0;0;0;Large
508;{8130DFA7-8AEA-41B5-A48B-1D112FD69EDE};1281C1470;1281;12;Lund;Skåne;2018_v2;318;Lund;1281C1470;LUND_ÖM;2233;461;0;461;0;2202;27;Större stad;21;2;2960.856751;340947.7474;7657;0.689638447;4;Large
509;{A3CF4AA2-AE7B-4D12-973B-05F904283423};1281C1480;1281;12;Lund;Skåne;2018_v2;319;Lund;1281C1480;LUND_VM;1158;356;67;289;138;957;21;Större stad;21;2;4024.463264;646982.234;10783;2.324749324;7;Large
510;{BC9C4117-ACA1-4576-8C2F-53E86F0CFCF8};1281C1500;1281;12;Lund;Skåne;2018_v2;320;Lund;1281C1500;LUND_ÖM;1604;343;0;343;0;1577;20;Större stad;21;2;1818.115131;184701.6095;0;0;0;Large
511;{C35F944B-9B77-4699-B98A-37DAC867486F};1283C1610;1283;12;Helsingborg;Skåne;2018_v2;115;Helsingborg;1283C1610;OLYMPIA;2616;1062;24;1038;41;2527;63;Större stad;21;2;7656.244949;2927831.395;13267;2.855530719;13;Large
512;{1ADBD84B-6ECE-46F1-BCA6-FB090B5F1C91};1262C1090;1262;12;Lomma;Skåne;2018_v2;720;Lomma;1262C1090;BORGEBY;2295;1120;973;147;1865;417;67;Pendlingskommun nära storstad;29;4;7128.391811;2202176.291;0;0;0;No
513;{0FA44004-5350-4EE4-9CA1-A21258191085};1281C1520;1281;12;Lund;Skåne;2018_v2;321;Lund;1281C1520;LUND_ÖM;1891;632;668;-36;1784;0;37;Större stad;21;2;4058.527775;671455.9372;0;0;0;Large
514;{F37944CB-127D-40E4-AACE-BD36864C7890};1281C1430;1281;12;Lund;Skåne;2018_v2;322;Lund;1281C1430;LUND_ÖM;3437;894;516;378;1740;1534;53;Större stad;21;2;11407.78478;3939527.253;13600;8.803881233;30;Large
515;{FDA09510-3E7E-4BAD-8CE1-B8FC0DE2378F};1281C1510;1281;12;Lund;Skåne;2018_v2;323;Lund;1281C1510;LUNDS_HVC;2128;868;668;200;1464;598;52;Större stad;21;2;5278.099519;728805.8903;2864;0.452901698;1;Large
516;{DAB7AD9A-13BA-4A43-A614-8FD89817E3DF};1281C1530;1281;12;Lund;Skåne;2018_v2;324;Lund;1281C1530;LUNDS_HVC;1524;445;1;444;3;1483;26;Större stad;21;2;3774.809275;559441.0333;0;0;0;Large
517;{5FC75386-0FE6-4E17-8ACF-246956D4CC82};1290B8010;1290;12;Kristianstad;Skåne;2018_v2;195;Kristianstad;1290B8010;KRISTIAN;1035;577;564;13;1002;11;34;Större stad;21;2;15226.51522;9345429.807;2875;7.948485212;5;No
518;{CC26C569-CB9C-4FCB-96FE-01B2047DE4F2};1281C1550;1281;12;Lund;Skåne;2018_v2;325;Lund;1281C1550;LUNDS_HVC;2129;838;577;261;1252;874;50;Större stad;21;2;8638.118731;2544556.868;2393;2.042810036;2;Large
519;{60FA0ED2-86D6-4D4E-BD18-82E5D25A9DA7};1281B2030;1281;12;Lund;Skåne;2018_v2;326;Lund;1281B2030;SANDBY;1622;752;660;92;1314;260;45;Större stad;21;2;10280.33104;3150124.865;6255;5.562172743;16;No
520;{1A219579-7CAE-41AF-B077-F230A74A0C26};1261C1090;1261;12;Kävlinge;Skåne;2018_v2;725;Kävlinge;1261C1090;FURULUND;1321;696;582;114;1072;238;41;Pendlingskommun nära storstad;29;4;6482.039706;2166654.717;4929;1.412042605;9;No
521;{CA7F2C11-46FC-4AEC-9E4B-A94837F34961};1285A0010;1285;12;Eslöv;Skåne;2018_v2;666;Eslöv;1285A0010;HÖGSERÖD;2162;1345;1203;142;1960;86;80;Pendlingskommun nära större stad;25;3;72237.24784;81136777.36;3424;69.95736593;62;No
522;{0E4A2BDE-AA5D-4AA4-97EC-0611F42372A1};1281B2040;1281;12;Lund;Skåne;2018_v2;327;Lund;1281B2040;SANDBY;2209;991;836;155;1750;295;59;Större stad;21;2;9594.835709;3572546.785;3590;1.631764432;9;No
523;{3AEB9A72-85A7-4CB5-A4BA-C9506B23E554};1262C1100;1262;12;Lomma;Skåne;2018_v2;721;Lomma;1262C1100;BORGEBY;2508;1270;1134;136;2065;323;76;Pendlingskommun nära storstad;29;4;29808.43562;26482264.84;21200;36.73792435;66;No
524;{33218CE4-7BAD-437C-95D2-8CE274D3AC15};1281A0030;1281;12;Lund;Skåne;2018_v2;328;Lund;1281A0030;SANDBY;1700;963;942;21;1603;53;57;Större stad;21;2;73832.96746;56795117.95;9941;37.52631555;45;No
525;{B86C0D0E-E05D-4DF7-A902-E859774CF36B};1291A0070;1291;12;Simrishamn;Skåne;2018_v2;652;Simrishamn;1291A0070;SANKT_OLOF;1132;709;581;128;1030;65;42;Landsbygdskommun med besöksnäring;28;9;56555.99897;69865461;4970;34.13160466;31;No
526;{DE1DCA68-5BD1-4D1A-B3BF-2293DBDDD24D};1281C1560;1281;12;Lund;Skåne;2018_v2;329;Lund;1281C1560;BRUNNSHÖG;1649;685;703;-18;1518;3;41;Större stad;21;2;13999.63444;4958690.638;2223;1.912837771;4;No
527;{2E0ED128-2C2C-4BD9-9921-00C021AF8DA3};1262C1120;1262;12;Lomma;Skåne;2018_v2;722;Lomma;1262C1120;BORGEBY;2093;966;1009;-43;1988;0;57;Pendlingskommun nära storstad;29;4;16224.80589;7397570.99;14848;11.63115565;17;No
528;{20C38079-EA2C-4DC9-AC1B-CB9B54262F8C};1262C1110;1262;12;Lomma;Skåne;2018_v2;723;Lomma;1262C1110;BORGEBY;1935;955;978;-23;1927;0;57;Pendlingskommun nära storstad;29;4;13272.44629;4580970.663;21065;5.812368102;17;No
529;{78D62B83-A082-4ED5-B66A-DB2D3D88B9F1};1281C1570;1281;12;Lund;Skåne;2018_v2;330;Lund;1281C1570;BRUNNSHÖG;932;328;372;-44;905;19;19;Större stad;21;2;8624.657324;3224761.25;1613;1.37950091;4;No
530;{F25E0107-4A82-4374-8591-E024A04BACCA};1261B2010;1261;12;Kävlinge;Skåne;2018_v2;726;Kävlinge;1261B2010;BORGEBY;1890;963;862;101;1692;126;57;Pendlingskommun nära storstad;29;4;6016.077578;976326.7611;9992;1.426905274;3;No
531;{DE8036B8-A2B0-4712-A1ED-41EECCBEC597};1265A0070;1265;12;Sjöbo;Skåne;2018_v2;625;Sjöbo;1265A0070;GUSSARÖD;935;594;547;47;916;3;35;Pendlingskommun nära större stad;25;3;42811.23946;58424646.11;1354;45.71156731;30;No
532;{91AF7CB8-6B13-4F57-9B4E-2B8BE668EF95};1261B2020;1261;12;Kävlinge;Skåne;2018_v2;727;Kävlinge;1261B2020;LÖDDEKÖPIN;2308;1171;1045;126;1910;319;70;Pendlingskommun nära storstad;29;4;5218.975917;1039003.851;24415;1.156609626;11;No
533;{A572D70B-C789-48BE-AD09-975DA447BE6E};1270A0030;1270;12;Tomelilla;Skåne;2018_v2;711;Tomelilla;1270A0030;GUSSARÖD;1928;1203;987;216;1784;71;72;Pendlingskommun nära mindre tätort;33;5;73847.57621;145953251.1;4970;86.90202934;65;No
534;{1C693910-BCE0-4FEA-A716-C1B3705FFD44};1285A0020;1285;12;Eslöv;Skåne;2018_v2;667;Eslöv;1285A0020;SANDBY;842;502;499;3;810;0;30;Pendlingskommun nära större stad;25;3;36470.41237;26626350.69;11312;35.37202223;59;No
535;{544546FF-6CDE-48AF-BE41-508A9D533C4C};1285B5010;1285;12;Eslöv;Skåne;2018_v2;668;Eslöv;1285B5010;SANDBY;1076;617;603;14;1019;18;37;Pendlingskommun nära större stad;25;3;8607.826696;4659815.577;3517;4.519109075;10;No
536;{8A227E79-2109-4326-B397-8F279F7F70DF};1261C1010;1261;12;Kävlinge;Skåne;2018_v2;728;Kävlinge;1261C1010;FURULUND;1619;830;826;4;1467;147;49;Pendlingskommun nära storstad;29;4;8579.566146;4622723.587;2129;3.322976917;8;No
537;{0FAB211D-4D21-43AA-B94B-DBCEFB7EEB7D};1285B3010;1285;12;Eslöv;Skåne;2018_v2;669;Eslöv;1285B3010;HÖGSERÖD;1335;720;602;118;1077;162;43;Pendlingskommun nära större stad;25;3;14310.48095;7978933.162;2463;9.669370034;15;No
538;{4BD546E8-B167-4C40-A6D4-9F2D736BD321};1285C1030;1285;12;Eslöv;Skåne;2018_v2;670;Eslöv;1285C1030;ESLÖV;2185;770;311;459;700;1322;46;Pendlingskommun nära större stad;25;3;4341.441424;482083.923;0;0;0;Medium
539;{49702596-0D0F-4A3B-912D-E2E58DF29D87};1282C1160;1282;12;Landskrona;Skåne;2018_v2;566;Landskrona;1282C1160;LANDSKRON;1827;806;238;568;448;1358;48;Pendlingskommun nära större stad;25;3;3991.087807;764668.0406;0;0;0;Medium
540;{15423DCE-2E91-4A8C-BA53-3047D26E8F5D};1261B2040;1261;12;Kävlinge;Skåne;2018_v2;729;Kävlinge;1261B2040;LÖDDEKÖPIN;1934;887;681;206;1373;528;53;Pendlingskommun nära storstad;29;4;10945.28764;4636478.487;12675;3.868648421;20;No
541;{DEB6BD8C-4A49-4A70-AE80-2E24EBAA35C5};1261B2030;1261;12;Kävlinge;Skåne;2018_v2;730;Kävlinge;1261B2030;LÖDDEKÖPIN;2377;1293;1303;-10;2290;17;77;Pendlingskommun nära storstad;29;4;18779.50869;11065414.23;24785;16.66703339;56;No
542;{45EF717D-C4C6-412E-AB8C-923D2CC227DA};1261C1030;1261;12;Kävlinge;Skåne;2018_v2;731;Kävlinge;1261C1030;FURULUND;1689;762;517;245;1031;612;45;Pendlingskommun nära storstad;29;4;6084.082714;1226971.521;0;0;0;No
543;{A1477ED7-9B93-4CAF-B93F-2B8B9C41FB43};1261C1020;1261;12;Kävlinge;Skåne;2018_v2;732;Kävlinge;1261C1020;FURULUND;1417;704;717;-13;1311;74;42;Pendlingskommun nära storstad;29;4;10308.92411;3998804.748;1745;2.863722746;3;No
544;{A44B0A5A-8EA2-41A0-98FA-D294252936E2};1281A0040;1281;12;Lund;Skåne;2018_v2;331;Lund;1281A0040;BRUNNSHÖG;1278;749;735;14;1225;10;44;Större stad;21;2;60778.28878;54018438.01;11865;58.00605447;40;No
545;{CCE8CE4A-7778-4774-A917-95A3BBB11AC4};1266A0010;1266;12;Hörby;Skåne;2018_v2;743;Hörby;1266A0010;HÖGSERÖD;1688;1154;1069;85;1655;20;69;Pendlingskommun nära större stad;25;3;40932.18402;73089849.23;5319;56.82620246;34;No
546;{9A268051-B4C4-49BC-8F00-B2200A370AE9};1261A0030;1261;12;Kävlinge;Skåne;2018_v2;733;Kävlinge;1261A0030;ÖRTOFTA;1127;712;691;21;1089;18;42;Pendlingskommun nära storstad;29;4;34148.71443;32574426.89;3421;25.49320024;19;No
547;{B201788B-882F-4186-9840-164DAD38D39F};1261A0020;1261;12;Kävlinge;Skåne;2018_v2;734;Kävlinge;1261A0020;LÖDDEKÖPIN;956;609;627;-18;938;0;36;Pendlingskommun nära storstad;29;4;64527.53587;36558822.76;6803;33.66038652;38;No
548;{6FF0E96F-E098-4077-AF55-FE42D00452AD};1261C1040;1261;12;Kävlinge;Skåne;2018_v2;735;Kävlinge;1261C1040;FURULUND;1586;591;218;373;522;776;35;Pendlingskommun nära storstad;29;4;11435.59452;2566474.109;2442;1.865017562;3;No
549;{09E804C2-A12C-440C-B37A-821D0B001AB6};1261C1050;1261;12;Kävlinge;Skåne;2018_v2;736;Kävlinge;1261C1050;FURULUND;1506;771;685;86;1263;121;46;Pendlingskommun nära storstad;29;4;6503.168864;1374700.4;8889;2.687368991;14;No
550;{FB0B0558-7536-421F-B0C4-B24C2841C543};1261C1060;1261;12;Kävlinge;Skåne;2018_v2;737;Kävlinge;1261C1060;FURULUND;1388;693;615;78;1176;207;41;Pendlingskommun nära storstad;29;4;8044.45954;1852393.737;4723;0.588267516;5;No
551;{74E3A4CA-5491-4678-BE79-4FFA5F0B2048};1261C1080;1261;12;Kävlinge;Skåne;2018_v2;738;Kävlinge;1261C1080;FURULUND;3041;1305;655;650;1339;1406;78;Pendlingskommun nära storstad;29;4;10271.62711;3188513.903;8889;1.581363194;14;No
552;{CA80A711-6214-421A-AD0A-C2A28BC42710};1261B2050;1261;12;Kävlinge;Skåne;2018_v2;739;Kävlinge;1261B2050;LÖDDEKÖPIN;2491;1414;1452;-38;2473;0;84;Pendlingskommun nära storstad;29;4;14897.12009;8169657.83;10065;8.968040375;5;No
553;{F9412C7B-0ED6-4425-83A5-31F7FB406C7A};1261A0010;1261;12;Kävlinge;Skåne;2018_v2;740;Kävlinge;1261A0010;BARSE;669;402;385;17;654;3;24;Pendlingskommun nära storstad;29;4;42363.51164;37878249.96;7533;16.18100569;11;No
554;{97C48128-A34C-45D5-9B8D-0C76112EF42C};1261B2060;1261;12;Kävlinge;Skåne;2018_v2;741;Kävlinge;1261B2060;DÖSJEBRO;1759;966;967;-1;1725;0;57;Pendlingskommun nära storstad;29;4;17313.88501;5303865.043;18869;9.604882326;30;No
555;{7C3ECDEA-82AA-46EB-AC42-4716C2203D30};1261B2070;1261;12;Kävlinge;Skåne;2018_v2;742;Kävlinge;1261B2070;DÖSJEBRO;1698;959;985;-26;1665;11;57;Pendlingskommun nära storstad;29;4;28843.67272;13696426.01;6635;16.42157862;25;No
556;{3588454C-EF4D-4EF5-9C20-0B703FC03618};1285C1010;1285;12;Eslöv;Skåne;2018_v2;671;Eslöv;1285C1010;ESLÖV;2442;777;84;693;217;1966;46;Pendlingskommun nära större stad;25;3;8072.948766;2149659.206;0;0;0;Medium
557;{CE871FF8-C5E0-410D-AA0B-862FBD86C909};1266A0020;1266;12;Hörby;Skåne;2018_v2;744;Hörby;1266A0020;MALTESHOLM;1157;736;662;74;1130;9;44;Pendlingskommun nära större stad;25;3;48246.83608;97038697.79;1387;75.84727452;50;No
558;{1F01BDE3-8A13-4614-997C-DB1DD141FC7E};1285C1040;1285;12;Eslöv;Skåne;2018_v2;672;Eslöv;1285C1040;ESLÖV;2121;999;926;73;1913;85;59;Pendlingskommun nära större stad;25;3;6407.638398;1366837.305;0;0;0;Medium
559;{73364CF8-D7F0-4D55-866A-A9509AB195BE};1285C1090;1285;12;Eslöv;Skåne;2018_v2;673;Eslöv;1285C1090;ESLÖV;2261;874;329;545;629;1565;52;Pendlingskommun nära större stad;25;3;6799.943869;2397012.507;5939;3.69453306;17;Medium
560;{0CF14584-5A25-4698-BF87-B99C3F750DAC};1290A0010;1290;12;Kristianstad;Skåne;2018_v2;196;Kristianstad;1290A0010;MALTESHOLM;976;657;582;75;945;5;39;Större stad;21;2;74975.54686;94555689.89;1964;52.64723078;37;No
561;{7CF199A9-0A54-4F7B-BFD9-BB97C62EA0A0};1290B7010;1290;12;Kristianstad;Skåne;2018_v2;197;Kristianstad;1290B7010;GUSSARÖD;1418;787;646;141;1245;124;47;Större stad;21;2;12556.25793;9286642.412;5982;10.90418754;12;No
562;{84FA47B0-2F89-478E-882B-19056A546C19};1266A0030;1266;12;Hörby;Skåne;2018_v2;745;Hörby;1266A0030;HÖRBY;928;598;570;28;916;3;35;Pendlingskommun nära större stad;25;3;43208.21548;52679522.01;5319;47.58630545;54;No
563;{23C498B8-212E-41FE-A564-BC8077C44311};1285A0040;1285;12;Eslöv;Skåne;2018_v2;674;Eslöv;1285A0040;ESLÖV;1468;911;865;46;1402;20;54;Pendlingskommun nära större stad;25;3;49544.55682;65118665.1;10093;73.26515662;78;No
564;{EA94FC9A-F65C-4C17-A9F0-418DCC7207D3};1266C1010;1266;12;Hörby;Skåne;2018_v2;746;Hörby;1266C1010;HÖRBY;1623;840;733;107;1468;139;50;Pendlingskommun nära större stad;25;3;12947.86982;6348051.607;5972;5.89259289;6;No
565;{A04D0D37-6A4B-4170-8020-4EF8444185A3};1285C1020;1285;12;Eslöv;Skåne;2018_v2;675;Eslöv;1285C1020;ESLÖV;2293;923;610;313;1224;1003;55;Pendlingskommun nära större stad;25;3;11083.33154;3777052.118;827;1.633809084;2;Medium
566;{8C80D696-3DF9-490B-9F63-22FF2790DB2C};1266C1040;1266;12;Hörby;Skåne;2018_v2;747;Hörby;1266C1040;HÖRBY;1931;810;430;380;927;831;48;Pendlingskommun nära större stad;25;3;7042.531034;2557852.698;5457;6.301205635;17;No
567;{155415C7-38C1-40EA-8B71-B724A7966D3C};1282C1010;1282;12;Landskrona;Skåne;2018_v2;567;Landskrona;1282C1010;DÖSJEBRO;2162;1277;1217;60;2065;3;76;Pendlingskommun nära större stad;25;3;32472.59728;26729519.38;22434;26.69740804;40;No
568;{DB61240D-3747-405F-AD47-652122D0C2CD};1285C1050;1285;12;Eslöv;Skåne;2018_v2;676;Eslöv;1285C1050;ESLÖV;1858;603;275;328;624;1139;36;Pendlingskommun nära större stad;25;3;9597.784677;5218948.403;10741;6.754215003;31;Medium
569;{03F24BF3-AD29-4423-9720-C2DD4F6CCE2A};1285A0030;1285;12;Eslöv;Skåne;2018_v2;677;Eslöv;1285A0030;ESLÖV;799;419;384;35;704;63;25;Pendlingskommun nära större stad;25;3;39278.9836;35887442.38;5619;25.37516375;34;No
570;{B4171C31-A60D-4CBD-ABE3-BF03E8774DA1};1285C1070;1285;12;Eslöv;Skåne;2018_v2;678;Eslöv;1285C1070;ESLÖV;2250;1103;995;108;1903;222;66;Pendlingskommun nära större stad;25;3;7040.605501;2204480.343;1176;0.380848561;1;Medium
571;{8DEC1B85-5970-4806-BE8E-967130AB5304};1266C1020;1266;12;Hörby;Skåne;2018_v2;748;Hörby;1266C1020;HÖRBY;2448;1098;680;418;1400;975;65;Pendlingskommun nära större stad;25;3;10925.93598;5907810.467;506;0.69295499;3;No
572;{ADB69F2E-6AF9-4E66-9FB6-75FE7F940C23};1285C1080;1285;12;Eslöv;Skåne;2018_v2;679;Eslöv;1285C1080;ESLÖV;2971;1060;486;574;1109;1765;63;Pendlingskommun nära större stad;25;3;6769.532624;1599573.813;4680;0.863354901;5;Medium
573;{6D5DA83E-67D7-4E0F-A6E0-76CAAA2A5FF6};1282C1020;1282;12;Landskrona;Skåne;2018_v2;568;Landskrona;1282C1020;VADENSJÖ;2813;1419;1438;-19;2739;43;85;Pendlingskommun nära större stad;25;3;8999.072995;3344252.878;1730;2.158850491;4;No
574;{54FBD6B8-434F-44EA-9E4D-B1DA94B78983};1282C1030;1282;12;Landskrona;Skåne;2018_v2;569;Landskrona;1282C1030;VADENSJÖ;1196;586;512;74;1023;0;35;Pendlingskommun nära större stad;25;3;13387.26795;7012927.055;12892;8.091403581;5;No
575;{9F47F141-4A88-4A5A-990B-5B1ABA731D1D};1285B2010;1285;12;Eslöv;Skåne;2018_v2;680;Eslöv;1285B2010;SVALÖV;1827;956;798;158;1423;337;57;Pendlingskommun nära större stad;25;3;12525.55093;7079037.356;2886;7.046204482;20;No
576;{741E2931-98A8-4608-ABAB-ABAFB4CE2653};1282C1040;1282;12;Landskrona;Skåne;2018_v2;570;Landskrona;1282C1040;LANDSKRON;2148;852;105;747;199;1787;51;Pendlingskommun nära större stad;25;3;14266.69223;10467366.26;443;0.210424766;2;Medium
577;{A915E7F3-8594-4582-8A57-963A26850479};1290A0020;1290;12;Kristianstad;Skåne;2018_v2;198;Kristianstad;1290A0020;GUSSARÖD;1529;963;849;114;1495;20;57;Större stad;21;2;65079.8495;97067528.42;4970;52.22226486;42;No
578;{2361BB49-9D8A-4B57-A5AF-0A123DA0A581};1282C1060;1282;12;Landskrona;Skåne;2018_v2;571;Landskrona;1282C1060;LANDSKRON;2335;587;131;456;349;1866;35;Pendlingskommun nära större stad;25;3;2417.406374;215292.6397;0;0;0;Medium
579;{FBA4F4BD-38A7-401A-9047-8BCBFB52C8D8};1266C1030;1266;12;Hörby;Skåne;2018_v2;749;Hörby;1266C1030;HÖRBY;2074;1043;788;255;1599;343;62;Pendlingskommun nära större stad;25;3;15797.94215;6577904.404;7268;18.53313858;71;No
580;{09DA486B-F9F8-45B0-B5D7-634ACE1FED56};1214B2010;1214;12;Svalöv;Skåne;2018_v2;753;Svalöv;1214B2010;SVALÖV;1986;941;761;180;1484;396;56;Pendlingskommun nära större stad;25;3;9256.934335;6050253.142;7143;8.167045872;16;No
581;{338E0FD7-0AB8-42EF-8103-04E1827B00AE};1282C1150;1282;12;Landskrona;Skåne;2018_v2;572;Landskrona;1282C1150;LANDSKRON;1209;335;0;335;0;1083;20;Pendlingskommun nära större stad;25;3;1267.738126;97314.9839;0;0;0;Medium
582;{877BFE8F-7876-41EE-A336-AAE6EE2C1B7C};1267A0010;1267;12;Höör;Skåne;2018_v2;762;Höör;1267A0010;HÖGSERÖD;1666;1014;972;42;1636;8;60;Pendlingskommun nära mindre tätort;33;5;50954.64097;79314511.82;7986;74.12296454;90;No
583;{A429813D-C7F3-4D84-942F-AA579617A29E};1282C1050;1282;12;Landskrona;Skåne;2018_v2;573;Landskrona;1282C1050;LANDSKRON;2569;803;440;363;1046;1473;48;Pendlingskommun nära större stad;25;3;7877.334631;2241612.529;18000;6.576807343;34;Medium
584;{94137FEF-8CE9-46B0-BC04-AFB07EBAF519};1282C1100;1282;12;Landskrona;Skåne;2018_v2;574;Landskrona;1282C1100;LANDSKRON;2282;758;306;452;714;1438;45;Pendlingskommun nära större stad;25;3;3592.310736;477630.1797;0;0;0;Medium
585;{3EA33E90-76AD-43C2-B1D6-3E9360720BCD};1282C1110;1282;12;Landskrona;Skåne;2018_v2;575;Landskrona;1282C1110;LANDSKRON;2055;645;68;577;169;1759;38;Pendlingskommun nära större stad;25;3;2397.63402;203430.8138;0;0;0;Medium
586;{8695DF82-A76A-4608-BE44-9A5F44760BD6};1282C1090;1282;12;Landskrona;Skåne;2018_v2;576;Landskrona;1282C1090;LANDSKRON;1913;663;130;533;304;1524;39;Pendlingskommun nära större stad;25;3;6964.893556;2071325.839;0;0;0;Medium
587;{D3D5ADE7-1B90-4BF6-9FBC-69829A606C99};1282C1120;1282;12;Landskrona;Skåne;2018_v2;577;Landskrona;1282C1120;LANDSKRON;1390;607;319;288;603;784;36;Pendlingskommun nära större stad;25;3;3760.345647;382223.1859;0;0;0;Medium
588;{6ABBFFE1-3805-4174-BE6F-C1F19332EC85};1282C1140;1282;12;Landskrona;Skåne;2018_v2;578;Landskrona;1282C1140;LANDSKRON;1227;440;0;440;0;1209;26;Pendlingskommun nära större stad;25;3;1688.183631;168739.4688;0;0;0;Medium
589;{43068C1F-2C82-459E-A23F-AA7D0E1E12B2};1282C1130;1282;12;Landskrona;Skåne;2018_v2;579;Landskrona;1282C1130;LANDSKRON;1769;626;183;443;447;1257;37;Pendlingskommun nära större stad;25;3;4284.27214;572084.5486;0;0;0;Medium
590;{B3758234-4C5D-475C-A06C-02FE3FBDC3B5};1214B4010;1214;12;Svalöv;Skåne;2018_v2;754;Svalöv;1214B4010;SVALÖV;1125;641;574;67;1014;59;38;Pendlingskommun nära större stad;25;3;12467.25815;7752814.582;7663;11.35854824;15;No
591;{E3C36F97-0A61-4057-83C6-B15DEADA7B2B};1282B3010;1282;12;Landskrona;Skåne;2018_v2;580;Landskrona;1282B3010;VADENSJÖ;1795;999;923;76;1582;149;59;Pendlingskommun nära större stad;25;3;9085.921595;5885599.145;7945;10.22764873;32;No
592;{C37D9C3F-1165-4075-967B-3D93C3A9D4E4};1283B2010;1283;12;Helsingborg;Skåne;2018_v2;116;Helsingborg;1283B2010;RAUS_GÅRD;1927;905;923;-18;1918;0;54;Större stad;21;2;5939.762108;1752059.361;0;0;0;No
593;{DCFB9FDF-DB4C-4E30-8883-AB8F67FE5000};1267C1060;1267;12;Höör;Skåne;2018_v2;763;Höör;1267C1060;MAGLASÄTE;2116;1075;1028;47;2006;52;64;Pendlingskommun nära mindre tätort;33;5;36393.53739;18097419.16;9506;11.55940701;12;No
594;{904A71F8-379E-498C-B73B-57A93B0E6CFD};1282C1180;1282;12;Landskrona;Skåne;2018_v2;581;Landskrona;1282C1180;LANDSKRON;2123;995;693;302;1464;609;59;Pendlingskommun nära större stad;25;3;3340.853592;686102.2021;0;0;0;Medium
595;{DA964DC5-FFEC-4BAF-B9D9-465D03637274};1214A0010;1214;12;Svalöv;Skåne;2018_v2;755;Svalöv;1214A0010;SVALÖV;968;687;674;13;965;0;41;Pendlingskommun nära större stad;25;3;63079.8419;43497674.63;4767;34.8820353;34;No
596;{661865DE-9C22-410D-83FA-35712953C12D};1282C1200;1282;12;Landskrona;Skåne;2018_v2;582;Landskrona;1282C1200;LANDSKRON;2151;702;258;444;523;1620;42;Pendlingskommun nära större stad;25;3;7368.629074;1628446.65;268;0.180278287;3;Medium
597;{599BEBB7-725B-497F-AD25-58BDC74DF6A4};1283C1310;1283;12;Helsingborg;Skåne;2018_v2;117;Helsingborg;1283C1310;OLYMPIA;1720;522;5;517;12;1678;31;Större stad;21;2;1613.295159;119885.0588;0;0;0;Large
598;{42D6F552-3BA9-4DC8-8D26-61C194133564};1283C1300;1283;12;Helsingborg;Skåne;2018_v2;118;Helsingborg;1283C1300;OLYMPIA;1901;837;868;-31;1843;15;50;Större stad;21;2;3606.470215;589716.3964;0;0;0;Large
599;{C15FF555-7803-4E7C-9574-F302FE2E7238};1285B4010;1285;12;Eslöv;Skåne;2018_v2;681;Eslöv;1285B4010;MAGLASÄTE;1443;646;583;63;1157;57;38;Pendlingskommun nära större stad;25;3;8524.152068;5451440.678;1022;6.833735974;13;No
600;{5EFB8BAE-503F-4339-BF54-95C732B6A7C9};1266A0040;1266;12;Hörby;Skåne;2018_v2;750;Hörby;1266A0040;HÖRBY;1031;647;591;56;1006;4;38;Pendlingskommun nära större stad;25;3;50225.9774;78574868.92;836;61.9967863;40;No
601;{DC175B22-EC45-4D43-9C73-2D2F9317CF60};1290B2010;1290;12;Kristianstad;Skåne;2018_v2;199;Kristianstad;1290B2010;ÅHUS_V;2633;1448;1331;117;2618;0;86;Större stad;21;2;23293.46813;14624383.28;5177;4.537103616;4;No
602;{9A79B20C-A300-4205-B49D-7225571A76C0};1282C1170;1282;12;Landskrona;Skåne;2018_v2;583;Landskrona;1282C1170;LANDSKRON;1080;301;37;264;79;971;18;Pendlingskommun nära större stad;25;3;14103.60637;4777576.327;9504;4.883469483;19;Medium
603;{7CBDDE4B-F490-40FC-B4C8-A3AE7A343F62};1282C1190;1282;12;Landskrona;Skåne;2018_v2;584;Landskrona;1282C1190;LANDSKRON;2795;1351;1165;186;2343;356;81;Pendlingskommun nära större stad;25;3;9237.366718;3172280.898;499;0.428700618;1;Medium
604;{353BEE56-9027-448F-8129-3C231F067BF1};1290B2020;1290;12;Kristianstad;Skåne;2018_v2;200;Kristianstad;1290B2020;ÅHUS_V;1215;630;457;173;1016;128;37;Större stad;21;2;7026.010342;1173494.409;8716;3.221368649;17;No
605;{88D0E3C8-4E9E-4B57-9843-E97ACC5E77FA};1290B2030;1290;12;Kristianstad;Skåne;2018_v2;201;Kristianstad;1290B2030;ÅHUS_V;1939;938;568;370;1187;720;56;Större stad;21;2;7543.988774;1693947.13;3949;0.287407444;2;No
606;{F6732A0E-617B-4D57-BB37-170DD024537C};1266B2010;1266;12;Hörby;Skåne;2018_v2;751;Hörby;1266B2010;HÖRBY;1484;876;778;98;1437;13;52;Pendlingskommun nära större stad;25;3;18582.25831;10847200.68;3968;6.141733294;4;No
607;{BFB5226B-06BA-4195-9E77-18412E9A54C7};1285A0050;1285;12;Eslöv;Skåne;2018_v2;682;Eslöv;1285A0050;SVALÖV;1186;791;756;35;1143;4;47;Pendlingskommun nära större stad;25;3;69924.29696;66791952.92;6579;49.68388822;47;No
608;{B2B087BF-96E2-459B-80F7-D97600BCB6A8};1290B2050;1290;12;Kristianstad;Skåne;2018_v2;202;Kristianstad;1290B2050;ÅHUS_V;2287;1262;1119;143;2055;173;75;Större stad;21;2;7632.568164;2685999.887;0;0;0;No
609;{351AB2A3-3C27-41E4-8A54-912D001307BB};1214C1020;1214;12;Svalöv;Skåne;2018_v2;756;Svalöv;1214C1020;SVALÖV;2171;949;596;353;1206;879;56;Pendlingskommun nära större stad;25;3;14587.72912;5687529.926;2723;4.578229795;5;No
610;{D8C1557F-1FD4-42F1-84DB-B691D800C4F2};1290A0030;1290;12;Kristianstad;Skåne;2018_v2;203;Kristianstad;1290A0030;MALTESHOLM;1589;951;832;119;1496;32;57;Större stad;21;2;70784.43365;102291822.8;5965;51.17790359;37;No
611;{8430D007-51AF-42BF-A3D7-CB46CB9364F1};1283C1640;1283;12;Helsingborg;Skåne;2018_v2;119;Helsingborg;1283C1640;OLYMPIA;1955;776;670;106;1480;23;46;Större stad;21;2;6453.416774;2100336.946;8744;3.014631263;16;No
612;{C6EEB403-C8F1-4EEB-9D8D-DFD1B8445E81};1214C1010;1214;12;Svalöv;Skåne;2018_v2;757;Svalöv;1214C1010;SVALÖV;2111;965;731;234;1442;518;57;Pendlingskommun nära större stad;25;3;9326.968162;3217511.033;3600;4.621589268;9;No
613;{711A5BA5-0E6C-4655-839B-0106150E57CC};1267C1010;1267;12;Höör;Skåne;2018_v2;764;Höör;1267C1010;MAGLASÄTE;1909;1119;1027;92;1814;29;67;Pendlingskommun nära mindre tätort;33;5;33860.18425;18721598.54;4213;17.47660946;21;No
614;{6891B310-E1BA-4D09-9156-10971EA2B214};1267C1020;1267;12;Höör;Skåne;2018_v2;765;Höör;1267C1020;MAGLASÄTE;2301;1007;850;157;1835;406;60;Pendlingskommun nära mindre tätort;33;5;6933.3496;2328515.729;5296;0.542558422;10;No
615;{C3BC7030-67B5-463D-BECB-F4E75BDBD51F};1267C1030;1267;12;Höör;Skåne;2018_v2;766;Höör;1267C1030;MAGLASÄTE;1996;925;912;13;1924;65;55;Pendlingskommun nära mindre tätort;33;5;8919.461757;1833937.482;8505;2.882376758;26;No
616;{C95E6BC3-9146-4AE7-AC04-343D9F6B6731};1285A0060;1285;12;Eslöv;Skåne;2018_v2;683;Eslöv;1285A0060;ESLÖV;1091;683;655;28;1056;0;40;Pendlingskommun nära större stad;25;3;65802.13097;64272278.04;5973;35.82045767;27;No
617;{491B166F-9A31-46D5-9CDF-59BA0D097826};1290B2040;1290;12;Kristianstad;Skåne;2018_v2;204;Kristianstad;1290B2040;ÅHUS_V;1956;1019;999;20;1931;0;61;Större stad;21;2;14283.90164;6315017.578;1954;3.461107772;6;No
618;{58EBD6E6-3CCF-4917-8373-08798EB1423D};1267C1050;1267;12;Höör;Skåne;2018_v2;767;Höör;1267C1050;MAGLASÄTE;2225;856;356;500;851;1249;51;Pendlingskommun nära mindre tätort;33;5;5926.426211;1195284.976;10922;2.569365303;15;No
619;{E90BEAA1-B445-48C9-B657-3169B85CDD56};1290B2060;1290;12;Kristianstad;Skåne;2018_v2;205;Kristianstad;1290B2060;ÅHUS_V;1584;814;619;195;1246;295;48;Större stad;21;2;11245.95948;5059270.95;6067;2.019369985;1;No
620;{0C749436-DCD2-4612-9352-576ABF83EF75};1290B3010;1290;12;Kristianstad;Skåne;2018_v2;206;Kristianstad;1290B3010;MALTESHOLM;2153;1135;910;225;1721;405;68;Större stad;21;2;13812.64886;8553632.977;950;8.804495491;12;No
621;{231DE7A5-FD84-404F-BE1A-31871E9FAEC5};1283C1420;1283;12;Helsingborg;Skåne;2018_v2;120;Helsingborg;1283C1420;OLYMPIA;1412;566;31;535;70;1334;33;Större stad;21;2;1985.325946;136998.763;0;0;0;No
622;{CF82F0B9-4506-47D8-AA44-33C86EB8965B};1283C1430;1283;12;Helsingborg;Skåne;2018_v2;121;Helsingborg;1283C1430;OLYMPIA;1820;737;56;681;113;1680;44;Större stad;21;2;1487.201874;112167.7208;0;0;0;Large
623;{04CF6385-4B98-4CEC-8510-5E2980D74210};1290B3020;1290;12;Kristianstad;Skåne;2018_v2;207;Kristianstad;1290B3020;MALTESHOLM;1455;776;625;151;1200;201;46;Större stad;21;2;14569.71252;7887281.905;871;6.387096068;6;No
624;{FA9503BC-5314-407A-BD70-0E4BA96CC84A};1267C1040;1267;12;Höör;Skåne;2018_v2;768;Höör;1267C1040;MAGLASÄTE;2183;1028;815;213;1694;448;61;Pendlingskommun nära mindre tätort;33;5;9840.704798;4158997.082;3887;4.047131944;14;No
625;{88E7E7E9-EA7B-46FE-A825-0E9A912F96A0};1266A0050;1266;12;Hörby;Skåne;2018_v2;752;Hörby;1266A0050;HÖRBY;1354;869;802;67;1340;0;52;Pendlingskommun nära större stad;25;3;61888.80371;101209872.4;6095;80.00986417;79;No
626;{A87B5F2E-2662-4428-9C58-ECAF363D1729};1282A0010;1282;12;Landskrona;Skåne;2018_v2;585;Landskrona;1282A0010;VADENSJÖ;2642;1602;1512;90;2524;24;96;Pendlingskommun nära större stad;25;3;86296.6494;106311081.2;22501;70.6739218;91;No
627;{1A866FC3-7BD4-4D4D-B735-6DC6D5A2173E};1282B2010;1282;12;Landskrona;Skåne;2018_v2;586;Landskrona;1282B2010;RAUS_GÅRD;2555;1242;1228;14;2411;3;74;Pendlingskommun nära större stad;25;3;17897.59429;9875911.276;19397;18.62771895;32;No
628;{EE6DC3F5-82CB-4524-A31C-2B8E16003AAE};1283B5010;1283;12;Helsingborg;Skåne;2018_v2;122;Helsingborg;1283B5010;RAUS_GÅRD;941;567;508;59;852;38;34;Större stad;21;2;12460.30799;7918477.194;1865;10.44579136;10;No
629;{ECC0E226-8F3D-4E65-8377-5A411B21AE1B};1283B2020;1283;12;Helsingborg;Skåne;2018_v2;123;Helsingborg;1283B2020;RAUS_GÅRD;2885;1259;798;461;1549;930;75;Större stad;21;2;8893.297403;2629499.131;22760;7.169854841;27;No
630;{4EAA1664-1FD7-498A-8D1B-79DC682764CF};1283B2030;1283;12;Helsingborg;Skåne;2018_v2;124;Helsingborg;1283B2030;RAUS_GÅRD;1759;834;850;-16;1713;0;50;Större stad;21;2;8758.001239;3608118.631;4069;1.79308215;2;No
631;{B11F65C3-E5BC-461C-A46E-9F858A8E7AD8};1214A0020;1214;12;Svalöv;Skåne;2018_v2;758;Svalöv;1214A0020;SVALÖV;1844;1135;1049;86;1712;31;68;Pendlingskommun nära större stad;25;3;82567.4791;108045756.4;3545;79.93480779;55;No
632;{70324581-13F6-4E61-9491-BB407355812F};1290C1030;1290;12;Kristianstad;Skåne;2018_v2;208;Kristianstad;1290C1030;KRISTIAN;1855;924;917;7;1796;44;55;Större stad;21;2;12537.39484;4700276.708;156;0.244456333;2;No
633;{429B0C43-923B-4B2B-9475-9A5CF35F896C};1290C1160;1290;12;Kristianstad;Skåne;2018_v2;209;Kristianstad;1290C1160;KRISTIAN;2454;722;27;695;63;2335;43;Större stad;21;2;3074.853231;309366.6408;0;0;0;Medium
634;{D9C1E1E5-C750-4D9E-8D71-C24EB58DCC84};1283C1170;1283;12;Helsingborg;Skåne;2018_v2;125;Helsingborg;1283C1170;RAUS_GÅRD;1639;769;783;-14;1616;6;46;Större stad;21;2;4417.878651;798165.2171;0;0;0;No
635;{9DC3B8B6-B5F1-4613-9ADA-269C535147D3};1290C1010;1290;12;Kristianstad;Skåne;2018_v2;210;Kristianstad;1290C1010;KRISTIAN;1034;564;475;89;831;173;33;Större stad;21;2;15646.54486;7111004.218;9033;15.40895854;37;No
636;{6E7385F2-B94D-4BA3-BEE8-95B081E4E4E3};1290A0040;1290;12;Kristianstad;Skåne;2018_v2;211;Kristianstad;1290A0040;ÅHUS_V;2009;1197;1148;49;1963;15;71;Större stad;21;2;56685.67629;99042243.56;5157;58.43966397;39;No
637;{ACB495E3-750F-456D-8E2A-EB027507DC2B};1283C1010;1283;12;Helsingborg;Skåne;2018_v2;126;Helsingborg;1283C1010;RAUS_GÅRD;1512;772;756;16;1421;7;46;Större stad;21;2;8352.351113;4208478.721;3389;2.40772519;4;No
638;{363F87F6-063F-4731-B156-854AB7CEC788};1285A0070;1285;12;Eslöv;Skåne;2018_v2;684;Eslöv;1285A0070;MAGLASÄTE;990;605;532;73;895;79;36;Pendlingskommun nära större stad;25;3;34669.02087;41391839.58;3261;14.97532046;8;No
639;{62F5825F-B4C7-41FD-8CB8-80B1E757007D};1290A0060;1290;12;Kristianstad;Skåne;2018_v2;212;Kristianstad;1290A0060;ÅHUS_V;949;554;518;36;926;7;33;Större stad;21;2;39921.19775;37549070.71;9482;16.24820354;22;No
640;{4475EB7B-83C9-4C55-9A92-DDC24039D4DD};1290C1020;1290;12;Kristianstad;Skåne;2018_v2;213;Kristianstad;1290C1020;KRISTIAN;2326;1260;1139;121;2098;211;75;Större stad;21;2;16117.662;10322816.22;5596;3.601405941;7;No
641;{06CAA211-A0CB-4F38-B87A-46C2BB387B6C};1283C1020;1283;12;Helsingborg;Skåne;2018_v2;127;Helsingborg;1283C1020;RAUS_GÅRD;1723;778;639;139;1430;144;46;Större stad;21;2;10924.20409;5597279.406;7740;2.792797895;2;No
642;{574DC5EB-C918-4A2B-8D55-83663F2B0498};1267C1070;1267;12;Höör;Skåne;2018_v2;769;Höör;1267C1070;HÄGLINGE;988;576;501;75;915;51;34;Pendlingskommun nära mindre tätort;33;5;18605.7973;13096269.53;6992;13.76913555;14;No
643;{49CAC750-0274-4873-AA5A-CED5128763CC};1283C1530;1283;12;Helsingborg;Skåne;2018_v2;128;Helsingborg;1283C1530;OLYMPIA;2594;930;7;923;16;2386;55;Större stad;21;2;2934.43337;377601.3243;0;0;0;Large
644;{5EFC8CEE-92D8-446C-B894-FFA5066514B7};1283C1560;1283;12;Helsingborg;Skåne;2018_v2;129;Helsingborg;1283C1560;FILBORNA;1837;575;0;575;0;1828;34;Större stad;21;2;2446.415683;317560.2867;0;0;0;Large
645;{3179CF47-C1EF-4E20-ACE3-A5B4457B8DED};1214B3010;1214;12;Svalöv;Skåne;2018_v2;759;Svalöv;1214B3010;SVALÖV;1617;876;763;113;1413;137;52;Pendlingskommun nära större stad;25;3;10328.18782;7573193.991;2829;9.894299319;16;No
646;{C3092A07-91CE-4DB6-A85B-70897253E0FD};1283A0010;1283;12;Helsingborg;Skåne;2018_v2;130;Helsingborg;1283A0010;VADENSJÖ;1290;801;802;-1;1262;3;48;Större stad;21;2;61101.21825;53110133.36;3144;45.92435121;40;No
647;{E73EAA25-03DB-4EC8-A5C2-141F4D766F5B};1290C1040;1290;12;Kristianstad;Skåne;2018_v2;214;Kristianstad;1290C1040;KRISTIAN;1199;668;645;23;1184;0;40;Större stad;21;2;12529.28877;7124164.631;2465;6.394586651;8;No
648;{29349AC0-5EDA-468A-B429-B46E7B6E9014};1290C1050;1290;12;Kristianstad;Skåne;2018_v2;215;Kristianstad;1290C1050;KRISTIAN;2533;1236;1132;104;2224;249;74;Större stad;21;2;10301.59241;3661404.761;1581;0.766872869;3;No
649;{9245DB56-0759-4F2B-899D-5D2C341FDB29};1283C1030;1283;12;Helsingborg;Skåne;2018_v2;131;Helsingborg;1283C1030;RAUS_GÅRD;1582;736;399;337;853;633;44;Större stad;21;2;5482.941497;1427485.439;0;0;0;Large
650;{F52F41A5-B196-4DE1-A1BE-B488559B41A8};1290C1060;1290;12;Kristianstad;Skåne;2018_v2;216;Kristianstad;1290C1060;KRISTIAN;1656;665;500;165;1078;565;39;Större stad;21;2;11507.09855;4651569.397;10037;11.79716391;48;No
651;{A906D2C2-29AC-41FF-83C3-89CD68D7253F};1290C1070;1290;12;Kristianstad;Skåne;2018_v2;217;Kristianstad;1290C1070;KRISTIAN;2249;814;67;747;146;2073;48;Större stad;21;2;9030.280787;3153690.077;11689;7.309863091;14;Medium
652;{35B3E46A-352D-4D4E-87C7-E56CF609880C};1283C1040;1283;12;Helsingborg;Skåne;2018_v2;132;Helsingborg;1283C1040;RAUS_GÅRD;2224;928;698;230;1562;658;55;Större stad;21;2;7094.599003;1992853.838;1763;0.35149556;1;Large
653;{35BB9F01-5CB6-46E6-A244-643F0E662D9F};1290C1100;1290;12;Kristianstad;Skåne;2018_v2;218;Kristianstad;1290C1100;KRISTIAN;2039;717;40;677;93;1934;43;Större stad;21;2;2241.493289;267519.9556;0;0;0;Medium
654;{2C712257-61EC-44C0-ACE0-1F253ECC72C4};1290A0050;1290;12;Kristianstad;Skåne;2018_v2;219;Kristianstad;1290A0050;MALTESHOLM;1824;1077;933;144;1681;0;64;Större stad;21;2;104142.4187;123418812.3;6000;102.6147366;96;No
655;{D0F20BE1-434D-4E07-8DC3-65C91AFCC283};1290C1090;1290;12;Kristianstad;Skåne;2018_v2;220;Kristianstad;1290C1090;KRISTIAN;1878;789;427;362;889;902;47;Större stad;21;2;8172.437749;2714823.231;10800;3.653475962;10;Medium
656;{2D88A385-4CCA-4F66-80C4-4E4DF35BF21D};1290C1130;1290;12;Kristianstad;Skåne;2018_v2;221;Kristianstad;1290C1130;KRISTIAN;1839;645;2;643;6;1737;38;Större stad;21;2;1959.421703;217111.0552;0;0;0;Medium
657;{5A236EBB-C711-4558-A154-C220DA98D079};1290C1080;1290;12;Kristianstad;Skåne;2018_v2;222;Kristianstad;1290C1080;KRISTIAN;1979;820;360;460;669;1240;49;Större stad;21;2;10949.14617;4494506.684;13182;12.11077816;39;No
658;{681B24F2-BEA5-4A5E-89C7-E4EF8DC3C80C};1283C1050;1283;12;Helsingborg;Skåne;2018_v2;133;Helsingborg;1283C1050;RAUS_GÅRD;1490;784;808;-24;1485;0;47;Större stad;21;2;8049.472058;2888892.742;9877;3.84957577;11;No
659;{D56CEF98-9358-4B9B-ADB2-7534533E188F};1283C1070;1283;12;Helsingborg;Skåne;2018_v2;134;Helsingborg;1283C1070;RAUS_GÅRD;1467;529;102;427;232;1143;31;Större stad;21;2;8938.614173;3430780.365;0;0;0;Large
660;{4AF9DFFB-4043-495A-9445-411EF5ED6C5A};1283C1060;1283;12;Helsingborg;Skåne;2018_v2;135;Helsingborg;1283C1060;RAUS_GÅRD;1019;538;482;56;830;186;32;Större stad;21;2;11465.36901;4152658.385;6038;5.695842179;12;No
661;{BC8B49E9-D0BF-40CA-9EB3-03AB080AF2E2};1290C1120;1290;12;Kristianstad;Skåne;2018_v2;223;Kristianstad;1290C1120;KRISTIAN;2304;716;23;693;56;1799;42;Större stad;21;2;4084.220099;698617.6527;0;0;0;Medium
662;{B1FD9D52-15F2-4BC8-825B-A2AB22C70983};1214A0040;1214;12;Svalöv;Skåne;2018_v2;760;Svalöv;1214A0040;MAGLASÄTE;1099;599;527;72;955;117;35;Pendlingskommun nära större stad;25;3;25578.03308;26767659.8;3356;14.88239832;10;No
663;{B2AAF48A-13E2-4CA1-93A5-98A9A6896A6A};1283C1080;1283;12;Helsingborg;Skåne;2018_v2;136;Helsingborg;1283C1080;RAUS_GÅRD;1703;749;235;514;434;1252;44;Större stad;21;2;10354.59553;2737604.686;16335;8.630329453;28;Large
664;{9825ECC8-DCAE-46D1-A7D3-7FDC49BE52A9};1283C1090;1283;12;Helsingborg;Skåne;2018_v2;137;Helsingborg;1283C1090;RAUS_GÅRD;1531;552;187;365;466;958;33;Större stad;21;2;3063.898021;524561.4376;0;0;0;Large
665;{D975ABA2-3C5A-49A5-A749-70BD41C38106};1290C1140;1290;12;Kristianstad;Skåne;2018_v2;224;Kristianstad;1290C1140;KRISTIAN;1892;624;28;596;68;1742;37;Större stad;21;2;4292.774153;441804.4349;0;0;0;Medium
666;{B3D1D65D-CB91-4749-B30F-4B53508DC184};1283C1110;1283;12;Helsingborg;Skåne;2018_v2;138;Helsingborg;1283C1110;RAUS_GÅRD;1811;783;745;38;1627;119;46;Större stad;21;2;3728.337971;691688.4596;4478;2.290325191;10;Large
667;{E2DB478E-346F-4CE0-A8DF-03E63739968A};1290A0070;1290;12;Kristianstad;Skåne;2018_v2;225;Kristianstad;1290A0070;KRISTIAN;1040;678;630;48;1008;0;40;Större stad;21;2;69621.92674;92895415.6;5900;75.71593019;66;No
668;{D5C6AE3C-7BFA-4029-B96D-4C72EC232B5E};1283C1100;1283;12;Helsingborg;Skåne;2018_v2;139;Helsingborg;1283C1100;RAUS_GÅRD;1581;757;768;-11;1509;27;45;Större stad;21;2;8136.234598;2302677.717;17265;6.857931341;23;Large
669;{E40700EB-88CD-4E2D-B364-9D50CA939762};1290C1110;1290;12;Kristianstad;Skåne;2018_v2;226;Kristianstad;1290C1110;KRISTIAN;2182;1065;1016;49;2118;25;63;Större stad;21;2;11567.53392;4981717.905;4190;3.896309282;7;No
670;{0FF57D9F-22BC-40CC-9936-8B2CE5FEC449};1283C1150;1283;12;Helsingborg;Skåne;2018_v2;140;Helsingborg;1283C1150;IPOS;1971;670;0;670;0;1907;40;Större stad;21;2;2921.946157;477198.6697;4822;3.090337521;11;Large
671;{D50243CB-264E-43D3-852C-2DB0B2A58A24};1283C1120;1283;12;Helsingborg;Skåne;2018_v2;141;Helsingborg;1283C1120;IPOS;2403;748;230;518;549;1742;44;Större stad;21;2;6805.666827;1459900.882;0;0;0;Large
672;{843D8EB9-FAD0-4B39-AEF4-F0A7517F37A0};1290C1170;1290;12;Kristianstad;Skåne;2018_v2;227;Kristianstad;1290C1170;KRISTIAN;1828;689;0;689;0;1778;41;Större stad;21;2;3137.04631;536709.3404;0;0;0;Medium
673;{D1C38080-7302-49B8-A9EE-DDF728BD74EF};1260B2010;1260;12;Bjuv;Skåne;2018_v2;771;Bjuv;1260B2010;MÖRARP;1937;1123;942;181;1613;214;67;Pendlingskommun nära större stad;25;3;31977.80665;21304761.22;4823;16.69956999;30;No
674;{D9367031-1D82-4406-AF24-ED25242ACC30};1290C1150;1290;12;Kristianstad;Skåne;2018_v2;228;Kristianstad;1290C1150;KRISTIAN;1856;743;307;436;696;1144;44;Större stad;21;2;9083.233555;2305961.258;0;0;0;Medium
675;{84659522-0150-42AD-A703-16C3F5F71221};1283C1130;1283;12;Helsingborg;Skåne;2018_v2;142;Helsingborg;1283C1130;VÄSTHAM;2069;489;47;442;129;1795;29;Större stad;21;2;5380.346923;1113003.695;0;0;0;Large
676;{1A96157F-3240-4E22-BA4F-39E3A0BA7AA2};1260A0010;1260;12;Bjuv;Skåne;2018_v2;772;Bjuv;1260A0010;MÖRARP;1757;1011;960;51;1664;41;60;Pendlingskommun nära större stad;25;3;25250.83012;12731525.32;1173;9.898331094;12;No
677;{DB88D429-5B2E-44AB-BEAC-16427690BAEF};1290B4010;1290;12;Kristianstad;Skåne;2018_v2;229;Kristianstad;1290B4010;KRISTIAN;1959;1076;923;153;1675;201;64;Större stad;21;2;12703.51858;9605522.283;8891;20.47636545;49;No
678;{3FB73EF8-7853-4227-816C-989061430DDA};1283C1190;1283;12;Helsingborg;Skåne;2018_v2;143;Helsingborg;1283C1190;IPOS;2181;848;585;263;1271;818;50;Större stad;21;2;3970.080026;671633.2621;544;0.214846849;2;Large
679;{77530F3C-6FF8-47AE-9FC7-953ABCAAB4B5};1293B5010;1293;12;Hässleholm;Skåne;2018_v2;44;Hässleholm;1293B5010;HÄGLINGE;1904;826;607;219;1418;333;49;Lågpendlingskommun nära större stad;31;6;11519.67498;7941293.593;7223;12.79251622;33;No
680;{0CD56F64-2AFC-4C42-B5A1-1B6BFE87209F};1283C1210;1283;12;Helsingborg;Skåne;2018_v2;144;Helsingborg;1283C1210;OLYMPIA;2197;625;68;557;166;1866;37;Större stad;21;2;3841.953095;595097.8344;13941;1.282449424;6;Large
681;{82245132-5A83-4C58-B05F-EB9848B7E680};1283C1200;1283;12;Helsingborg;Skåne;2018_v2;145;Helsingborg;1283C1200;VÄSTHAM;3279;613;0;613;0;2931;36;Större stad;21;2;8360.632521;2261985.342;14541;2.222201676;9;Large
682;{CE375FB0-5E1A-4F1A-BF3A-24D90086ED15};1290C1200;1290;12;Kristianstad;Skåne;2018_v2;230;Kristianstad;1290C1200;KRISTIAN;1600;643;319;324;628;913;38;Större stad;21;2;3735.601164;435599.6947;0;0;0;Medium
683;{1E7E925F-ACAA-4728-8382-AE91BC35818E};1283C1160;1283;12;Helsingborg;Skåne;2018_v2;146;Helsingborg;1283C1160;RAUS_GÅRD;1792;913;904;9;1683;69;54;Större stad;21;2;11351.22238;5219303.321;6374;5.541594159;23;No
684;{A784988B-6F9B-4756-A4C1-61261CB3F0A5};1283C1140;1283;12;Helsingborg;Skåne;2018_v2;147;Helsingborg;1283C1140;FILBORNA;1843;1004;980;24;1823;0;60;Större stad;21;2;12372.63908;6470987.584;3142;5.658156903;4;No
685;{B8EB5269-7A28-4F3A-9913-0BC2A818D413};1283C1340;1283;12;Helsingborg;Skåne;2018_v2;148;Helsingborg;1283C1340;OLYMPIA;1377;551;248;303;474;827;33;Större stad;21;2;4375.929287;705665.2378;0;0;0;No
686;{943C7885-4A84-4DEF-AE07-747DF0B345DD};1290C1180;1290;12;Kristianstad;Skåne;2018_v2;231;Kristianstad;1290C1180;KRISTIAN;2856;1225;833;392;1844;961;73;Större stad;21;2;7730.055176;2110406.884;3950;1.104108944;1;Medium
687;{1EE0EBD0-5B12-47C7-BBA2-204ED29440A1};1283C1250;1283;12;Helsingborg;Skåne;2018_v2;149;Helsingborg;1283C1250;OLYMPIA;1944;497;0;497;0;1917;29;Större stad;21;2;1235.25592;77840.17936;0;0;0;Large
688;{0D32A5A4-89B8-4736-BA82-E98FD669786D};1283C1280;1283;12;Helsingborg;Skåne;2018_v2;150;Helsingborg;1283C1280;OLYMPIA;1588;380;0;380;0;1581;22;Större stad;21;2;1272.221653;62061.72031;0;0;0;Large
689;{AC123ADD-4565-4A09-9C09-89678105C7BF};1290C1220;1290;12;Kristianstad;Skåne;2018_v2;232;Kristianstad;1290C1220;KRISTIAN;2440;445;0;445;0;2431;26;Större stad;21;2;1856.679499;205034.9754;0;0;0;No
690;{D6D96C4C-5A0B-4CAC-BC79-ED582A8FA6FD};1283C1270;1283;12;Helsingborg;Skåne;2018_v2;151;Helsingborg;1283C1270;OLYMPIA;1529;643;370;273;738;778;38;Större stad;21;2;4026.762706;540420.7366;0;0;0;Large
691;{BC612845-66A4-4725-B34C-66CFD00F5C27};1283C1290;1283;12;Helsingborg;Skåne;2018_v2;152;Helsingborg;1283C1290;OLYMPIA;2063;527;0;527;0;1790;31;Större stad;21;2;4088.843263;470145.5921;0;0;0;Large
692;{48AFD09E-B765-42F9-A1C2-2C26ECAA90B4};1283C1260;1283;12;Helsingborg;Skåne;2018_v2;153;Helsingborg;1283C1260;OLYMPIA;1644;633;265;368;647;982;37;Större stad;21;2;2733.971596;353202.4778;0;0;0;Large
693;{EC0D7D90-D942-4DA2-AB39-39E7872F280D};1290C1210;1290;12;Kristianstad;Skåne;2018_v2;233;Kristianstad;1290C1210;KRISTIAN;1820;869;875;-6;1775;24;52;Större stad;21;2;12314.86381;4413656.527;5000;4.297651047;15;No
694;{C09ABFBA-93F5-490B-803A-E3DC4454B6E4};1283C1330;1283;12;Helsingborg;Skåne;2018_v2;154;Helsingborg;1283C1330;OLYMPIA;1539;423;6;417;18;1238;25;Större stad;21;2;3068.374655;271330.5796;0;0;0;Large
695;{5F6C57CB-0DEF-4C26-94BF-6B5113AA30EE};1283C1220;1283;12;Helsingborg;Skåne;2018_v2;155;Helsingborg;1283C1220;RAUS_GÅRD;3115;1250;1095;155;2222;238;75;Större stad;21;2;8881.570006;1969390.459;0;0;0;Large
696;{F7B662E5-87D2-41A5-927E-B5350CB32F51};1283C1320;1283;12;Helsingborg;Skåne;2018_v2;156;Helsingborg;1283C1320;OLYMPIA;1518;760;753;7;1507;0;45;Större stad;21;2;3908.753057;572975.1044;0;0;0;Large
697;{84BB4CC9-C1FD-47D3-871D-FA16221385FF};1283C1360;1283;12;Helsingborg;Skåne;2018_v2;157;Helsingborg;1283C1360;OLYMPIA;1987;829;578;251;1338;612;49;Större stad;21;2;3553.702532;485150.9829;0;0;0;Large
698;{C0171005-49B7-43DA-A2CC-DD75C968411A};1283C1350;1283;12;Helsingborg;Skåne;2018_v2;158;Helsingborg;1283C1350;OLYMPIA;1469;545;6;539;13;1336;32;Större stad;21;2;3682.677454;660222.7511;0;0;0;Large
699;{50E16A5D-8C6E-45E9-800A-68D9821C311A};1283C1400;1283;12;Helsingborg;Skåne;2018_v2;159;Helsingborg;1283C1400;OLYMPIA;2388;783;105;678;206;2139;46;Större stad;21;2;2492.171125;332177.7217;0;0;0;Large
700;{D731C5B7-90DA-4C35-9ED9-B431C8ED9718};1290C1190;1290;12;Kristianstad;Skåne;2018_v2;234;Kristianstad;1290C1190;KRISTIAN;2083;683;263;420;743;914;40;Större stad;21;2;12367.32198;3990152.941;0;0;0;Medium
701;{1EBFA669-FE2A-4217-A591-6810BB3A9091};1290C1230;1290;12;Kristianstad;Skåne;2018_v2;235;Kristianstad;1290C1230;KRISTIAN;2648;527;47;480;127;2454;31;Större stad;21;2;6407.383526;1171135.674;2800;1.078570255;7;No
702;{EACDC720-934F-4517-9B87-4B01EE57DA5E};1260A0020;1260;12;Bjuv;Skåne;2018_v2;773;Bjuv;1260A0020;MÖRARP;2342;1002;635;367;1245;876;60;Pendlingskommun nära större stad;25;3;22810.1623;18641048.57;6999;13.05026093;19;No
703;{871F3404-1AB0-47AB-9817-36FC29208BC2};1283C1480;1283;12;Helsingborg;Skåne;2018_v2;160;Helsingborg;1283C1480;OLYMPIA;2067;773;93;680;204;1813;46;Större stad;21;2;1586.834169;147573.0333;0;0;0;Large
704;{8DC4E6E4-283F-4723-A888-C2F85A9C4CDE};1283C1470;1283;12;Helsingborg;Skåne;2018_v2;161;Helsingborg;1283C1470;OLYMPIA;2473;587;57;530;148;2222;35;Större stad;21;2;3899.9933;560581.4291;0;0;0;Large
705;{944ADB8B-CCC8-4934-9A49-4DFE9E17944D};1283C1520;1283;12;Helsingborg;Skåne;2018_v2;162;Helsingborg;1283C1520;OLYMPIA;2203;895;461;434;981;1152;53;Större stad;21;2;3640.79157;603737.9542;0;0;0;Large
706;{1EA7C3C5-6129-45D6-AF3D-D40BC50D94EE};1283C1540;1283;12;Helsingborg;Skåne;2018_v2;163;Helsingborg;1283C1540;OLYMPIA;1617;415;0;415;0;1607;24;Större stad;21;2;1979.20017;209608.7214;0;0;0;Large
707;{47CB7851-16F4-46E7-A3C9-EEB5CE052899};1272C1020;1272;12;Bromölla;Skåne;2018_v2;97;Bromölla;1272C1020;IVÖ;2467;1157;785;372;1604;818;69;Pendlingskommun nära större stad;25;3;9433.768815;2649666.793;5592;7.481842146;30;No
708;{F308DE28-B2E6-4F0F-BFE0-4DD9C9C2B2DF};1283C1550;1283;12;Helsingborg;Skåne;2018_v2;164;Helsingborg;1283C1550;OLYMPIA;1769;391;0;391;0;1635;23;Större stad;21;2;2810.064075;320323.0086;0;0;0;Large
709;{D5B66469-B94E-49B0-BF7B-3C30230B32A6};1283B3010;1283;12;Helsingborg;Skåne;2018_v2;165;Helsingborg;1283B3010;MÖRARP;1985;1049;958;91;1757;130;62;Större stad;21;2;9019.508009;5834798.664;4019;7.461807862;15;No
710;{8E895B81-7D0C-4DDE-8B7C-9F1F8B7E9F66};1283C1570;1283;12;Helsingborg;Skåne;2018_v2;166;Helsingborg;1283C1570;FILBORNA;1721;613;252;361;521;1157;36;Större stad;21;2;2984.695917;410416.9323;0;0;0;Large
711;{24D15D4D-2FDA-4023-84AA-8EFCD4DA2885};1290B5010;1290;12;Kristianstad;Skåne;2018_v2;236;Kristianstad;1290B5010;TORSEBRO;1712;919;834;85;1571;74;55;Större stad;21;2;15104.83463;10903310.03;5960;10.00203459;10;No
712;{53A34844-FE48-4E5C-ACE9-26A29290098F};1272C1030;1272;12;Bromölla;Skåne;2018_v2;98;Bromölla;1272C1030;IVÖ;1800;906;783;123;1470;326;54;Pendlingskommun nära större stad;25;3;8466.567327;3196492.047;4808;4.452746568;15;No
713;{A57691CC-EA53-4894-BFD8-59B122A1AD0E};1267A0020;1267;12;Höör;Skåne;2018_v2;770;Höör;1267A0020;MAGLASÄTE;1913;1235;1125;110;1882;4;74;Pendlingskommun nära mindre tätort;33;5;110611.1137;182462549.8;4561;101.7809336;67;No
714;{6F83C13D-082B-487E-B10C-24E5110BCD8C};1283C1580;1283;12;Helsingborg;Skåne;2018_v2;167;Helsingborg;1283C1580;OLYMPIA;2578;950;552;398;1305;1086;57;Större stad;21;2;4810.1974;865066.1721;0;0;0;Large
715;{89C6C4F8-05FE-4EF5-96A9-9E6DE852E1BF};1260C1010;1260;12;Bjuv;Skåne;2018_v2;774;Bjuv;1260C1010;MÖRARP;1804;980;893;87;1584;61;58;Pendlingskommun nära större stad;25;3;18361.80175;8120171.838;6999;10.45399229;24;No
716;{B6F39FAA-4C52-48D5-B6D6-8B76E7FA52C9};1214A0030;1214;12;Svalöv;Skåne;2018_v2;761;Svalöv;1214A0030;KLIPPAN;1545;1035;952;83;1511;3;62;Pendlingskommun nära större stad;25;3;112841.087;181453587;2061;97.99632112;53;No
717;{CB7A3DC9-C6CA-4FC7-B3C1-17C3D2FAB1CA};1276B2010;1276;12;Klippan;Skåne;2018_v2;86;Klippan;1276B2010;KLIPPAN;2341;1299;918;381;1663;497;77;Pendlingskommun nära större stad;25;3;15294.16233;13294869.61;2836;13.77301885;12;No
718;{94BF5F9C-6A4E-47EA-B8FB-1031AE15C439};1283C1620;1283;12;Helsingborg;Skåne;2018_v2;168;Helsingborg;1283C1620;OLYMPIA;1383;582;230;352;396;978;34;Större stad;21;2;3436.415967;631978.6535;0;0;0;No
719;{F518C05C-5B86-40B3-B9A0-215FB2CC97B8};1272C1040;1272;12;Bromölla;Skåne;2018_v2;99;Bromölla;1272C1040;IVÖ;1646;842;751;91;1514;23;50;Pendlingskommun nära större stad;25;3;10237.39474;5036947.318;0;0;0;No
720;{FE093AD5-142D-477D-A066-47FA45DA8B14};1283C1590;1283;12;Helsingborg;Skåne;2018_v2;169;Helsingborg;1283C1590;OLYMPIA;1888;985;207;778;341;1499;59;Större stad;21;2;11848.98842;4776319.728;0;0;0;Large
721;{98E17C35-9AE6-4BB7-902C-8B0AD7147CA6};1260A0030;1260;12;Bjuv;Skåne;2018_v2;775;Bjuv;1260A0030;ÅSTORP_S;2002;1239;1187;52;1923;13;74;Pendlingskommun nära större stad;25;3;35499.40878;41488665.3;2649;22.17999138;17;No
722;{BE3383AC-3CD5-47F4-87E0-33349B598FA1};1276A0020;1276;12;Klippan;Skåne;2018_v2;87;Klippan;1276A0020;KLIPPAN;961;628;595;33;934;0;37;Pendlingskommun nära större stad;25;3;38605.07529;46547358.97;8449;33.55671832;37;No
723;{8F84FD3F-8327-4DB1-A442-789555F3F91B};1276A0010;1276;12;Klippan;Skåne;2018_v2;88;Klippan;1276A0010;PERSTORP;1663;1121;983;138;1590;0;67;Pendlingskommun nära större stad;25;3;81540.81118;171131371.4;3356;68.31641384;38;No
724;{FDA59B46-01E0-4882-B2C0-D658120AAC22};1283A0020;1283;12;Helsingborg;Skåne;2018_v2;170;Helsingborg;1283A0020;MÖRARP;1328;780;800;-20;1299;0;46;Större stad;21;2;69147.11912;68473163.29;22238;87.62561278;129;No
725;{8105E55F-F1F0-443E-B401-8CA35F64A066};1290A0080;1290;12;Kristianstad;Skåne;2018_v2;237;Kristianstad;1290A0080;KRISTIAN;2248;1430;1307;123;2183;12;85;Större stad;21;2;113757.3382;201231081.9;6993;86.53925115;77;No
726;{01A370BD-2C09-4F2F-B140-A0FCAB3E0DB0};1283C1600;1283;12;Helsingborg;Skåne;2018_v2;171;Helsingborg;1283C1600;FILBORNA;1477;639;283;356;554;901;38;Större stad;21;2;14606.42987;7477718.337;23235;3.511687024;14;No
727;{1508F902-BA1C-40C7-BBE4-C0C5A134EB71};1293B3020;1293;12;Hässleholm;Skåne;2018_v2;45;Hässleholm;1293B3020;VINSLÖV;1977;1059;858;201;1666;282;63;Lågpendlingskommun nära större stad;31;6;5399.730106;1317176.315;2260;1.954331432;5;No
728;{DB1CE5DD-2D76-48C7-8710-74A7599E6A6C};1260C1020;1260;12;Bjuv;Skåne;2018_v2;776;Bjuv;1260C1020;MÖRARP;1814;723;296;427;609;1131;43;Pendlingskommun nära större stad;25;3;8968.709165;2808010.251;256;0.85576851;1;No
729;{0ED460AF-7338-477A-8C35-92B56CCE7DB9};1283C1650;1283;12;Helsingborg;Skåne;2018_v2;172;Helsingborg;1283C1650;OLYMPIA;1434;628;629;-1;1380;42;37;Större stad;21;2;5249.950405;1105814.951;0;0;0;No
730;{5F2A603F-0D32-4682-B8F5-947338C82E2F};1293B3010;1293;12;Hässleholm;Skåne;2018_v2;46;Hässleholm;1293B3010;VINSLÖV;1127;638;630;8;1117;4;38;Lågpendlingskommun nära större stad;31;6;19117.16387;9427232.999;12980;14.19863467;28;No
731;{8E4E5394-2249-4994-9AE2-81D3934565ED};1293A0010;1293;12;Hässleholm;Skåne;2018_v2;47;Hässleholm;1293A0010;HÄGLINGE;1555;991;917;74;1527;0;59;Lågpendlingskommun nära större stad;31;6;86098.48096;169559367.9;8091;98.04245074;60;No
732;{CDAC3E9C-B1E6-49FE-B651-06D2E83AB99B};1260C1030;1260;12;Bjuv;Skåne;2018_v2;777;Bjuv;1260C1030;MÖRARP;1941;1074;1041;33;1787;80;64;Pendlingskommun nära större stad;25;3;9297.996952;3898592.096;6090;5.460579542;22;No
733;{BBDE9BFF-2B47-4586-84B2-801EE12C82C1};1283C1630;1283;12;Helsingborg;Skåne;2018_v2;173;Helsingborg;1283C1630;OLYMPIA;4285;1381;539;842;1254;2539;82;Större stad;21;2;8565.675743;2719559.735;10455;6.772612775;28;No
734;{D5442D80-5CA5-40D3-88CC-D13F7512918C};1283C1660;1283;12;Helsingborg;Skåne;2018_v2;174;Helsingborg;1283C1660;FILBORNA;2309;945;786;159;1639;381;56;Större stad;21;2;14807.2917;5672059.209;17006;10.10157844;37;No
735;{E99C45E4-9596-4CD2-B379-22CEDDB72C32};1293B3030;1293;12;Hässleholm;Skåne;2018_v2;48;Hässleholm;1293B3030;VINSLÖV;1182;545;399;146;863;179;32;Lågpendlingskommun nära större stad;31;6;10630.11381;4736684.324;2036;4.689699839;13;No
736;{23DD457D-DD3B-488D-AE7F-0D72F0571CA7};1283C1690;1283;12;Helsingborg;Skåne;2018_v2;175;Helsingborg;1283C1690;FILBORNA;2300;1073;1076;-3;2063;0;64;Större stad;21;2;5008.158138;1444392.683;0;0;0;No
737;{EB3BD996-EB5C-4A9A-83B2-76436C36B41E};1283C1680;1283;12;Helsingborg;Skåne;2018_v2;176;Helsingborg;1283C1680;OLYMPIA;813;438;386;52;676;134;26;Större stad;21;2;9074.097728;2741091.33;1520;0.800106086;1;No
738;{3BD514CD-7485-486B-B8BB-A292F85234E2};1283C1670;1283;12;Helsingborg;Skåne;2018_v2;177;Helsingborg;1283C1670;OLYMPIA;2327;1026;864;162;1799;140;61;Större stad;21;2;9026.876844;2820987.671;4069;4.129047566;8;No
739;{AEC467A8-95CA-4F3E-B9CE-7E830AE8E2FD};1293B8010;1293;12;Hässleholm;Skåne;2018_v2;49;Hässleholm;1293B8010;HÄSSLEHOLM;1166;633;615;18;1133;27;37;Lågpendlingskommun nära större stad;31;6;9960.822656;6706767.123;3399;2.110770566;2;No
740;{1967A178-12F9-4524-9A39-34A2872207CD};1260C1040;1260;12;Bjuv;Skåne;2018_v2;778;Bjuv;1260C1040;ÅSTORP_S;2465;1171;804;367;1416;920;70;Pendlingskommun nära större stad;25;3;16936.45821;7556811.049;3862;4.876586919;8;No
741;{B7FABF7E-2B11-41C1-B32A-6F8D67E690F2};1283C1700;1283;12;Helsingborg;Skåne;2018_v2;178;Helsingborg;1283C1700;FILBORNA;1711;897;714;183;1289;305;53;Större stad;21;2;17178.731;7826491.874;15400;12.22519692;39;No
742;{736FE65A-AD2C-4AC0-BF7D-FF34FF5B6470};1275C1020;1275;12;Perstorp;Skåne;2018_v2;182;Perstorp;1275C1020;PERSTORP;1473;528;249;279;632;700;31;Pendlingskommun nära större stad;25;3;8618.066769;2633379.96;5983;3.403251723;8;No
743;{CB003AA9-1B5F-49A2-ADED-98855AA24791};1277C1040;1277;12;Åstorp;Skåne;2018_v2;779;Åstorp;1277C1040;ÅSTORP_S;1640;544;211;333;422;1138;32;Pendlingskommun nära större stad;25;3;3100.418724;423270.1708;0;0;0;No
744;{5560D2A0-8F2C-41BC-91B4-463FC7A1A3E9};1276C1010;1276;12;Klippan;Skåne;2018_v2;89;Klippan;1276C1010;KLIPPAN;2607;1199;541;658;1083;1394;71;Pendlingskommun nära större stad;25;3;12223.76101;6127003.168;6182;3.955320665;6;No
745;{0493EAC3-194E-426D-96A9-66AFAD93B6D7};1293C1020;1293;12;Hässleholm;Skåne;2018_v2;50;Hässleholm;1293C1020;HÄSSLEHOLM;1453;701;691;10;1425;4;42;Lågpendlingskommun nära större stad;31;6;3630.794508;763748.5992;0;0;0;Medium
746;{BCD4AA59-3975-40BA-AB85-C6729716F3A3};1277B3010;1277;12;Åstorp;Skåne;2018_v2;780;Åstorp;1277B3010;KLIPPAN;2062;1081;913;168;1670;333;64;Pendlingskommun nära större stad;25;3;13489.40322;9426229.56;6256;12.61239501;18;No
747;{C2810501-1F33-4EA5-A065-5072D7CFE99D};1276C1050;1276;12;Klippan;Skåne;2018_v2;90;Klippan;1276C1050;KLIPPAN;1520;629;295;334;593;764;37;Pendlingskommun nära större stad;25;3;12529.77555;3486662.649;3352;0.855595504;5;No
748;{112D2B34-58B7-48D8-B0F2-421BF0D33FF7};1276C1020;1276;12;Klippan;Skåne;2018_v2;91;Klippan;1276C1020;KLIPPAN;2113;969;549;420;1063;948;58;Pendlingskommun nära större stad;25;3;8624.080161;3541966.317;4975;2.037945199;8;No
749;{563333E8-BBE3-4EA0-B0B8-E04A2E0AB783};1277B2010;1277;12;Åstorp;Skåne;2018_v2;781;Åstorp;1277B2010;MÖRARP;2567;1335;1217;118;2054;346;80;Pendlingskommun nära större stad;25;3;17144.97641;10377055.8;10022;18.78184612;40;No
750;{F9B9279E-73DF-4E9A-869E-E3F7907B641E};1277C1020;1277;12;Åstorp;Skåne;2018_v2;782;Åstorp;1277C1020;ÅSTORP_S;1574;756;721;35;1453;67;45;Pendlingskommun nära större stad;25;3;7666.276506;2888151.763;10172;5.606696759;25;No
751;{A308BBA0-1C1A-4863-AFDB-BE76500448EE};1276C1030;1276;12;Klippan;Skåne;2018_v2;92;Klippan;1276C1030;KLIPPAN;1721;884;663;221;1186;495;53;Pendlingskommun nära större stad;25;3;4732.565502;1063412.138;0;0;0;No
752;{9074D6BF-DC33-4286-851A-1D2A8794C49E};1277C1050;1277;12;Åstorp;Skåne;2018_v2;783;Åstorp;1277C1050;ÅSTORP_S;2050;802;242;560;517;1329;48;Pendlingskommun nära större stad;25;3;3635.291466;602462.0381;1052;0.319129163;5;No
753;{174CBABD-5526-41A2-B31E-7BC08AB211A6};1290A0090;1290;12;Kristianstad;Skåne;2018_v2;238;Kristianstad;1290A0090;TORSEBRO;1855;1130;1074;56;1790;31;67;Större stad;21;2;85959.98875;111778981.6;7498;86.26521027;88;No
754;{7DAD857C-3384-4DFB-B0BB-9B4CCAD6DD13};1275C1010;1275;12;Perstorp;Skåne;2018_v2;183;Perstorp;1275C1010;PERSTORP;1489;632;413;219;858;602;37;Pendlingskommun nära större stad;25;3;13655.23083;7753310.719;7165;6.807028282;20;No
755;{9A77D58D-09A3-414F-BF50-7F9B4BF1DF52};1277C1010;1277;12;Åstorp;Skåne;2018_v2;784;Åstorp;1277C1010;ÅSTORP_S;865;478;425;53;667;93;28;Pendlingskommun nära större stad;25;3;17233.2527;7790505.765;4764;11.00982813;23;No
756;{EE6BF3DE-5A9C-46C4-9D61-4F892DC2CF0D};1277C1030;1277;12;Åstorp;Skåne;2018_v2;785;Åstorp;1277C1030;ÅSTORP_S;2086;1137;1124;13;1897;110;68;Pendlingskommun nära större stad;25;3;11091.36062;5623028.714;6682;4.902422324;9;No
757;{72EE04D4-6324-4D80-97FA-4EE6A6B95CF3};1293C1010;1293;12;Hässleholm;Skåne;2018_v2;51;Hässleholm;1293C1010;HÄSSLEHOLM;1986;921;647;274;1343;556;55;Lågpendlingskommun nära större stad;31;6;7140.349967;2587427.51;0;0;0;Medium
758;{C0EDE1F8-963C-42A5-963B-C8699489A9AD};1293C1030;1293;12;Hässleholm;Skåne;2018_v2;52;Hässleholm;1293C1030;HÄSSLEHOLM;1226;503;154;349;333;802;30;Lågpendlingskommun nära större stad;31;6;2813.309541;411161.7193;0;0;0;Medium
759;{55CA0758-90EB-48DF-853F-624B12A299F8};1293C1050;1293;12;Hässleholm;Skåne;2018_v2;53;Hässleholm;1293C1050;HÄSSLEHOLM;2078;720;14;706;34;1806;43;Lågpendlingskommun nära större stad;31;6;2023.343965;210811.9218;0;0;0;Medium
760;{0C0B0812-6676-4B81-93DF-F26282AF1189};1276C1040;1276;12;Klippan;Skåne;2018_v2;93;Klippan;1276C1040;KLIPPAN;1526;926;904;22;1476;37;55;Pendlingskommun nära större stad;25;3;10388.52188;5528911.558;283;3.12210902;3;No
761;{27F47A07-A2A6-41B0-A563-0DA5749680ED};1292C1070;1292;12;Ängelholm;Skåne;2018_v2;32;Ängelholm;1292C1070;ÄNGELHO;1770;728;30;698;64;1676;43;Pendlingskommun nära större stad;25;3;2634.079013;266019.0324;0;0;0;Medium
762;{C8CB9D2E-D376-4757-B0BA-F68C8319A47E};1275C1040;1275;12;Perstorp;Skåne;2018_v2;184;Perstorp;1275C1040;PERSTORP;1772;682;391;291;827;913;40;Pendlingskommun nära större stad;25;3;7279.825354;2032683.605;153;0.352249989;1;No
763;{E53509D5-4812-44DD-BA65-92702FC24440};1293C1060;1293;12;Hässleholm;Skåne;2018_v2;54;Hässleholm;1293C1060;HÄSSLEHOLM;1540;586;13;573;30;1355;35;Lågpendlingskommun nära större stad;31;6;1995.034892;256926.0966;0;0;0;Medium
764;{3BACE986-6238-4D90-BCE9-62D95E17925C};1283B4010;1283;12;Helsingborg;Skåne;2018_v2;179;Helsingborg;1283B4010;STUREHOLM;1457;696;564;132;1120;194;41;Större stad;21;2;12636.87581;7809477.573;3470;7.437419616;11;No
765;{F7068C7D-8E6E-4930-971B-555D884D0F2C};1275C1030;1275;12;Perstorp;Skåne;2018_v2;185;Perstorp;1275C1030;PERSTORP;1429;698;525;173;1022;379;41;Pendlingskommun nära större stad;25;3;10230.7677;4493699.055;149;0.643078003;2;No
766;{721EC93F-F4CA-4747-A491-36C5D16626D3};1293C1040;1293;12;Hässleholm;Skåne;2018_v2;55;Hässleholm;1293C1040;HÄSSLEHOLM;1897;624;120;504;323;1373;37;Lågpendlingskommun nära större stad;31;6;5760.012121;1235899.404;0;0;0;Medium
767;{65B23A61-B51D-4335-A3E1-0EAC9A35410B};1277C1070;1277;12;Åstorp;Skåne;2018_v2;786;Åstorp;1277C1070;ÅSTORP_S;1642;771;542;229;960;582;46;Pendlingskommun nära större stad;25;3;8408.488843;1513818.267;7991;5.686449338;29;No
768;{0DFED52A-1C8E-41E1-A816-D4C0B3797858};1293B2010;1293;12;Hässleholm;Skåne;2018_v2;56;Hässleholm;1293B2010;TYRINGE;1518;673;402;271;868;521;40;Lågpendlingskommun nära större stad;31;6;8759.564862;3887082.342;4477;5.01921531;20;No
769;{BA8F764F-8240-4020-949A-0672F4387D7C};1293C1090;1293;12;Hässleholm;Skåne;2018_v2;57;Hässleholm;1293C1090;HÄSSLEHOLM;1885;925;531;394;1049;793;55;Lågpendlingskommun nära större stad;31;6;5670.087016;1165507.184;0;0;0;Medium
770;{CD375939-754A-4B33-A629-89F76E440AAB};1277C1060;1277;12;Åstorp;Skåne;2018_v2;787;Åstorp;1277C1060;ÅSTORP_S;1092;535;463;72;862;214;32;Pendlingskommun nära större stad;25;3;13636.67458;3262330.795;2481;4.651112351;10;No
771;{98E0862B-6806-404D-8533-53FC5E25C691};1290A0100;1290;12;Kristianstad;Skåne;2018_v2;239;Kristianstad;1290A0100;TORSEBRO;1009;620;577;43;979;4;37;Större stad;21;2;73169.58231;99550977.74;4181;37.6394113;17;No
772;{4F9DAF4F-A777-4319-AEAA-192D13185C17};1293B2020;1293;12;Hässleholm;Skåne;2018_v2;58;Hässleholm;1293B2020;TYRINGE;1703;887;817;70;1628;0;53;Lågpendlingskommun nära större stad;31;6;9248.66542;4525803.843;9655;8.309860709;19;No
773;{29099916-9579-4A11-9325-547EA984E5DA};1256B5010;1256;12;Östra Göinge;Skåne;2018_v2;9;Östra Göinge;1256B5010;TORSEBRO;1395;678;559;119;1030;338;40;Pendlingskommun nära större stad;25;3;10172.88823;6805662.113;7796;4.325012219;4;No
774;{9381CF25-25BA-476D-A5D3-1AD7870A8FC6};1293C1110;1293;12;Hässleholm;Skåne;2018_v2;59;Hässleholm;1293C1110;HÄSSLEHOLM;1494;687;711;-24;1463;11;41;Lågpendlingskommun nära större stad;31;6;4744.549475;1062553.716;0;0;0;Medium
775;{E9A8C34C-FC6A-4CE8-9211-00390A4FEA1E};1293C1100;1293;12;Hässleholm;Skåne;2018_v2;60;Hässleholm;1293C1100;HÄSSLEHOLM;1699;600;229;371;450;1242;36;Lågpendlingskommun nära större stad;31;6;5278.621212;1288908.932;0;0;0;Medium
776;{B0C5525A-3610-49C7-A3F1-67661094ADA0};1283A0030;1283;12;Helsingborg;Skåne;2018_v2;180;Helsingborg;1283A0030;STUREHOLM;2087;1158;1176;-18;2050;0;69;Större stad;21;2;33119.44001;44891937.94;6578;34.55330014;45;No
777;{35826CA6-5DE5-4305-BE91-72E83F3A2C26};1293B2030;1293;12;Hässleholm;Skåne;2018_v2;61;Hässleholm;1293B2030;TYRINGE;1634;822;551;271;1043;546;49;Lågpendlingskommun nära större stad;31;6;10683.17614;4695864.135;4556;3.303510706;12;No
778;{433C5CAE-15CB-46AE-8A25-648AC4E859BB};1293C1130;1293;12;Hässleholm;Skåne;2018_v2;62;Hässleholm;1293C1130;HÄSSLEHOLM;1653;841;844;-3;1649;0;50;Lågpendlingskommun nära större stad;31;6;8074.879582;2172592.145;280;0.312764041;2;Medium
779;{4208A0A6-B9FE-471F-AE88-15A16A36E692};1293C1120;1293;12;Hässleholm;Skåne;2018_v2;63;Hässleholm;1293C1120;HÄSSLEHOLM;2239;928;312;616;644;1554;55;Lågpendlingskommun nära större stad;31;6;16663.63832;6304617.336;7289;6.654414746;17;Medium
780;{447E33A8-6417-47F0-AD53-E16F4AB6B092};1293C1070;1293;12;Hässleholm;Skåne;2018_v2;64;Hässleholm;1293C1070;TYRINGE;2191;1181;1024;157;1818;266;70;Lågpendlingskommun nära större stad;31;6;22349.04856;17429678.68;4789;9.013667989;22;No
781;{A02BE62B-9AED-4774-98B2-C52372D16E32};1284C1020;1284;12;Höganäs;Skåne;2018_v2;80;Höganäs;1284C1020;HÖGANÄS;2454;1135;817;318;1593;376;68;Pendlingskommun nära större stad;25;3;7608.66501;2855056.961;5114;6.846111631;17;No
782;{A607FA99-3ED2-4B4C-A122-9035ADEF30C9};1293C1080;1293;12;Hässleholm;Skåne;2018_v2;65;Hässleholm;1293C1080;HÄSSLEHOLM;1460;791;782;9;1394;12;47;Lågpendlingskommun nära större stad;31;6;24762.20873;14420274.5;6697;28.24586832;82;No
783;{8D9FF027-21FE-4DBA-A555-E7D286F01119};1284C1030;1284;12;Höganäs;Skåne;2018_v2;81;Höganäs;1284C1030;HÖGANÄS;1416;752;726;26;1383;0;45;Pendlingskommun nära större stad;25;3;8141.007748;3756679.627;3946;2.936933246;6;No
784;{2B7DABAC-29A1-4992-BE1D-93F2BCE8334D};1293A0020;1293;12;Hässleholm;Skåne;2018_v2;66;Hässleholm;1293A0020;TYRINGE;1618;1057;946;111;1585;0;63;Lågpendlingskommun nära större stad;31;6;96310.16251;199249262.3;2978;105.1515629;92;No
785;{E0273AF2-B393-4751-9233-D8C1DCBC742F};1272B2010;1272;12;Bromölla;Skåne;2018_v2;100;Bromölla;1272B2010;IVÖ;1376;771;650;121;1241;88;46;Pendlingskommun nära större stad;25;3;14677.14592;11986134.92;3494;12.03457023;22;No
786;{78E0CE59-CAF8-49BA-B179-1E652705BA19};1284C1040;1284;12;Höganäs;Skåne;2018_v2;82;Höganäs;1284C1040;HÖGANÄS;1150;562;518;44;1034;82;33;Pendlingskommun nära större stad;25;3;5454.981278;1305308.08;5923;1.417975857;7;Medium
787;{19E98D52-2450-4A1F-A86B-2E085F6CA280};1277A0010;1277;12;Åstorp;Skåne;2018_v2;788;Åstorp;1277A0010;ÅSTORP_S;763;518;467;51;746;0;31;Pendlingskommun nära större stad;25;3;57724.59905;51153540.56;4338;36.28633376;33;No
788;{10C5155B-A081-4FE8-B88A-13EB33A2788F};1284C1050;1284;12;Höganäs;Skåne;2018_v2;83;Höganäs;1284C1050;HÖGANÄS;1646;809;822;-13;1635;0;48;Pendlingskommun nära större stad;25;3;5335.929902;1252212.368;3757;1.214247387;3;Medium
789;{11639A7C-7C30-44BB-97CD-12989DF0CA8D};1292B4010;1292;12;Ängelholm;Skåne;2018_v2;33;Ängelholm;1292B4010;STUREHOLM;1486;784;734;50;1301;159;47;Pendlingskommun nära större stad;25;3;12774.70585;8185387.039;17722;18.61981332;28;No
