,Unnamed: 0,Kommun,Kommunnamn,Antal Bilar,Kommungrupp 2023,Travel (km),Travel +-,Boende totalt Antal,E,N,geom_Length,geom_Area,mean,max,25%,50%,75%,95%,std
1256B2010,0,1256,Östra Göinge,987,Pendlingskommun nära större stad,25,3,1841,445761,6217713,13978.89566,6141834.196,233.42566210045663,680.5999999999999,166.60000000000005,217.20000000000002,293.32500000000005,390.1199999999996,84.83986415306309
1256B2020,1,1256,Östra Göinge,726,Pendlingskommun nära större stad,25,3,1586,445761,6217713,14850.78086,5233374.127,181.05100456621005,581.1,125.0,170.0,227.8,308.60499999999996,72.04810688406901
1256A0010,2,1256,Östra Göinge,848,Pendlingskommun nära större stad,25,3,1291,456053,6226593,51525.97718,84292069.75,200.33480593607308,535.7,141.4,187.40000000000003,250.42500000000007,336.9,74.73989793683735
1256C1010,3,1256,Östra Göinge,772,Pendlingskommun nära större stad,25,3,1563,434578,6220850,10090.53058,4741871.03,183.18335616438358,525.6999999999999,127.4,169.80000000000004,231.30000000000004,312.4999999999999,70.17699419423201
1256C1020,4,1256,Östra Göinge,803,Pendlingskommun nära större stad,25,3,1866,456053,6226593,14110.13174,9377031.065,223.2120662100457,838.2,150.30000000000004,213.9,279.8,386.805,90.27484456863294
1256A0020,5,1256,Östra Göinge,531,Pendlingskommun nära större stad,25,3,842,445761,6217713,90670.35047,114111077.8,138.92259132420094,595.5,90.6,127.50000000000003,177.82500000000005,254.7099999999999,62.783271535851746
1256B4010,6,1256,Östra Göinge,666,Pendlingskommun nära större stad,25,3,1412,456053,6226593,10096.14553,6892427.453,152.16098173515982,443.7000000000001,108.2,141.3,189.50000000000006,261.505,58.39635059017868
1256B3010,7,1256,Östra Göinge,746,Pendlingskommun nära större stad,25,3,1606,456053,6226593,11892.70539,8794835.272,194.4582077625571,586.4000000000001,133.4,182.05000000000004,245.42500000000004,334.29999999999995,78.07528831952345
1256A0030,8,1256,Östra Göinge,713,Pendlingskommun nära större stad,25,3,1175,456053,6226593,143494.674,206595005.7,174.36356164383565,545.6,119.60000000000002,163.0,221.1,299.6199999999997,69.5242011208047
1256B5010,9,1256,Östra Göinge,678,Pendlingskommun nära större stad,25,3,1395,445761,6217713,10172.88823,6805662.113,184.26323059360732,673.6,123.0,172.35000000000002,232.6,326.1099999999999,78.72244808336562
1292A0010,10,1292,Ängelholm,572,Pendlingskommun nära större stad,25,3,850,371588,6221705,49384.44068,35214126.77,137.6635388127854,450.8,94.1,127.00000000000004,174.5,242.8,57.002673272104715
1292C1050,11,1292,Ängelholm,755,Pendlingskommun nära större stad,25,3,1632,370107,6235579,3598.21154,498506.3608,207.5074885844749,908.5,137.8,196.05,262.9,365.7099999999998,87.31610326476029
1292C1010,12,1292,Ängelholm,1022,Pendlingskommun nära större stad,25,3,2144,370107,6235579,13113.74194,6908911.022,241.12117579908676,637.7,173.20000000000002,225.30000000000004,302.525,398.50499999999994,85.89906883356994
1292C1020,13,1292,Ängelholm,1155,Pendlingskommun nära större stad,25,3,2434,370107,6235579,8501.286884,3410944.578,299.5153424657534,767.4999999999998,210.40000000000003,288.25,375.0999999999999,487.0999999999998,107.879333946637
1292C1040,14,1292,Ängelholm,1070,Pendlingskommun nära större stad,25,3,2509,370107,6235579,5576.125649,1308595.032,249.79945205479453,597.0999999999999,180.375,232.70000000000005,312.5,410.30499999999984,88.1345333023655
1292C1090,15,1292,Ängelholm,585,Pendlingskommun nära större stad,25,3,1429,370107,6235579,1837.65162,191159.0625,176.9129794520548,692.5,112.4,163.90000000000003,224.425,330.3199999999997,83.7662911748444
1292C1080,16,1292,Ängelholm,837,Pendlingskommun nära större stad,25,3,1924,370107,6235579,7098.341569,2071864.395,212.84460045662104,595.6,148.3,201.00000000000003,267.80000000000007,361.30000000000007,81.52981039717992
1292A0020,17,1292,Ängelholm,843,Pendlingskommun nära större stad,25,3,1324,370107,6235579,58084.21866,65466239.35,194.74392694063928,484.6,138.0,181.8,244.82500000000005,327.2,71.73173851520446
1292C1060,18,1292,Ängelholm,1073,Pendlingskommun nära större stad,25,3,2407,370107,6235579,11985.5463,4733020.103,255.2515068493151,666.5999999999999,183.57500000000005,238.50000000000003,318.69999999999993,420.70499999999976,90.42237118464122
1292B2010,19,1292,Ängelholm,1164,Pendlingskommun nära större stad,25,3,2239,370107,6235579,9286.87674,4168882.324,267.02954337899547,624.6999999999998,191.7,244.9500000000001,334.29999999999995,442.6999999999998,95.33636928230328
1292C1100,20,1292,Ängelholm,957,Pendlingskommun nära större stad,25,3,2013,370107,6235579,9690.763159,3862202.115,242.28889269406395,627.2,170.00000000000003,228.90000000000003,304.5,407.1099999999999,90.87060590663995
1292C1120,21,1292,Ängelholm,950,Pendlingskommun nära större stad,25,3,1891,370107,6235579,5405.331492,891762.8237,237.0322488584475,583.4999999999999,166.4,223.50000000000006,299.4,395.2099999999998,88.23577920556106
1292C1110,22,1292,Ängelholm,1136,Pendlingskommun nära större stad,25,3,2291,370107,6235579,15677.97155,6256291.692,277.72204337899547,716.0999999999999,198.30000000000004,260.65000000000003,347.025,453.51499999999965,98.69742062102924
1292B2020,23,1292,Ängelholm,979,Pendlingskommun nära större stad,25,3,1776,370107,6235579,16458.11336,10553212.08,247.58972602739726,676.3,173.40000000000003,235.15000000000003,311.2,411.0049999999998,92.5626632384541
1292C1150,24,1292,Ängelholm,1213,Pendlingskommun nära större stad,25,3,2317,363373,6251148,10619.38703,4335909.873,278.4161187214612,652.0999999999997,201.87500000000003,257.30000000000007,349.2,455.69999999999976,96.73713994167846
1292C1130,25,1292,Ängelholm,852,Pendlingskommun nära större stad,25,3,1582,370107,6235579,12533.09858,6307346.679,230.26875570776255,706.3,156.60000000000002,219.90000000000006,290.2,390.9599999999991,91.01794500716696
1292C1140,26,1292,Ängelholm,1115,Pendlingskommun nära större stad,25,3,1994,370107,6235579,20394.90274,10827585.92,263.1524657534247,732.0999999999996,188.00000000000006,244.25000000000006,330.525,431.5999999999998,93.66831344102476
1292B3010,27,1292,Ängelholm,555,Pendlingskommun nära större stad,25,3,1043,370107,6235579,10899.22495,5627930.396,149.06743150684935,587.7,97.3,137.9,188.72500000000005,274.70000000000005,67.57011492776674
1292A0040,28,1292,Ängelholm,1195,Pendlingskommun nära större stad,25,3,1805,370107,6235579,77389.00945,83920247.62,278.7227739726027,702.0999999999998,202.3,258.9000000000001,348.4999999999999,454.69999999999976,96.49791079041772
1292B3020,29,1292,Ängelholm,570,Pendlingskommun nära större stad,25,3,941,363373,6251148,14177.03153,11318671.75,136.8098515981735,473.2000000000001,93.7,127.0,173.70000000000005,239.7,56.85927133764916
1292A0030,30,1292,Ängelholm,1515,Pendlingskommun nära större stad,25,3,2341,386632,6241761,75983.08729,164885951.7,347.480205479452,840.5999999999997,253.50000000000003,320.04999999999995,432.9999999999999,559.7049999999996,117.43205146672226
1292C1030,31,1292,Ängelholm,807,Pendlingskommun nära större stad,25,3,2126,370107,6235579,2292.380435,318973.5964,187.21736301369864,474.0999999999999,132.60000000000002,173.10000000000002,235.90000000000003,314.6149999999998,70.28304500383753
1292C1070,32,1292,Ängelholm,728,Pendlingskommun nära större stad,25,3,1770,370107,6235579,2634.079013,266019.0324,177.43260273972604,543.3,123.5,166.05,223.90000000000003,305.0,69.2556809383709
1292B4010,33,1292,Ängelholm,784,Pendlingskommun nära större stad,25,3,1486,359885,6226823,12774.70585,8185387.039,182.50044520547948,517.8000000000001,129.60000000000002,169.8,228.50000000000003,306.5099999999999,67.92549463965447
1293A0030,34,1293,Hässleholm,955,Lågpendlingskommun nära större stad,31,6,1499,434578,6220850,83858.78344,118562815.9,275.6002397260274,655.8999999999999,199.40000000000003,257.80000000000007,342.42499999999995,447.79999999999984,95.50152893390191
1293A0060,35,1293,Hässleholm,813,Lågpendlingskommun nära större stad,31,6,1297,424130,6226656,72334.92,100478356.1,244.12449771689498,663.7999999999997,173.5,229.85000000000002,307.3,397.20500000000004,88.35248377156621
1293B7010,36,1293,Hässleholm,869,Lågpendlingskommun nära större stad,31,6,1819,419121,6239024,12780.41344,10828804.09,254.86237442922373,694.9,184.3,239.60000000000005,316.825,414.3199999999997,88.48011335853775
1293B4010,37,1293,Hässleholm,669,Lågpendlingskommun nära större stad,31,6,1376,419121,6239024,13631.80483,7880684.796,188.86687214611874,499.6,134.20000000000002,174.8,236.6,316.10499999999996,69.37902657336505
1293A0050,38,1293,Hässleholm,888,Lågpendlingskommun nära större stad,31,6,1263,424130,6226656,64854.64398,78902017.2,285.91001141552516,693.6,202.90000000000003,275.3,356.32500000000005,464.10499999999985,101.68105373276907
1293A0040,39,1293,Hässleholm,846,Lågpendlingskommun nära större stad,31,6,1369,415506,6226559,83759.97024,180278967.9,237.73409817351597,559.9999999999998,173.20000000000002,218.50000000000003,295.04999999999995,395.8,84.22428577625
1293B4020,40,1293,Hässleholm,844,Lågpendlingskommun nära större stad,31,6,1583,419121,6239024,15921.85948,7878433.721,239.4921118721461,623.6,173.8,222.50000000000003,298.52500000000003,392.8999999999999,83.52022569211007
1293A0070,41,1293,Hässleholm,631,Lågpendlingskommun nära större stad,31,6,905,419121,6239024,67798.83077,113163904.9,178.74917808219178,460.8999999999999,127.20000000000005,166.20000000000002,224.20000000000005,298.6,65.66287679488863
1293B6010,42,1293,Hässleholm,893,Lågpendlingskommun nära större stad,31,6,1855,419121,6239024,17477.23551,14271834.95,255.77005707762555,627.3999999999999,184.4,236.50000000000003,319.4,421.29999999999984,89.34603010006795
1293A0080,43,1293,Hässleholm,851,Lågpendlingskommun nära större stad,31,6,1218,404987,6247646,103678.503,219266346.9,238.02207762557083,641.0999999999998,172.875,219.10000000000005,297.40000000000003,392.8999999999999,83.12062072632075
1293B5010,44,1293,Hässleholm,826,Lågpendlingskommun nära större stad,31,6,1904,418693,6205881,11519.67498,7941293.593,234.68813926940638,590.2,170.075,218.50000000000006,291.8,385.90999999999985,81.57072745641031
1293B3020,45,1293,Hässleholm,1059,Lågpendlingskommun nära större stad,31,6,1977,434578,6220850,5399.730106,1317176.315,304.66480593607304,715.6999999999998,220.90000000000003,284.0,379.8999999999999,490.7099999999997,102.49012292592238
1293B3010,46,1293,Hässleholm,638,Lågpendlingskommun nära större stad,31,6,1127,434578,6220850,19117.16387,9427232.999,193.41947488584475,597.8000000000001,136.775,180.75,244.45000000000002,323.19999999999993,72.8983533016898
1293A0010,47,1293,Hässleholm,991,Lågpendlingskommun nära större stad,31,6,1555,418693,6205881,86098.48096,169559367.9,285.40289954337896,662.4999999999997,208.25000000000003,267.40000000000003,355.39999999999986,461.0049999999998,96.90398316376256
1293B3030,48,1293,Hässleholm,545,Lågpendlingskommun nära större stad,31,6,1182,434578,6220850,10630.11381,4736684.324,163.72988584474885,503.2000000000001,112.775,153.20000000000002,205.90000000000003,279.705,64.26588391662132
1293B8010,49,1293,Hässleholm,633,Lågpendlingskommun nära större stad,31,6,1166,424130,6226656,9960.822656,6706767.123,184.4362899543379,538.2,130.20000000000002,172.95000000000002,232.20000000000005,311.69999999999993,69.80432207903557
1293C1020,50,1293,Hässleholm,701,Lågpendlingskommun nära större stad,31,6,1453,424130,6226656,3630.794508,763748.5992,204.4236415525114,559.6,145.00000000000003,191.75,256.6,338.7149999999997,74.33219767144813
1293C1010,51,1293,Hässleholm,921,Lågpendlingskommun nära större stad,31,6,1986,424130,6226656,7140.349967,2587427.51,262.04522831050224,694.2999999999997,190.4,241.80000000000004,326.625,427.6999999999999,89.79908826407389
1293C1030,52,1293,Hässleholm,503,Lågpendlingskommun nära större stad,31,6,1226,424130,6226656,2813.309541,411161.7193,146.9452397260274,447.3,101.7,137.20000000000002,184.5,254.105,58.199242994125235
1293C1050,53,1293,Hässleholm,720,Lågpendlingskommun nära större stad,31,6,2078,424130,6226656,2023.343965,210811.9218,205.48308219178085,566.6999999999999,148.70000000000002,190.95000000000005,257.30000000000007,341.10499999999996,73.31807368167453
1293C1060,54,1293,Hässleholm,586,Lågpendlingskommun nära större stad,31,6,1540,424130,6226656,1995.034892,256926.0966,167.4417579908676,457.6,119.3,155.90000000000003,210.00000000000003,282.6,62.66846246192584
1293C1040,55,1293,Hässleholm,624,Lågpendlingskommun nära större stad,31,6,1897,424130,6226656,5760.012121,1235899.404,178.93406392694067,489.7999999999999,127.20000000000005,166.8,222.30000000000004,301.9,66.67840990665145
1293B2010,56,1293,Hässleholm,673,Lågpendlingskommun nära större stad,31,6,1518,415506,6226559,8759.564862,3887082.342,206.7947488584475,655.1,144.9,195.05,260.225,343.8149999999998,77.81940649492977
1293C1090,57,1293,Hässleholm,925,Lågpendlingskommun nära större stad,31,6,1885,424130,6226656,5670.087016,1165507.184,264.07206621004565,629.2999999999995,191.70000000000005,244.20000000000005,329.95,429.20499999999976,90.6824917458513
1293B2020,58,1293,Hässleholm,887,Lågpendlingskommun nära större stad,31,6,1703,415506,6226559,9248.66542,4525803.843,251.70308219178082,626.3,181.77500000000003,234.50000000000006,312.29999999999995,412.9099999999998,87.68718078111246
1293C1110,59,1293,Hässleholm,687,Lågpendlingskommun nära större stad,31,6,1494,424130,6226656,4744.549475,1062553.716,204.3337671232877,601.8,144.50000000000003,191.85000000000002,255.05000000000007,339.8149999999998,75.92112848170464
1293C1100,60,1293,Hässleholm,600,Lågpendlingskommun nära större stad,31,6,1699,424130,6226656,5278.621212,1288908.932,182.23206621004567,515.1,126.60000000000002,170.50000000000003,229.3,312.1,71.23516829671107
1293B2030,61,1293,Hässleholm,822,Lågpendlingskommun nära större stad,31,6,1634,415506,6226559,10683.17614,4695864.135,237.96632420091325,560.7999999999997,173.10000000000002,221.75000000000006,296.79999999999995,390.0049999999998,83.01128665582016
1293C1130,62,1293,Hässleholm,841,Lågpendlingskommun nära större stad,31,6,1653,424130,6226656,8074.879582,2172592.145,235.76342465753424,590.0999999999998,173.60000000000002,218.10000000000002,290.90000000000003,385.5999999999999,80.04838879458067
1293C1120,63,1293,Hässleholm,928,Lågpendlingskommun nära större stad,31,6,2239,424130,6226656,16663.63832,6304617.336,263.11634703196347,631.0999999999998,191.90000000000003,243.35000000000005,327.325,428.3049999999998,89.72791414805657
1293C1070,64,1293,Hässleholm,1181,Lågpendlingskommun nära större stad,31,6,2191,415506,6226559,22349.04856,17429678.68,328.3490296803652,766.0999999999995,241.40000000000003,299.45,406.99999999999983,539.5999999999996,111.30879423230837
1293C1080,65,1293,Hässleholm,791,Lågpendlingskommun nära större stad,31,6,1460,424130,6226656,24762.20873,14420274.5,227.31770547945206,590.3999999999999,163.20000000000002,212.00000000000006,284.9,371.3,79.64963799066996
1293A0020,66,1293,Hässleholm,1057,Lågpendlingskommun nära större stad,31,6,1618,415506,6226559,96310.16251,199249262.3,297.49123287671233,654.5999999999998,217.70000000000007,275.80000000000007,369.825,480.29999999999984,99.3775592680245
1284C1060,67,1284,Höganäs,986,Pendlingskommun nära större stad,25,3,2375,350848,6229734,10286.15148,4364460.001,241.1939497716895,634.5,170.10000000000005,227.40000000000003,304.3,399.60499999999996,88.37454655856048
1284C1070,68,1284,Höganäs,1036,Pendlingskommun nära större stad,25,3,2222,350848,6229734,13805.27513,6291504.313,244.78929223744294,596.0,176.60000000000002,226.95000000000005,307.04999999999995,405.2049999999997,87.46563816714195
1284C1080,69,1284,Höganäs,766,Pendlingskommun nära större stad,25,3,1969,350848,6229734,2977.526775,501038.1765,179.5603196347032,526.3,126.4,167.10000000000002,225.50000000000003,303.9,68.0026498673641
1284C1090,70,1284,Höganäs,913,Pendlingskommun nära större stad,25,3,2078,350848,6229734,6449.478215,1733130.846,206.09343607305937,454.9999999999998,147.9,189.30000000000004,255.5250000000001,349.29999999999995,74.86146059262543
1284C1110,71,1284,Höganäs,728,Pendlingskommun nära större stad,25,3,1410,350848,6229734,11258.8781,6598226.036,172.42720319634705,483.0,119.9,159.8,217.30000000000004,295.4049999999999,66.80527073277908
1284C1100,72,1284,Höganäs,893,Pendlingskommun nära större stad,25,3,1913,350848,6229734,13799.53449,7473424.956,211.91963470319638,562.4,149.97500000000002,198.8,265.02500000000003,351.9999999999999,77.09162865055671
1284B2010,73,1284,Höganäs,526,Pendlingskommun nära större stad,25,3,1006,350848,6229734,7965.24823,2850033.235,125.18377853881277,397.1,86.7,116.0,157.00000000000003,219.6199999999997,51.84980698965776
1284A0010,74,1284,Höganäs,1066,Pendlingskommun nära större stad,25,3,1687,350848,6229734,54334.19502,52617118.59,246.24666666666664,589.0999999999997,177.77500000000003,228.6,308.625,404.8299999999996,85.95784819328432
1284C1120,75,1284,Höganäs,1041,Pendlingskommun nära större stad,25,3,1910,350848,6229734,11312.64396,7583939.651,244.68878995433792,692.4,176.80000000000004,229.20000000000005,304.49999999999994,402.19999999999993,86.73288941652322
1284A0030,76,1284,Höganäs,522,Pendlingskommun nära större stad,25,3,761,350848,6229734,21983.38814,25802575.54,138.01905251141554,519.5999999999999,90.4,127.0,175.725,255.7099999999999,63.62927330838495
1284B2020,77,1284,Höganäs,800,Pendlingskommun nära större stad,25,3,1322,350848,6229734,14486.83208,7182515.764,190.4671803652968,685.0,134.3,177.5,239.2,320.19999999999993,72.0166680627638
1284A0020,78,1284,Höganäs,953,Pendlingskommun nära större stad,25,3,1510,350848,6229734,44375.40854,52411493.9,232.32560502283107,593.6999999999999,163.40000000000003,217.8,291.6,386.10499999999996,85.41303252292556
1284C1010,79,1284,Höganäs,663,Pendlingskommun nära större stad,25,3,1274,350848,6229734,7726.768028,2574671.399,156.01155251141552,467.4,108.9,145.8,195.8,265.30000000000007,59.80005759088958
1284C1020,80,1284,Höganäs,1135,Pendlingskommun nära större stad,25,3,2454,350848,6229734,7608.66501,2855056.961,267.0418721461187,602.4999999999998,191.1,248.70000000000005,334.29999999999995,439.3049999999998,94.96585841413469
1284C1030,81,1284,Höganäs,752,Pendlingskommun nära större stad,25,3,1416,350848,6229734,8141.007748,3756679.627,195.77874429223746,596.4,133.2,184.6,247.72500000000005,336.1149999999998,78.76249492292204
1284C1040,82,1284,Höganäs,562,Pendlingskommun nära större stad,25,3,1150,350848,6229734,5454.981278,1305308.08,150.38300228310504,551.1,98.1,138.50000000000003,190.10000000000005,273.705,67.68982409994231
1284C1050,83,1284,Höganäs,809,Pendlingskommun nära större stad,25,3,1646,350848,6229734,5335.929902,1252212.368,207.49097031963473,663.5999999999998,144.30000000000004,197.25,261.0,350.2149999999998,80.27498540549965
1276B3010,84,1276,Klippan,1166,Pendlingskommun nära större stad,25,3,1999,385246,6220091,17428.14452,12344716.97,289.92554794520544,787.1999999999995,206.6,275.75,361.6,472.0999999999999,102.51404953980953
1276A0030,85,1276,Klippan,911,Pendlingskommun nära större stad,25,3,1414,385246,6220091,91884.8063,118003621.4,230.30170091324203,704.5,159.60000000000002,218.10000000000005,289.5,386.9999999999999,87.3317570270893
1276B2010,86,1276,Klippan,1299,Pendlingskommun nära större stad,25,3,2341,385246,6220091,15294.16233,13294869.61,320.17438356164377,842.8999999999999,229.25000000000003,303.70000000000005,401.225,518.1999999999998,111.2013980556027
1276A0020,87,1276,Klippan,628,Pendlingskommun nära större stad,25,3,961,385246,6220091,38605.07529,46547358.97,209.53463470319636,790.8000000000001,133.0,195.05,265.20000000000005,396.62499999999966,100.36723010108021
1276A0010,88,1276,Klippan,1121,Pendlingskommun nära större stad,25,3,1663,399357,6222747,81540.81118,171131371.4,288.3364611872146,775.3,203.20000000000005,275.70000000000005,361.7250000000001,469.9149999999997,104.10858568452323
1276C1010,89,1276,Klippan,1199,Pendlingskommun nära större stad,25,3,2607,385246,6220091,12223.76101,6127003.168,300.6163812785388,846.4999999999999,213.90000000000003,284.70000000000005,378.42499999999995,487.0999999999997,106.55005606180225
1276C1050,90,1276,Klippan,629,Pendlingskommun nära större stad,25,3,1520,385246,6220091,12529.77555,3486662.649,177.02472602739726,677.0,115.8,165.7,223.75000000000003,320.91499999999974,78.24369373683477
1276C1020,91,1276,Klippan,969,Pendlingskommun nära större stad,25,3,2113,385246,6220091,8624.080161,3541966.317,239.24418949771692,658.1,167.60000000000002,224.90000000000003,300.9,398.20499999999987,88.29570889709767
1276C1030,92,1276,Klippan,884,Pendlingskommun nära större stad,25,3,1721,385246,6220091,4732.565502,1063412.138,221.0319292237443,674.0999999999999,152.3,207.40000000000003,281.1,367.60499999999996,84.2724330541916
1276C1040,93,1276,Klippan,926,Pendlingskommun nära större stad,25,3,1526,385246,6220091,10388.52188,5528911.558,232.0564383561644,589.8,163.20000000000002,218.5,292.8,385.8999999999999,85.79088433385259
1272A0010,94,1272,Bromölla,864,Pendlingskommun nära större stad,25,3,1369,468633,6214465,113377.2214,138313380.4,215.73711187214613,554.0999999999998,150.75,203.3,271.8,362.7,81.68483771214588
1272B3010,95,1272,Bromölla,828,Pendlingskommun nära större stad,25,3,1311,467296,6211062,23404.34637,22797781.92,221.60809360730596,683.1,151.10000000000002,210.50000000000003,280.0,381.6149999999998,88.99791265613173
1272C1010,96,1272,Bromölla,1277,Pendlingskommun nära större stad,25,3,2664,468633,6214465,20305.96414,11942954.76,323.86309360730587,754.9999999999998,231.50000000000003,309.0,405.625,517.9049999999999,111.8544986097973
1272C1020,97,1272,Bromölla,1157,Pendlingskommun nära större stad,25,3,2467,468633,6214465,9433.768815,2649666.793,287.4254566210046,737.9,203.375,272.3,361.8,472.1,103.79380930040742
1272C1030,98,1272,Bromölla,906,Pendlingskommun nära större stad,25,3,1800,468633,6214465,8466.567327,3196492.047,229.73841324200913,654.3999999999999,159.675,217.6,289.02500000000003,384.50499999999994,86.47678332689095
1272C1040,99,1272,Bromölla,842,Pendlingskommun nära större stad,25,3,1646,468633,6214465,10237.39474,5036947.318,216.90901826484017,708.0,149.10000000000002,204.8,274.325,365.50499999999994,84.28336518925956
1272B2010,100,1272,Bromölla,771,Pendlingskommun nära större stad,25,3,1376,468633,6214465,14677.14592,11986134.92,200.39038812785392,696.3999999999997,134.675,188.7,253.70000000000005,346.10499999999996,81.76770236037959
1283A0040,101,1283,Helsingborg,707,Större stad,21,2,1178,359885,6226823,54883.59333,53080337.23,162.87565068493151,529.0999999999998,107.80000000000003,151.3,206.32500000000005,294.0,71.6552359333108
1283C1460,102,1283,Helsingborg,577,Större stad,21,2,1889,357269,6213746,1307.501325,86694.8941,137.01609589041098,539.1,86.69999999999999,124.00000000000003,174.3,262.705,66.86636014312244
1283C1440,103,1283,Helsingborg,652,Större stad,21,2,1790,357269,6213746,2012.849825,176679.5685,151.64520547945204,578.4000000000001,97.90000000000002,139.05,192.70000000000005,279.50499999999994,69.88382442587549
1283C1180,104,1283,Helsingborg,766,Större stad,21,2,1574,358942,6209795,3833.159725,626764.2785,175.54696347031964,559.5999999999999,116.40000000000002,165.75,223.125,312.4049999999999,74.68820943596656
1283C1390,105,1283,Helsingborg,617,Större stad,21,2,1682,357269,6213746,2852.899677,334059.7288,144.0176369863014,540.8,93.60000000000002,131.3,183.3,268.10499999999996,66.7619709357412
1283C1380,106,1283,Helsingborg,644,Större stad,21,2,2008,357269,6213746,3047.066246,370088.2437,150.46400684931507,652.8,94.8,138.50000000000003,192.2,279.1,69.86507047053568
1283C1450,107,1283,Helsingborg,490,Större stad,21,2,1733,357269,6213746,5192.581356,1038255.842,120.27553652968038,596.2,72.6,107.35,153.925,240.3,63.99574691838336
1283C1510,108,1283,Helsingborg,696,Större stad,21,2,2082,357269,6213746,1911.681476,211556.6161,161.06694063926946,740.0,104.80000000000003,149.6,204.2,294.305,72.75141010863463
1283C1230,109,1283,Helsingborg,396,Större stad,21,2,1963,357269,6213746,1747.656537,106076.0624,119.97360730593608,556.3,65.0,102.0,156.10000000000002,268.32499999999965,74.97996785259895
1283C1240,110,1283,Helsingborg,417,Större stad,21,2,1864,356328,6212211,1675.832592,133154.6794,106.70740867579909,554.5,61.7,93.05000000000001,135.02500000000003,229.8,61.68952051473336
1283C1410,111,1283,Helsingborg,784,Större stad,21,2,1971,357269,6213746,2061.060151,238802.7581,177.53046803652967,785.9999999999998,119.1,166.70000000000002,224.52500000000003,312.8099999999999,75.1138596842579
1283C1370,112,1283,Helsingborg,668,Större stad,21,2,1970,357269,6213746,5714.210008,1057021.5,156.53182648401827,582.8000000000001,101.00000000000003,144.9,199.7,289.1149999999998,72.04377980953626
1283C1500,113,1283,Helsingborg,627,Större stad,21,2,1993,357269,6213746,3571.033762,351962.4892,147.01101598173517,531.0,94.2,135.00000000000003,188.2,272.20000000000005,67.90209237223928
1283C1490,114,1283,Helsingborg,693,Större stad,21,2,2231,357269,6213746,5660.00675,1244108.988,159.3563470319635,522.6,104.8,148.4,204.12500000000003,288.205,70.53993752844758
1283C1610,115,1283,Helsingborg,1062,Större stad,21,2,2616,357269,6213746,7656.244949,2927831.395,230.8705593607306,648.6999999999998,160.00000000000003,219.20000000000002,290.90000000000003,382.60499999999996,87.13566181222328
1283B2010,116,1283,Helsingborg,905,Större stad,21,2,1927,358942,6209795,5939.762108,1752059.361,199.50268264840182,634.8,134.10000000000002,187.8,253.90000000000003,341.1,80.88606594885766
1283C1310,117,1283,Helsingborg,522,Större stad,21,2,1720,357269,6213746,1613.295159,119885.0588,126.5975114155251,482.7000000000001,79.19999999999999,113.45000000000002,162.70000000000002,248.20499999999998,64.2145853027695
1283C1300,118,1283,Helsingborg,837,Större stad,21,2,1901,357269,6213746,3606.470215,589716.3964,185.97694063926943,608.7,125.9,174.3,235.42500000000004,323.69999999999993,76.7479193455666
1283C1640,119,1283,Helsingborg,776,Större stad,21,2,1955,357269,6213746,6453.416774,2100336.946,176.59044520547945,732.7,118.5,165.9,224.02500000000003,312.20000000000005,74.49299081056043
1283C1420,120,1283,Helsingborg,566,Större stad,21,2,1412,357269,6213746,1985.325946,136998.763,128.5925114155251,480.3,82.8,116.60000000000002,163.40000000000003,241.3,61.090379526461994
1283C1430,121,1283,Helsingborg,737,Större stad,21,2,1820,357269,6213746,1487.201874,112167.7208,183.16592465753428,597.6,119.0,171.05,233.50000000000003,336.30999999999995,83.06437333431994
1283B5010,122,1283,Helsingborg,567,Större stad,21,2,941,358942,6209795,12460.30799,7918477.194,137.9794292237443,655.7,86.19999999999999,126.4,175.425,267.5,69.03274753420166
1283B2020,123,1283,Helsingborg,1259,Större stad,21,2,2885,358942,6209795,8893.297403,2629499.131,268.4200799086758,750.0,187.9,251.90000000000003,338.125,446.0,99.45146315736243
1283B2030,124,1283,Helsingborg,834,Större stad,21,2,1759,358942,6209795,8758.001239,3608118.631,165.78327625570782,451.1,115.6,154.95000000000002,209.6,283.90000000000003,64.56131215936996
1283C1170,125,1283,Helsingborg,769,Större stad,21,2,1639,358942,6209795,4417.878651,798165.2171,175.29391552511416,556.1999999999999,115.5,163.3,223.6,311.705,75.77262146653726
1283C1010,126,1283,Helsingborg,772,Större stad,21,2,1512,358942,6209795,8352.351113,4208478.721,176.28785388127855,646.5,116.70000000000002,166.40000000000003,222.32500000000005,311.905,74.84281485523711
1283C1020,127,1283,Helsingborg,778,Större stad,21,2,1723,358942,6209795,10924.20409,5597279.406,153.62294520547948,431.4,107.7,141.60000000000002,192.90000000000003,265.20000000000005,60.332178121332575
1283C1530,128,1283,Helsingborg,930,Större stad,21,2,2594,357269,6213746,2934.43337,377601.3243,205.77383561643836,636.2,140.9,195.9,260.6,349.0049999999999,81.60084380777434
1283C1560,129,1283,Helsingborg,575,Större stad,21,2,1837,361152,6216167,2446.415683,317560.2867,118.6786187214612,501.5,79.6,109.0,149.52500000000003,214.30000000000004,51.73087852795416
1283A0010,130,1283,Helsingborg,801,Större stad,21,2,1290,368607,6195414,61101.21825,53110133.36,183.7900570776256,725.0999999999999,122.275,171.4,232.7,324.1149999999998,78.71814490187879
1283C1030,131,1283,Helsingborg,736,Större stad,21,2,1582,358942,6209795,5482.941497,1427485.439,171.93377853881282,617.0,111.60000000000002,159.8,218.8,316.505,77.29571833809585
1283C1040,132,1283,Helsingborg,928,Större stad,21,2,2224,358942,6209795,7094.599003,1992853.838,204.86833333333337,597.6999999999997,138.60000000000002,192.70000000000005,259.5,352.90000000000003,81.88126011232772
1283C1050,133,1283,Helsingborg,784,Större stad,21,2,1490,358942,6209795,8049.472058,2888892.742,178.9268378995434,586.1999999999999,119.70000000000002,168.55,226.025,317.6149999999998,76.11856899150506
1283C1070,134,1283,Helsingborg,529,Större stad,21,2,1467,358942,6209795,8938.614173,3430780.365,127.81726027397262,685.0999999999999,79.30000000000001,115.8,163.12500000000003,249.6199999999997,65.21026401545781
1283C1060,135,1283,Helsingborg,538,Större stad,21,2,1019,358942,6209795,11465.36901,4152658.385,124.92915525114154,545.1,79.6,113.1,160.40000000000003,238.3,60.8633984069318
1283C1080,136,1283,Helsingborg,749,Större stad,21,2,1703,358942,6209795,10354.59553,2737604.686,170.1855821917808,543.0,112.00000000000003,159.0,215.2,303.19999999999993,73.909154554484
1283C1090,137,1283,Helsingborg,552,Större stad,21,2,1531,358942,6209795,3063.898021,524561.4376,132.29640410958905,587.3000000000001,83.1,119.9,169.8,257.60499999999996,66.21566875737288
1283C1110,138,1283,Helsingborg,783,Större stad,21,2,1811,358942,6209795,3728.337971,691688.4596,176.10906392694065,594.8000000000001,117.75,164.25,223.00000000000003,308.5199999999997,74.59746502336614
1283C1100,139,1283,Helsingborg,757,Större stad,21,2,1581,358942,6209795,8136.234598,2302677.717,150.3298401826484,440.9,104.7,140.5,188.8,261.70000000000005,60.04168286082549
1283C1150,140,1283,Helsingborg,670,Större stad,21,2,1971,357401,6210155,2921.946157,477198.6697,154.98647260273975,592.3000000000001,101.2,143.9,196.40000000000003,287.7,71.16645117553418
1283C1120,141,1283,Helsingborg,748,Större stad,21,2,2403,357401,6210155,6805.666827,1459900.882,153.9077054794521,437.8,104.9,142.10000000000002,195.8,267.9,62.600928175687635
1283C1130,142,1283,Helsingborg,489,Större stad,21,2,2069,356328,6212211,5380.346923,1113003.695,133.91909817351598,745.7,76.2,118.70000000000002,171.2,280.50999999999993,76.0719308826374
1283C1190,143,1283,Helsingborg,848,Större stad,21,2,2181,357401,6210155,3970.080026,671633.2621,179.619600456621,566.1,123.10000000000002,167.30000000000004,229.00000000000006,312.4,72.8207913918398
1283C1210,144,1283,Helsingborg,625,Större stad,21,2,2197,357269,6213746,3841.953095,595097.8344,123.61961187214612,381.30000000000007,83.80000000000001,115.6,156.5,217.80499999999998,50.74823740588112
1283C1200,145,1283,Helsingborg,613,Större stad,21,2,3279,356328,6212211,8360.632521,2261985.342,163.47492009132418,669.5,101.4,149.5,207.1,318.10499999999996,81.93819972413192
1283C1160,146,1283,Helsingborg,913,Större stad,21,2,1792,358942,6209795,11351.22238,5219303.321,201.59375570776257,637.0999999999998,137.1,189.2,254.30000000000004,347.305,81.47322655668766
1283C1140,147,1283,Helsingborg,1004,Större stad,21,2,1843,361152,6216167,12372.63908,6470987.584,217.89832191780826,599.1,151.20000000000002,206.40000000000003,273.8,368.5999999999999,84.1780609299492
1283C1340,148,1283,Helsingborg,551,Större stad,21,2,1377,357269,6213746,4375.929287,705665.2378,134.38434931506848,578.5,83.19999999999999,122.8,172.20000000000002,260.90999999999985,67.38126780559497
1283C1250,149,1283,Helsingborg,497,Större stad,21,2,1944,357269,6213746,1235.25592,77840.17936,120.3723401826484,502.2000000000001,73.07499999999999,108.2,153.00000000000003,239.60499999999993,62.777034057260146
1283C1280,150,1283,Helsingborg,380,Större stad,21,2,1588,357269,6213746,1272.221653,62061.72031,99.7118493150685,505.69999999999993,57.4,83.8,129.3,219.0,59.968976595432466
1283C1270,151,1283,Helsingborg,643,Större stad,21,2,1529,357269,6213746,4026.762706,540420.7366,130.46663242009132,431.5999999999999,89.70000000000002,119.9,166.5,229.70999999999984,54.59607491291254
1283C1290,152,1283,Helsingborg,527,Större stad,21,2,2063,357269,6213746,4088.843263,470145.5921,109.7910388127854,489.2000000000001,72.3,100.7,140.9,201.40499999999997,50.29112704405649
1283C1260,153,1283,Helsingborg,633,Större stad,21,2,1644,357269,6213746,2733.971596,353202.4778,131.1900799086758,452.1999999999999,87.60000000000001,120.3,166.30000000000004,235.9,56.40452396752583
1283C1330,154,1283,Helsingborg,423,Större stad,21,2,1539,357269,6213746,3068.374655,271330.5796,102.01963470319635,574.3,61.3,89.9,129.9,211.10499999999993,56.63310995274237
1283C1220,155,1283,Helsingborg,1250,Större stad,21,2,3115,358942,6209795,8881.570006,1969390.459,260.3553082191781,632.5,183.15000000000003,246.00000000000006,329.22499999999997,429.8049999999998,94.89341657043703
1283C1320,156,1283,Helsingborg,760,Större stad,21,2,1518,357269,6213746,3908.753057,572975.1044,171.48454337899548,601.5,112.5,160.45000000000002,217.60000000000002,308.305,74.76786692679484
1283C1360,157,1283,Helsingborg,829,Större stad,21,2,1987,357269,6213746,3553.702532,485150.9829,186.13946347031967,602.0999999999999,125.70000000000002,174.55,236.80000000000004,327.0,77.7545203379247
1283C1350,158,1283,Helsingborg,545,Större stad,21,2,1469,357269,6213746,3682.677454,660222.7511,128.76598173515984,582.0,79.6,116.20000000000002,166.0,248.50499999999997,64.78016031385309
1283C1400,159,1283,Helsingborg,783,Större stad,21,2,2388,357269,6213746,2492.171125,332177.7217,170.93559360730595,553.0,115.3,159.25000000000003,217.10000000000002,301.5149999999998,71.65204275013737
1283C1480,160,1283,Helsingborg,773,Större stad,21,2,2067,357269,6213746,1586.834169,147573.0333,178.85041095890412,653.7,116.30000000000004,167.4,226.4,321.0999999999999,78.67187890236644
1283C1470,161,1283,Helsingborg,587,Större stad,21,2,2473,357269,6213746,3899.9933,560581.4291,134.6159246575342,533.5999999999998,86.69999999999999,123.05,170.32500000000005,253.3,63.23504429039569
1283C1520,162,1283,Helsingborg,895,Större stad,21,2,2203,357269,6213746,3640.79157,603737.9542,186.90420091324205,519.8,129.90000000000003,174.40000000000003,236.02500000000006,317.69999999999993,73.11884909267151
1283C1540,163,1283,Helsingborg,415,Större stad,21,2,1617,357269,6213746,1979.20017,209608.7214,101.10615296803653,522.3,61.2,87.6,127.8,210.1,55.942482427470544
1283C1550,164,1283,Helsingborg,391,Större stad,21,2,1769,357269,6213746,2810.064075,320323.0086,100.75737442922374,490.7,57.7,86.55000000000001,130.32500000000002,217.30499999999998,59.78638988157393
1283B3010,165,1283,Helsingborg,1049,Större stad,21,2,1985,368329,6216038,9019.508009,5834798.664,225.16068493150686,737.4,156.10000000000002,213.5,283.5,379.6,86.24931475089129
1283C1570,166,1283,Helsingborg,613,Större stad,21,2,1721,361152,6216167,2984.695917,410416.9323,137.23704337899542,514.0,89.7,126.4,174.6,254.50000000000003,63.1535396165148
1283C1580,167,1283,Helsingborg,950,Större stad,21,2,2578,357269,6213746,4810.1974,865066.1721,203.00202054794522,626.5999999999999,138.8,190.95000000000005,257.1,348.205,79.83560653356976
1283C1620,168,1283,Helsingborg,582,Större stad,21,2,1383,357269,6213746,3436.415967,631978.6535,133.26818493150682,489.5,86.30000000000001,122.8,169.8,248.10499999999996,62.562895877143916
1283C1590,169,1283,Helsingborg,985,Större stad,21,2,1888,357269,6213746,11848.98842,4776319.728,218.51549086757993,658.8999999999997,148.375,207.00000000000003,277.975,370.9,86.81927478528252
1283A0020,170,1283,Helsingborg,780,Större stad,21,2,1328,368329,6216038,69147.11912,68473163.29,178.88324200913243,595.2,118.37500000000001,167.3,228.725,318.205,77.09698873413926
1283C1600,171,1283,Helsingborg,639,Större stad,21,2,1477,361152,6216167,14606.42987,7477718.337,145.21487442922376,540.8,94.4,133.90000000000003,185.1,267.905,66.19981561612079
1283C1650,172,1283,Helsingborg,628,Större stad,21,2,1434,357269,6213746,5249.950405,1105814.951,153.23036529680365,593.0,97.60000000000002,141.70000000000005,196.32500000000005,286.2099999999999,72.84360314941105
1283C1630,173,1283,Helsingborg,1381,Större stad,21,2,4285,357269,6213746,8565.675743,2719559.735,292.0654680365297,767.8000000000001,206.00000000000006,279.0,368.7250000000001,473.3049999999998,104.07791226504325
1283C1660,174,1283,Helsingborg,945,Större stad,21,2,2309,361152,6216167,14807.2917,5672059.209,187.93670091324205,619.0999999999999,133.15,174.80000000000004,235.2,318.8049999999999,70.58606971554283
1283C1690,175,1283,Helsingborg,1073,Större stad,21,2,2300,361152,6216167,5008.158138,1444392.683,212.966598173516,584.1999999999998,152.20000000000002,199.2,267.90000000000003,353.0,77.57718706427609
1283C1680,176,1283,Helsingborg,438,Större stad,21,2,813,357269,6213746,9074.097728,2741091.33,110.49884703196348,487.3,65.1,97.6,141.40000000000003,231.00499999999997,62.41550808894027
1283C1670,177,1283,Helsingborg,1026,Större stad,21,2,2327,357269,6213746,9026.876844,2820987.671,204.72539954337898,556.2999999999998,144.90000000000003,189.3,257.52500000000003,347.7099999999998,76.48833023718764
1283C1700,178,1283,Helsingborg,897,Större stad,21,2,1711,361152,6216167,17178.731,7826491.874,198.7943378995434,692.7999999999996,134.10000000000002,188.60000000000005,253.2,341.0099999999999,80.51063401595938
1283B4010,179,1283,Helsingborg,696,Större stad,21,2,1457,359885,6226823,12636.87581,7809477.573,159.86312785388128,524.6999999999999,104.70000000000002,148.40000000000003,203.52500000000006,289.805,71.07331865107835
1283A0030,180,1283,Helsingborg,1158,Större stad,21,2,2087,359885,6226823,33119.44001,44891937.94,228.15954337899544,572.1999999999998,163.40000000000003,211.6,285.9,380.20499999999987,82.4395388107564
1275A0010,181,1275,Perstorp,829,Pendlingskommun nära större stad,25,3,1279,399357,6222747,75928.18735,145694141.0,212.01432648401828,632.3999999999999,145.10000000000002,200.4,266.8,362.01499999999976,82.8207491211584
1275C1020,182,1275,Perstorp,528,Pendlingskommun nära större stad,25,3,1473,399357,6222747,8618.066769,2633379.96,144.7668493150685,547.3,91.3,133.35000000000002,184.4,274.1099999999999,68.63299358410747
1275C1010,183,1275,Perstorp,632,Pendlingskommun nära större stad,25,3,1489,399357,6222747,13655.23083,7753310.719,181.3781392694064,658.5,118.2,170.2,228.6,332.705,81.42951059091496
1275C1040,184,1275,Perstorp,682,Pendlingskommun nära större stad,25,3,1772,399357,6222747,7279.825354,2032683.605,180.7813812785388,672.2,120.3,169.55,229.50000000000009,318.80499999999995,76.24383317781566
1275C1030,185,1275,Perstorp,698,Pendlingskommun nära större stad,25,3,1429,399357,6222747,10230.7677,4493699.055,184.85721461187214,617.8000000000001,123.6,173.60000000000002,234.92500000000004,323.99999999999994,76.78176904412258
1257A0010,186,1257,Örkelljunga,791,Pendlingskommun nära större stad,25,3,1278,386632,6241761,63515.7321,93092130.97,205.3148287671233,585.2999999999998,141.4,195.50000000000003,259.125,349.69999999999993,80.72018379640257
1257C1030,187,1257,Örkelljunga,682,Pendlingskommun nära större stad,25,3,1714,386632,6241761,8534.576419,2513376.067,186.35542237442922,600.6,123.5,174.60000000000002,235.7,330.70499999999987,78.92411778058369
1257C1020,188,1257,Örkelljunga,758,Pendlingskommun nära större stad,25,3,1557,386632,6241761,13811.23838,3007801.835,202.61490867579911,691.7999999999998,136.675,190.8,256.3,352.5,82.9511876275388
1257C1010,189,1257,Örkelljunga,763,Pendlingskommun nära större stad,25,3,1332,386632,6241761,16937.95747,12283611.76,173.4364726027397,447.5999999999999,123.0,159.8,216.90000000000003,294.5,64.85802677432767
1257C1040,190,1257,Örkelljunga,619,Pendlingskommun nära större stad,25,3,1104,386632,6241761,18063.34806,8848721.916,164.32589041095892,638.4000000000001,108.3,152.20000000000002,206.62500000000003,296.6199999999997,72.34814168458178
1257A0020,191,1257,Örkelljunga,1184,Pendlingskommun nära större stad,25,3,1832,404987,6247646,65539.39878,100337374.4,294.28447488584476,783.8999999999999,210.10000000000002,279.3,370.225,476.6049999999996,103.42794859839002
1257A0030,192,1257,Örkelljunga,938,Pendlingskommun nära större stad,25,3,1638,404987,6247646,61722.00072,110973337.5,235.41300228310504,690.2999999999997,163.30000000000004,223.70000000000005,298.225,391.8099999999999,88.72403594970734
1290A0110,193,1290,Kristianstad,1346,Större stad,21,2,2296,456053,6226593,71520.50954,162914715.7,286.36035388127857,739.6999999999998,200.87500000000003,271.75,361.8,468.805,104.64569628725576
1290B6010,194,1290,Kristianstad,783,Större stad,21,2,1518,445761,6217713,13761.37235,10219418.92,177.4136301369863,616.2,116.875,167.00000000000003,224.60000000000005,314.5099999999999,75.70316500636564
1290B8010,195,1290,Kristianstad,577,Större stad,21,2,1035,448292,6212635,15226.51522,9345429.807,137.2345205479452,598.8999999999999,86.60000000000001,125.9,175.00000000000003,263.1099999999999,66.41148882393881
1290A0010,196,1290,Kristianstad,657,Större stad,21,2,976,435014,6191255,74975.54686,94555689.89,131.46110730593608,410.4,90.6,121.80000000000001,166.70000000000002,229.8,53.192810259271084
1290B7010,197,1290,Kristianstad,787,Större stad,21,2,1418,440802,6179703,12556.25793,9286642.412,161.31570776255705,450.50000000000006,111.7,150.85000000000002,203.9000000000001,276.5,63.51981787779109
1290A0020,198,1290,Kristianstad,963,Större stad,21,2,1529,440802,6179703,65079.8495,97067528.42,193.88737442922374,513.7999999999998,134.8,179.20000000000005,245.85000000000002,328.20499999999987,74.36221482344439
1290B2010,199,1290,Kristianstad,1448,Större stad,21,2,2633,450480,6199931,23293.46813,14624383.28,302.47030821917804,845.8999999999996,214.6,286.75,380.3999999999999,493.30499999999995,107.455750394573
1290B2020,200,1290,Kristianstad,630,Större stad,21,2,1215,450480,6199931,7026.010342,1173494.409,154.19898401826484,657.0999999999998,97.5,141.8,197.00000000000006,293.60499999999996,74.51424548438416
1290B2030,201,1290,Kristianstad,938,Större stad,21,2,1939,450480,6199931,7543.988774,1693947.13,205.36674657534246,660.4999999999998,140.80000000000004,194.25,259.725,347.405,81.37308225811823
1290B2050,202,1290,Kristianstad,1262,Större stad,21,2,2287,450480,6199931,7632.568164,2685999.887,268.6620091324201,711.3999999999997,188.2,254.80000000000004,340.0,444.0999999999999,99.48544472045756
1290A0030,203,1290,Kristianstad,951,Större stad,21,2,1589,435014,6191255,70784.43365,102291822.8,191.19644977168952,523.8,134.20000000000002,177.7,240.3,322.8049999999999,71.65387201039731
1290B2040,204,1290,Kristianstad,1019,Större stad,21,2,1956,450480,6199931,14283.90164,6315017.578,200.21881278538817,498.0999999999999,143.775,184.9,250.50000000000009,337.40499999999986,73.68313040216795
1290B2060,205,1290,Kristianstad,814,Större stad,21,2,1584,450480,6199931,11245.95948,5059270.95,182.41417808219177,576.0999999999999,122.5,170.90000000000003,231.2,319.90000000000003,75.82720276069449
1290B3010,206,1290,Kristianstad,1135,Större stad,21,2,2153,435014,6191255,13812.64886,8553632.977,221.394098173516,573.8,159.20000000000002,204.30000000000004,277.725,368.8099999999999,79.80123029317917
1290B3020,207,1290,Kristianstad,776,Större stad,21,2,1455,435014,6191255,14569.71252,7887281.905,158.85341324200914,441.7999999999998,108.97500000000001,148.15,202.2,273.6,63.94415135324915
1290C1030,208,1290,Kristianstad,924,Större stad,21,2,1855,448292,6212635,12537.39484,4700276.708,182.83317351598177,512.2,128.175,170.0,231.32500000000002,309.60499999999996,69.10128740457742
1290C1160,209,1290,Kristianstad,722,Större stad,21,2,2454,448292,6212635,3074.853231,309366.6408,164.08164383561646,616.6,108.50000000000004,152.40000000000003,207.6,297.8049999999999,72.31177871116974
1290C1010,210,1290,Kristianstad,564,Större stad,21,2,1034,448292,6212635,15646.54486,7111004.218,134.28987442922374,565.3,83.7,122.60000000000002,170.70000000000002,260.50999999999993,66.27155675056505
1290A0040,211,1290,Kristianstad,1197,Större stad,21,2,2009,450480,6199931,56685.67629,99042243.56,247.2189497716895,678.8999999999996,174.10000000000002,231.0,311.5,412.2049999999997,91.36917549512249
1290A0060,212,1290,Kristianstad,554,Större stad,21,2,949,450480,6199931,39921.19775,37549070.71,107.84440639269408,302.2,75.60000000000001,100.85,135.4,189.70000000000005,44.21374592713137
1290C1020,213,1290,Kristianstad,1260,Större stad,21,2,2326,448292,6212635,16117.662,10322816.22,250.04654109589043,614.2999999999997,178.60000000000002,231.80000000000007,312.3,416.805,90.31312201770511
1290C1040,214,1290,Kristianstad,668,Större stad,21,2,1199,448292,6212635,12529.28877,7124164.631,142.62859589041096,474.6,94.375,130.9,181.6,255.80000000000004,61.99424843845193
1290C1050,215,1290,Kristianstad,1236,Större stad,21,2,2533,448292,6212635,10301.59241,3661404.761,240.7970890410959,580.1999999999999,170.8,221.00000000000003,304.4,401.60499999999985,87.13130001803366
1290C1060,216,1290,Kristianstad,665,Större stad,21,2,1656,448292,6212635,11507.09855,4651569.397,157.35414383561647,578.0999999999999,101.2,145.70000000000002,201.10000000000005,294.2099999999999,73.52380673975071
1290C1070,217,1290,Kristianstad,814,Större stad,21,2,2249,448292,6212635,9030.280787,3153690.077,189.41017123287673,624.1,124.20000000000005,177.8,240.20000000000005,338.31999999999977,81.65296945834737
1290C1100,218,1290,Kristianstad,717,Större stad,21,2,2039,448292,6212635,2241.493289,267519.9556,151.68163242009132,477.30000000000007,101.8,139.45000000000002,193.00000000000003,267.0199999999997,63.87455477813944
1290A0050,219,1290,Kristianstad,1077,Större stad,21,2,1824,435014,6191255,104142.4187,123418812.3,215.78647260273976,531.8,152.8,200.95000000000005,271.225,360.60499999999985,78.97243615768662
1290C1090,220,1290,Kristianstad,789,Större stad,21,2,1878,448292,6212635,8172.437749,2714823.231,155.1158904109589,437.19999999999993,108.70000000000002,144.8,194.22500000000002,266.10499999999996,60.191013799901654
1290C1130,221,1290,Kristianstad,645,Större stad,21,2,1839,448292,6212635,1959.421703,217111.0552,127.5507191780822,417.69999999999993,87.1,118.35,160.52500000000003,225.1,52.32451703930402
1290C1080,222,1290,Kristianstad,820,Större stad,21,2,1979,448292,6212635,10949.14617,4494506.684,183.96930365296802,648.5,122.8,173.10000000000002,233.85000000000002,327.705,78.53328680358732
1290C1120,223,1290,Kristianstad,716,Större stad,21,2,2304,448292,6212635,4084.220099,698617.6527,162.86923515981735,680.5,107.6,152.5,207.02500000000006,291.6149999999998,71.29109826430931
1290C1140,224,1290,Kristianstad,624,Större stad,21,2,1892,448292,6212635,4292.774153,441804.4349,129.15399543379,488.0,87.0,119.3,163.5,230.02499999999964,55.193632662143585
1290A0070,225,1290,Kristianstad,678,Större stad,21,2,1040,448292,6212635,69621.92674,92895415.6,137.4863812785388,428.2,94.075,127.20000000000005,173.80000000000004,240.9000000000001,56.59230958329521
1290C1110,226,1290,Kristianstad,1065,Större stad,21,2,2182,448292,6212635,11567.53392,4981717.905,211.28446347031965,533.0,151.10000000000002,195.95000000000005,264.125,354.39999999999986,77.60851039305965
1290C1170,227,1290,Kristianstad,689,Större stad,21,2,1828,448292,6212635,3137.04631,536709.3404,145.04286529680365,495.1,97.9,134.5,184.1,257.6,61.430372365319286
1290C1150,228,1290,Kristianstad,743,Större stad,21,2,1856,448292,6212635,9083.233555,2305961.258,169.6540867579909,566.3000000000001,111.37500000000001,159.15000000000003,217.10000000000002,306.32499999999965,74.70799722351532
1290B4010,229,1290,Kristianstad,1076,Större stad,21,2,1959,448292,6212635,12703.51858,9605522.283,218.73308219178082,585.8999999999999,154.325,203.80000000000004,275.82500000000005,366.10499999999996,81.4377963781794
1290C1200,230,1290,Kristianstad,643,Större stad,21,2,1600,448292,6212635,3735.601164,435599.6947,150.78985159817353,554.0999999999999,94.9,139.5,194.1,280.6,70.0606099123204
1290C1180,231,1290,Kristianstad,1225,Större stad,21,2,2856,448292,6212635,7730.055176,2110406.884,261.6413013698631,723.8999999999995,184.67499999999998,250.00000000000006,329.32500000000005,432.3099999999996,96.28602851538831
1290C1220,232,1290,Kristianstad,445,Större stad,21,2,2440,448292,6212635,1856.679499,205034.9754,112.4243493150685,510.69999999999993,65.5,98.5,145.125,232.20499999999998,61.889004420566216
1290C1210,233,1290,Kristianstad,869,Större stad,21,2,1820,448292,6212635,12314.86381,4413656.527,179.26454337899543,688.1999999999997,123.4,167.50000000000003,227.12500000000003,306.5099999999998,71.0647798005016
1290C1190,234,1290,Kristianstad,683,Större stad,21,2,2083,448292,6212635,12367.32198,3990152.941,158.34374429223746,667.2999999999998,102.0,148.20000000000005,202.32500000000005,287.9,71.7856330736732
1290C1230,235,1290,Kristianstad,527,Större stad,21,2,2648,448292,6212635,6407.383526,1171135.674,126.72750000000002,571.5,79.3,115.5,161.2,249.10499999999993,63.877033625040426
1290B5010,236,1290,Kristianstad,919,Större stad,21,2,1712,445761,6217713,15104.83463,10903310.03,202.4328767123288,685.4,137.2,191.8,256.8,348.3099999999999,81.84538558402794
1290A0080,237,1290,Kristianstad,1430,Större stad,21,2,2248,448292,6212635,113757.3382,201231081.9,301.7825684931507,779.3999999999996,212.80000000000004,286.65,379.7249999999999,495.3999999999999,108.84297782654438
1290A0090,238,1290,Kristianstad,1130,Större stad,21,2,1855,445761,6217713,85959.98875,111778981.6,244.0646461187215,639.5999999999999,169.9,231.75000000000003,308.325,407.6999999999999,91.98894697802875
1290A0100,239,1290,Kristianstad,620,Större stad,21,2,1009,445761,6217713,73169.58231,99550977.74,145.09117579908678,537.9000000000001,93.9,134.1,185.5,271.3,67.66393771885157
1273C1010,240,1273,Osby,867,Pendlingskommun nära mindre tätort,33,5,1567,419121,6239024,13945.84022,10563103.88,262.9076712328767,688.0999999999998,192.90000000000003,246.7,324.5999999999999,424.0999999999998,88.2366459104536
1273A0020,241,1273,Osby,816,Pendlingskommun nära mindre tätort,33,5,1208,419121,6239024,129973.6792,230726001.6,250.5700114155251,594.5999999999999,181.77500000000003,232.60000000000005,311.825,408.805,86.49078661847324
1273A0010,242,1273,Osby,619,Pendlingskommun nära mindre tätort,33,5,864,456053,6226593,112625.8224,225557978.6,186.3181506849315,596.3999999999999,133.8,173.20000000000002,232.42500000000007,313.00499999999994,68.4770901644336
1273C1020,243,1273,Osby,768,Pendlingskommun nära mindre tätort,33,5,1495,419121,6239024,9976.262769,3949359.464,240.8926712328767,613.7999999999997,172.70000000000002,225.60000000000002,300.9,396.0999999999999,85.71283652248563
1273C1030,244,1273,Osby,645,Pendlingskommun nära mindre tätort,33,5,1465,419121,6239024,10724.63278,6267413.738,205.84994292237445,600.9999999999998,143.8,192.75000000000003,258.5,346.60499999999985,77.64051242742619
1273C1040,245,1273,Osby,747,Pendlingskommun nära mindre tätort,33,5,1711,419121,6239024,10950.36387,4995620.434,246.191404109589,767.8,173.60000000000002,234.10000000000002,308.5,407.49999999999983,89.9079125379152
1273C1050,246,1273,Osby,758,Pendlingskommun nära mindre tätort,33,5,1659,419121,6239024,10887.88547,3970308.61,256.51344748858446,698.1,180.7,244.95000000000002,320.8999999999999,424.9049999999999,94.34900198022468
1273B2010,247,1273,Osby,976,Pendlingskommun nära mindre tätort,33,5,1958,456053,6226593,13302.24872,10636289.82,311.39246575342463,778.8999999999999,226.07500000000005,294.65,387.3999999999999,500.60499999999985,105.5694997886195
1273A0030,248,1273,Osby,753,Pendlingskommun nära mindre tätort,33,5,1311,419121,6239024,67173.83272,104624503.8,246.18793378995431,608.6999999999999,174.90000000000003,234.70000000000005,307.8999999999999,404.10499999999996,88.41618227000033
1278C1010,249,1278,Båstad,1094,Landsbygdskommun med besöksnäring,28,9,2068,363373,6251148,21533.51202,14851119.91,275.55231735159816,592.9999999999997,200.67500000000004,249.90000000000003,344.0999999999999,459.90999999999974,96.60867282686344
1278C1030,250,1278,Båstad,1634,Landsbygdskommun med besöksnäring,28,9,3054,363373,6251148,23979.68139,18077359.54,435.60345890410946,1020.0999999999996,320.775,409.69999999999993,537.5999999999998,688.9999999999995,140.38435265958736
1278A0020,251,1278,Båstad,1244,Landsbygdskommun med besöksnäring,28,9,2001,363373,6251148,49762.14931,78090990.68,320.65787671232874,829.6999999999996,234.10000000000002,296.05,399.325,515.6099999999997,107.17680445735215
1278B2020,252,1278,Båstad,524,Landsbygdskommun med besöksnäring,28,9,1064,363373,6251148,9567.530247,3577096.948,132.51351598173514,346.0,94.10000000000002,123.5,165.12500000000003,225.80000000000004,50.29338600948995
1278B2010,253,1278,Båstad,723,Landsbygdskommun med besöksnäring,28,9,1497,363373,6251148,13483.05089,6192551.429,184.06422374429226,492.8,130.8,170.40000000000003,229.72500000000005,308.1,66.93887344881067
1278B2030,254,1278,Båstad,621,Landsbygdskommun med besöksnäring,28,9,1164,363373,6251148,16432.37582,12525966.6,161.35654109589044,492.6999999999997,115.2,150.7,202.6,272.1,60.75690577168256
1278A0010,255,1278,Båstad,1106,Landsbygdskommun med besöksnäring,28,9,1673,363373,6251148,84967.91152,98172776.9,286.8856621004566,658.1999999999997,209.50000000000003,266.5,355.9999999999999,464.40499999999986,96.79617868330493
1278C1020,256,1278,Båstad,1052,Landsbygdskommun med besöksnäring,28,9,2167,363373,6251148,9529.721405,3314767.867,271.1447945205479,724.1999999999997,196.47500000000008,250.25000000000006,337.4,444.8049999999998,93.3102823569915
1278B3010,257,1278,Båstad,696,Landsbygdskommun med besöksnäring,28,9,1136,363373,6251148,29192.58552,36197636.94,200.6230593607306,642.0,137.60000000000002,188.45000000000005,251.2,345.0,79.66466296404668
1281C1230,258,1281,Lund,750,Större stad,21,2,2044,387433,6173395,3528.660415,688925.1712,154.91977168949774,483.4,105.7,144.5,196.10000000000005,266.30499999999995,62.10664091653029
1281C1270,259,1281,Lund,519,Större stad,21,2,1801,385209,6175299,2268.13264,279823.8081,103.025,353.40000000000003,69.19999999999999,94.7,130.10000000000002,185.50499999999997,44.05451270439954
1281C1250,260,1281,Lund,447,Större stad,21,2,1802,385209,6175299,2246.639472,249194.0612,92.11623287671232,375.5,58.7,83.6,116.4,175.00000000000003,43.973223115273825
1281C1040,261,1281,Lund,317,Större stad,21,2,1369,387433,6173395,1693.060692,96265.79845,86.65252283105022,532.2,46.8,72.2,110.3,199.00499999999997,57.48494405132752
1281C1050,262,1281,Lund,561,Större stad,21,2,1637,385209,6175299,1708.542133,150057.7343,133.0022374429224,623.0999999999999,83.0,120.30000000000001,168.625,259.90999999999985,67.29581500525748
1281C1010,263,1281,Lund,576,Större stad,21,2,1795,387433,6173395,5763.22653,1062786.783,112.83546803652969,353.5,79.2,105.3,141.8,195.90499999999997,45.2009305251854
1281C1060,264,1281,Lund,604,Större stad,21,2,1882,387433,6173395,2942.702211,526542.0224,134.65067351598177,510.9,87.1,123.20000000000002,171.02500000000003,248.90000000000003,62.02146152129068
1281C1180,265,1281,Lund,406,Större stad,21,2,1770,387433,6173395,2700.50921,199628.5514,104.04575342465753,635.8999999999999,60.8,90.15,134.3,221.7,60.692981547594144
1281C1190,266,1281,Lund,638,Större stad,21,2,1718,387433,6173395,3506.835864,710295.7292,148.76239726027396,528.3,94.8,138.10000000000002,189.3,273.1,68.30534467492865
1281A0010,267,1281,Lund,573,Större stad,21,2,841,397472,6166735,75150.09675,92676167.74,118.49816210045664,439.3,79.7,109.1,149.4,213.80499999999998,51.572149650018694
1281C1160,268,1281,Lund,632,Större stad,21,2,1658,388592,6176569,4998.654814,1092499.269,130.61638127853882,558.1,88.125,120.40000000000002,166.10000000000002,232.20499999999998,55.52289982920831
1281C1200,269,1281,Lund,385,Större stad,21,2,1290,387433,6173395,3381.738951,461495.3699,88.47997716894979,450.4,54.2,77.0,112.6,181.10499999999993,48.2518072684222
1281C1240,270,1281,Lund,327,Större stad,21,2,1255,385209,6175299,2185.591881,268256.3452,63.662545662100456,206.60000000000005,42.8,58.4,80.4,119.8,29.56218525859649
1281C1220,271,1281,Lund,479,Större stad,21,2,1621,385209,6175299,3168.488558,270637.3167,92.33861872146119,263.1000000000001,62.1,86.75,116.50000000000004,164.10000000000002,38.95963312846476
1281B5010,272,1281,Lund,1054,Större stad,21,2,2226,397472,6166735,10996.85745,5041578.822,202.7953767123288,506.6999999999997,144.9,186.20000000000005,255.92500000000004,338.70499999999987,74.73627038498763
1281B5020,273,1281,Lund,532,Större stad,21,2,1037,397472,6166735,11126.84881,2699811.29,131.50269406392692,617.6999999999999,80.1,119.9,167.1,255.00499999999997,66.56948508079986
1281B4010,274,1281,Lund,852,Större stad,21,2,1676,407932,6166551,8982.216875,4148746.911,175.1713584474886,520.5,120.47500000000004,163.00000000000003,221.80000000000004,300.1149999999998,69.14958833777163
1281B4020,275,1281,Lund,907,Större stad,21,2,2088,407932,6166551,8142.352362,2914894.656,185.8369178082192,538.0,129.875,173.55,235.02500000000003,314.60499999999985,72.0399214628123
1281C1410,276,1281,Lund,348,Större stad,21,2,1174,385209,6175299,3362.672697,516857.1284,70.35404109589042,365.8999999999999,46.8,65.2,90.42500000000001,131.10499999999996,34.09832511172254
1281B4030,277,1281,Lund,951,Större stad,21,2,1951,407932,6166551,10868.00674,4999605.161,208.0545890410959,575.9,141.3,196.8,263.85,356.10499999999996,82.73168110118752
1281C1290,278,1281,Lund,560,Större stad,21,2,1604,388592,6176569,3749.903847,543991.0161,119.13303652968037,450.79999999999984,78.8,108.8,152.20000000000002,217.70499999999993,54.21365699714222
1281C1300,279,1281,Lund,319,Större stad,21,2,1085,385209,6175299,2357.700744,234385.6092,65.31978310502284,291.6,40.0,58.150000000000006,83.3,126.9,33.87683487006693
1281A0020,280,1281,Lund,1424,Större stad,21,2,2416,397472,6166735,107614.1329,140930264.7,309.9865410958904,809.0999999999998,217.175,297.70000000000005,392.1999999999999,502.8049999999998,112.40728479906667
1281B3010,281,1281,Lund,595,Större stad,21,2,1576,397472,6166735,12293.96429,5876058.622,114.79547945205479,319.29999999999995,79.7,105.6,145.10000000000002,200.00000000000003,46.00209886278582
1281B3020,282,1281,Lund,864,Större stad,21,2,2038,397472,6166735,5027.51408,1057601.206,176.57345890410963,550.6999999999998,122.9,163.5,221.9000000000001,304.7,69.71287115390182
1281C1260,283,1281,Lund,373,Större stad,21,2,1938,387433,6173395,2193.00677,262392.9775,97.39385844748858,461.6,54.4,83.4,126.4,216.22499999999962,59.69932756948339
1281C1310,284,1281,Lund,331,Större stad,21,2,1053,385209,6175299,1587.077278,129166.6922,65.66238584474885,289.8,43.3,61.3,83.6,123.60499999999995,31.206499187210863
1281C1320,285,1281,Lund,607,Större stad,21,2,1958,385209,6175299,1945.619794,200857.2096,124.08810502283106,455.6999999999998,83.19999999999999,113.4,156.4,222.5,53.982760057625136
1281C1360,286,1281,Lund,312,Större stad,21,2,1589,385209,6175299,1646.843227,134434.227,85.59023972602739,437.2000000000001,46.4,69.19999999999999,109.7,199.70499999999993,57.24683500614578
1281C1350,287,1281,Lund,167,Större stad,21,2,1691,385209,6175299,1419.855765,106312.0173,59.437146118721465,511.8,21.9,39.7,76.80000000000001,174.80499999999995,56.18669626889484
1281C1210,288,1281,Lund,385,Större stad,21,2,1418,385209,6175299,2792.438298,336645.0283,104.53347031963472,550.2,57.9,87.65,133.9,231.3149999999998,63.686770426120084
1281B3030,289,1281,Lund,593,Större stad,21,2,1427,397472,6166735,10337.0742,3268528.145,153.95813926940642,629.6999999999999,94.2,141.0,197.1,300.50499999999994,77.77404014031751
1281C1120,290,1281,Lund,110,Större stad,21,2,2002,387433,6173395,1690.261891,126634.7135,47.56928082191781,426.5,14.4,25.700000000000003,59.5,160.90499999999994,52.90106198473517
1281C1090,291,1281,Lund,328,Större stad,21,2,1362,387433,6173395,2877.115406,427430.8641,71.35705479452054,356.3,43.7,64.4,90.4,145.50000000000003,39.262700768714026
1281C1170,292,1281,Lund,251,Större stad,21,2,1192,387433,6173395,1467.771997,100977.1104,73.59036529680364,471.6,35.9,57.8,94.5,184.3,54.98285052337787
1281B3040,293,1281,Lund,947,Större stad,21,2,1966,397472,6166735,7455.60645,3042858.622,232.64889269406396,789.6999999999998,155.70000000000002,223.30000000000007,292.225,406.7,97.45543363308349
1281C1020,294,1281,Lund,619,Större stad,21,2,2124,387433,6173395,7231.651487,1500414.992,145.7377283105023,493.2000000000001,91.0,134.3,186.425,273.10499999999996,69.34212485785898
1281C1030,295,1281,Lund,912,Större stad,21,2,3200,387433,6173395,12745.57591,5274799.306,201.5334703196347,625.8,137.3,191.45,256.4,345.4099999999999,80.6096167065174
1281C1100,296,1281,Lund,563,Större stad,21,2,1926,387433,6173395,2144.769068,190190.9473,133.58801369863016,560.1999999999999,83.7,122.65,168.70000000000002,255.10499999999996,65.17212148296971
1281C1080,297,1281,Lund,470,Större stad,21,2,2203,387433,6173395,2892.767969,338872.6961,116.14602739726028,491.4999999999999,69.1,104.5,149.2,233.405,62.36263501949955
1281C1070,298,1281,Lund,611,Större stad,21,2,2582,385209,6175299,3556.110594,433735.0496,143.6963812785388,511.6,90.9,131.60000000000002,182.1,271.31999999999977,68.39869382498365
1281C1130,299,1281,Lund,294,Större stad,21,2,1471,387433,6173395,1681.635302,89957.64062,81.02462328767123,468.2000000000001,43.2,65.19999999999999,102.4,195.60499999999993,56.14945455278885
1281C1540,300,1281,Lund,475,Större stad,21,2,1620,389612,6177904,6889.946617,1928777.474,124.23824200913242,568.1999999999999,72.69999999999999,111.3,159.3,257.00499999999994,67.91461823756036
1281C1150,301,1281,Lund,446,Större stad,21,2,1638,385209,6175299,2600.239252,370229.5838,112.52915525114157,522.7,65.9,98.2,144.60000000000002,231.90499999999997,62.24198844383372
1281C1140,302,1281,Lund,636,Större stad,21,2,1635,387433,6173395,3587.616,626589.9727,186.25543378995434,895.8999999999999,112.3,171.05000000000004,240.00000000000003,365.4049999999999,95.8326992956628
1281C1110,303,1281,Lund,564,Större stad,21,2,2016,385209,6175299,4646.122478,1005286.916,134.74689497716892,642.3999999999999,83.575,123.25000000000003,172.2,256.6,66.30704321109171
1281B2010,304,1281,Lund,997,Större stad,21,2,1957,395923,6176843,8698.161165,3705627.684,218.98158675799087,628.5999999999997,149.10000000000002,205.4,277.3,375.4999999999999,86.68500718987475
1281C1340,305,1281,Lund,446,Större stad,21,2,1529,388592,6176569,3785.633467,580686.7179,110.84738584474886,492.0,65.475,97.8,141.4,225.80000000000004,60.24352456002274
1281C1280,306,1281,Lund,443,Större stad,21,2,1909,387433,6173395,4925.942154,1091279.615,112.09075342465755,479.5999999999998,66.7,98.2,141.9,235.70999999999984,62.054636506705634
1281C1380,307,1281,Lund,452,Större stad,21,2,1717,385209,6175299,2501.359912,271859.257,112.89611872146119,466.1,68.4,99.25,145.10000000000002,230.90999999999988,61.02281747464972
1281C1370,308,1281,Lund,221,Större stad,21,2,2280,388592,6176569,4688.568107,1187484.269,67.62609589041095,505.69999999999993,29.3,50.8,87.42500000000001,178.3,54.00232128147859
1281C1390,309,1281,Lund,512,Större stad,21,2,1657,388592,6176569,4733.285146,592253.1348,105.98974885844748,372.1,69.5,97.9,135.1,193.2,47.60720301735279
1281C1400,310,1281,Lund,549,Större stad,21,2,1765,385209,6175299,4095.709189,823207.0147,132.31003424657536,678.0999999999998,82.8,120.1,169.8,255.3,66.13657318106918
1281C1420,311,1281,Lund,283,Större stad,21,2,1165,388592,6176569,3442.630744,485104.4325,80.0502397260274,486.3,40.0,62.3,103.1,193.80999999999986,56.58456502566155
1281C1330,312,1281,Lund,487,Större stad,21,2,1452,385209,6175299,11011.92878,3196978.829,119.84632420091324,618.8,72.7,106.0,152.90000000000003,240.9,63.18575604741849
1281C1440,313,1281,Lund,48,Större stad,21,2,1838,388592,6176569,2132.198607,273032.9988,35.96876712328767,433.4,3.5,11.0,46.0,147.4,51.85060386323827
1281C1450,314,1281,Lund,12,Större stad,21,2,1486,388592,6176569,1462.23288,112345.9937,27.712568493150684,429.5,0.0,0.0,35.0,136.0,51.267396971762835
1281B2020,315,1281,Lund,598,Större stad,21,2,1207,395923,6176843,9688.16306,4348155.133,139.70522831050232,511.3,87.50000000000001,129.40000000000003,177.40000000000003,263.50499999999994,66.17458545281535
1281C1460,316,1281,Lund,665,Större stad,21,2,1903,383970,6176664,7080.711474,1552367.96,148.11947488584477,527.3999999999999,97.3,138.1,189.42500000000007,267.9,65.95210713727839
1281C1490,317,1281,Lund,580,Större stad,21,2,1660,388592,6176569,3637.905749,556879.1177,137.43124429223747,624.0,86.60000000000001,126.50000000000004,175.02500000000003,261.8,67.06650065960389
1281C1470,318,1281,Lund,461,Större stad,21,2,2233,388592,6176569,2960.856751,340947.7474,95.67004566210046,406.6,62.2,87.10000000000001,120.7,175.60000000000002,44.04048986007278
1281C1480,319,1281,Lund,356,Större stad,21,2,1158,385209,6175299,4024.463264,646982.234,95.52219178082191,478.9,53.9,80.1,121.20000000000002,214.40499999999997,59.55808349418982
1281C1500,320,1281,Lund,343,Större stad,21,2,1604,388592,6176569,1818.115131,184701.6095,91.03510273972603,648.9,50.4,76.6,116.1,202.9,57.23780917711463
1281C1520,321,1281,Lund,632,Större stad,21,2,1891,388592,6176569,4058.527775,671455.9372,147.32116438356164,667.0,94.2,136.45000000000002,187.8,272.20000000000005,67.89044507846174
1281C1430,322,1281,Lund,894,Större stad,21,2,3437,388592,6176569,11407.78478,3939527.253,198.35318493150683,654.4999999999999,137.0,185.40000000000003,251.42500000000007,339.105,79.39825903762207
1281C1510,323,1281,Lund,868,Större stad,21,2,2128,383970,6176664,5278.099519,728805.8903,192.9000114155251,616.0999999999998,130.47500000000002,181.5,244.1,333.29999999999995,78.21347874753967
1281C1530,324,1281,Lund,445,Större stad,21,2,1524,383970,6176664,3774.809275,559441.0333,110.301198630137,465.2,65.19999999999999,97.60000000000001,141.90000000000003,226.30499999999995,60.93519691644807
1281C1550,325,1281,Lund,838,Större stad,21,2,2129,383970,6176664,8638.118731,2544556.868,187.9259246575343,720.0,126.5,176.10000000000002,239.00000000000003,330.6149999999998,78.85570876138048
1281B2030,326,1281,Lund,752,Större stad,21,2,1622,395923,6176843,10280.33104,3150124.865,171.73251141552515,647.4,115.275,159.8,217.6,305.305,74.14993732154608
1281B2040,327,1281,Lund,991,Större stad,21,2,2209,395923,6176843,9594.835709,3572546.785,220.07297945205482,714.4000000000001,149.575,208.1,278.4,375.23499999999956,86.6768729026349
1281A0030,328,1281,Lund,963,Större stad,21,2,1700,395923,6176843,73832.96746,56795117.95,192.60767123287673,532.7999999999997,136.80000000000004,177.90000000000003,241.92500000000007,326.10499999999996,72.10932876193151
1281C1560,329,1281,Lund,685,Större stad,21,2,1649,389612,6177904,13999.63444,4958690.638,158.1198287671233,635.1999999999998,102.075,147.70000000000005,200.10000000000002,290.5049999999999,71.52961068289167
1281C1570,330,1281,Lund,328,Större stad,21,2,932,389612,6177904,8624.657324,3224761.25,89.19623287671233,545.5,47.4,75.8,113.62500000000001,205.60499999999993,57.816297452658574
1281A0040,331,1281,Lund,749,Större stad,21,2,1278,389612,6177904,60778.28878,54018438.01,170.81130136986303,626.5999999999999,114.9,159.70000000000005,216.1,304.40000000000003,73.14350445213647
1280C1720,332,1280,Malmö,332,Storstäder,22,5,1689,375721,6161593,1447.162422,114341.6026,91.26093607305936,479.4,50.7,76.2,117.725,206.90499999999994,57.49808851548565
1280C1690,333,1280,Malmö,223,Storstäder,22,5,1465,377550,6161705,1679.872882,129013.2644,69.79897260273972,438.6,32.4,51.2,89.5,182.20499999999993,54.71882922547353
1280C1630,334,1280,Malmö,597,Storstäder,22,5,1769,370146,6162064,3394.115587,411071.5847,144.87433789954338,544.7,93.9,132.70000000000002,184.8,271.1149999999998,67.67831192256305
1280C1750,335,1280,Malmö,317,Storstäder,22,5,2078,377550,6161705,1268.240134,89409.9849,89.53228310502284,485.7000000000001,47.4,75.8,115.90000000000002,205.4,57.521109117452056
1280C1640,336,1280,Malmö,664,Storstäder,22,5,1541,370146,6162064,2994.453725,515749.5138,163.31150684931507,599.5999999999999,105.8,152.45000000000002,207.42500000000004,299.90999999999997,74.26257994294218
1280C1520,337,1280,Malmö,436,Storstäder,22,5,1448,372243,6160227,1780.841627,137968.7535,113.08213470319635,508.4,68.19999999999999,98.7,145.425,234.5,62.234965455353326
1280C1760,338,1280,Malmö,264,Storstäder,22,5,1842,375721,6161593,3081.253377,338885.2434,78.2279908675799,463.8,39.8,61.9,100.8,191.10499999999993,55.8966453600896
1280C1880,339,1280,Malmö,89,Storstäder,22,5,966,377550,6161705,1714.234445,133209.182,43.03103881278539,453.9,10.9,21.8,52.0,153.40499999999994,52.4838299330989
1280C1860,340,1280,Malmö,711,Storstäder,22,5,2046,370146,6162064,2287.267016,252733.6013,168.8774086757991,515.3999999999999,112.40000000000002,157.2,214.42500000000004,302.29999999999995,72.40603199651392
1280C1900,341,1280,Malmö,663,Storstäder,22,5,1948,370146,6162064,2415.415734,300987.9954,156.8458789954338,543.4,101.8,145.00000000000003,199.72500000000002,284.7049999999999,69.77142490457813
1280C1930,342,1280,Malmö,340,Storstäder,22,5,1806,373305,6162990,1331.548111,97130.49671,93.42847031963471,606.6,50.8,79.2,119.7,208.8,59.321751007986336
1280C1850,343,1280,Malmö,518,Storstäder,22,5,1412,374651,6161154,3080.128746,458005.3738,129.7404109589041,539.0,80.3,117.4,165.72500000000002,252.30499999999998,65.08185290743576
1280C2680,344,1280,Malmö,356,Storstäder,22,5,1695,373305,6162990,4638.581999,704544.1524,97.39851598173516,459.9,54.4,83.19999999999999,124.0,215.7099999999999,59.06223042292643
1280C2600,345,1280,Malmö,1161,Storstäder,22,5,3027,380325,6162973,7624.985784,1819772.24,259.25571917808213,751.3,181.7,246.1,325.82500000000005,429.2049999999998,95.72152671302463
1280C2750,346,1280,Malmö,402,Storstäder,22,5,2136,375585,6164375,1540.807825,116481.0022,106.54150684931508,581.5,61.7,94.0,137.10000000000002,223.10499999999993,60.419903348505194
1280C2780,347,1280,Malmö,288,Storstäder,22,5,1623,374671,6163900,1321.345082,107111.2052,88.3022602739726,607.5999999999999,46.4,70.8,113.1,212.10499999999993,61.23582244004111
1280C2800,348,1280,Malmö,410,Storstäder,22,5,1635,374671,6163900,1207.060401,75081.04282,107.9180593607306,500.0,62.0,94.0,137.70000000000002,230.8,61.2173750498401
1280C2130,349,1280,Malmö,506,Storstäder,22,5,1802,373305,6162990,2320.024706,319011.8898,126.2283904109589,593.9,79.30000000000001,113.30000000000001,161.02500000000003,243.40999999999988,62.7641271231748
1280C2240,350,1280,Malmö,310,Storstäder,22,5,1824,374404,6162533,1472.317101,70641.30415,88.33204337899542,544.1,47.2,72.69999999999999,112.5,210.00499999999994,59.45302172236128
1280C2290,351,1280,Malmö,293,Storstäder,22,5,1661,374404,6162533,988.3453,58698.93405,83.55890410958904,506.9,46.0,68.6,106.0,193.60499999999993,55.298998856356064
1280C2200,352,1280,Malmö,371,Storstäder,22,5,1935,374404,6162533,2171.826627,195891.2595,98.48151826484018,480.1,57.3,84.00000000000001,127.025,215.71999999999974,57.716293716037484
1280C2230,353,1280,Malmö,215,Storstäder,22,5,1431,374404,6162533,1755.155187,129891.4789,68.04424657534247,464.3,32.0,50.9,87.525,181.4,55.41004285906568
1280C2300,354,1280,Malmö,460,Storstäder,22,5,1782,375721,6161593,1601.596444,107573.3098,118.56589041095893,500.39999999999975,71.8,105.4,152.9,240.6,63.4383939443783
1280C2310,355,1280,Malmö,316,Storstäder,22,5,1557,374404,6162533,1510.538769,80020.47575,87.97743150684931,544.6999999999999,47.2,72.9,112.4,203.40499999999994,57.795292448676996
1280C2080,356,1280,Malmö,2448,Storstäder,22,5,9007,370146,6162064,6488.772334,1478076.253,514.2536986301368,1121.3999999999994,378.32499999999993,480.4999999999998,641.1999999999997,807.9099999999992,165.18138657710116
1280C2000,357,1280,Malmö,466,Storstäder,22,5,1757,375721,6161593,1454.700158,103276.4046,117.41688356164384,506.5,72.1,104.5,149.8,235.00499999999997,62.41557312905613
1280C1940,358,1280,Malmö,430,Storstäder,22,5,2446,374651,6161154,2157.639365,269724.3363,89.63972602739726,315.4,61.2,83.0,112.8,162.30499999999995,39.56615213146858
1280C1970,359,1280,Malmö,204,Storstäder,22,5,1514,374404,6162533,1492.440773,112502.8826,66.896301369863,427.9,29.0,47.6,86.7,183.00999999999985,55.61939364504197
1280C1980,360,1280,Malmö,332,Storstäder,22,5,2132,375721,6161593,2114.53141,150763.0376,73.94514840182649,359.0,46.8,65.5,94.1,145.10000000000002,38.26093682704153
1280C2270,361,1280,Malmö,452,Storstäder,22,5,1703,373305,6162990,1729.190395,100200.7412,116.0936301369863,450.3,69.10000000000001,103.6,149.20000000000002,232.80499999999998,61.53782167377772
1280C1210,362,1280,Malmö,526,Storstäder,22,5,2097,374853,6159777,2176.178315,180909.0474,130.02810502283106,591.9,80.0,116.9,167.425,251.90999999999988,65.11968483634237
1280C1240,363,1280,Malmö,437,Storstäder,22,5,2112,374853,6159777,1247.60837,96889.34977,113.25535388127854,465.2000000000001,68.17499999999998,100.9,145.52500000000003,231.9149999999998,61.53139941839088
1280C2730,364,1280,Malmö,314,Storstäder,22,5,1525,374671,6163900,1352.434703,88110.50836,88.56755707762558,512.5,47.3,72.9,112.8,203.40499999999994,57.7641770337549
1280C1090,365,1280,Malmö,983,Storstäder,22,5,2444,369655,6157121,11415.97741,5499854.75,222.48067351598175,663.2999999999998,152.97500000000002,209.80000000000004,281.7,375.9,85.35918761150376
1280C1140,366,1280,Malmö,629,Storstäder,22,5,1453,369655,6157121,5657.607542,1635587.113,151.94033105022834,503.9,97.7,139.8,194.2,284.1,70.49209299891051
1280C2030,367,1280,Malmö,334,Storstäder,22,5,1310,373305,6162990,1467.364636,121744.1447,93.41271689497717,595.1999999999999,50.8,79.5,119.8,212.0,58.92475866602697
1280C2060,368,1280,Malmö,309,Storstäder,22,5,1468,374404,6162533,1227.723384,78030.38884,87.14454337899544,446.0,46.9,72.6,113.1,201.30499999999995,57.22831758209439
1280C2490,369,1280,Malmö,481,Storstäder,22,5,1667,373305,6162990,1631.968468,165704.1781,122.43140410958905,460.1,75.69999999999999,109.5,156.60000000000002,244.3199999999997,63.53435212601023
1280C2520,370,1280,Malmö,488,Storstäder,22,5,1977,373305,6162990,1327.420034,81664.98866,122.35947488584475,518.6999999999998,75.69999999999999,108.9,157.6,240.60499999999993,62.50792301746338
1280C2410,371,1280,Malmö,475,Storstäder,22,5,1520,373305,6162990,2192.906117,201964.1278,120.40272831050227,513.4999999999999,74.9,108.4,154.32500000000005,240.7,62.312724336220334
1280C2330,372,1280,Malmö,545,Storstäder,22,5,1304,370146,6162064,3199.575309,439884.1488,134.47126712328767,597.3,83.5,122.6,171.20000000000002,259.3199999999997,66.6239577776946
1280C2450,373,1280,Malmö,411,Storstäder,22,5,1551,373305,6162990,1072.078074,68051.01039,107.01344748858448,476.0999999999999,61.99999999999999,94.1,135.7,228.10499999999993,60.973524895638924
1280C2400,374,1280,Malmö,313,Storstäder,22,5,1725,374404,6162533,1664.786361,110516.6338,88.87836757990867,516.5,47.3,73.1,112.9,206.80499999999995,58.20167908390137
1280C2460,375,1280,Malmö,412,Storstäder,22,5,1719,373305,6162990,1473.486522,69143.01723,107.26510273972603,524.6999999999999,62.2,93.8,138.10000000000002,223.40000000000003,60.33409554343904
1280C2480,376,1280,Malmö,293,Storstäder,22,5,1379,373305,6162990,1235.280083,92793.5123,84.39374429223746,585.6999999999999,43.9,69.1,109.0,195.80499999999995,56.01278797401035
1280C2470,377,1280,Malmö,355,Storstäder,22,5,1777,374404,6162533,1126.090293,73096.2575,96.9983904109589,534.4,54.4,83.3,123.5,216.10499999999993,59.63226471284708
1280C2510,378,1280,Malmö,360,Storstäder,22,5,1612,374404,6162533,1050.120511,64731.69166,97.66329908675799,493.29999999999984,54.6,83.9,126.3,210.90499999999997,58.84481850394882
1280C2440,379,1280,Malmö,479,Storstäder,22,5,1496,375585,6164375,2067.996048,255248.7762,121.73325342465753,588.5,73.4,108.6,156.20000000000002,244.5,63.72783301596543
1280C1160,380,1280,Malmö,673,Storstäder,22,5,2146,369655,6157121,4809.553839,1095606.959,161.52593607305937,722.4,105.7,150.70000000000002,206.8,292.51499999999976,71.52199299555066
1280C2610,381,1280,Malmö,760,Storstäder,22,5,4072,375523,6164336,2868.513335,378733.3912,176.9015867579909,573.2999999999998,116.3,165.95000000000002,224.6,312.90999999999985,75.10096943445372
1280C2670,382,1280,Malmö,390,Storstäder,22,5,1887,374671,6163900,2288.291825,205676.4451,103.56368721461187,467.3,60.775,90.4,134.0,219.7199999999997,60.00561042280061
1280C2810,383,1280,Malmö,419,Storstäder,22,5,1979,375523,6164336,1440.098444,107356.6284,110.36239726027397,450.8,64.9,97.9,142.3,230.1,61.82364136797917
1280C2830,384,1280,Malmö,420,Storstäder,22,5,1456,377680,6165466,2683.178945,325834.0519,109.86480593607305,527.0,64.7,97.2,142.0,230.10499999999993,61.65446992180921
1280C2740,385,1280,Malmö,672,Storstäder,22,5,1673,377680,6165466,7456.442181,2139670.338,160.0916894977169,555.7,105.0,148.70000000000002,203.50000000000009,288.62499999999966,70.11268925481468
1280C1680,386,1280,Malmö,406,Storstäder,22,5,2039,374651,6161154,2871.43731,443715.3921,108.55163242009134,548.6,63.9,94.6,138.10000000000002,229.50499999999997,62.578252614379096
1280C1790,387,1280,Malmö,526,Storstäder,22,5,1622,370146,6162064,1665.894521,126318.9016,118.57834474885846,456.69999999999993,76.5,108.8,149.62500000000003,219.40499999999997,54.2568992868103
1280C1960,388,1280,Malmö,347,Storstäder,22,5,1488,375721,6161593,2902.138927,495050.3463,95.25166666666667,512.5,53.8,80.4,122.6,210.60499999999993,58.47314641879652
1280C2100,389,1280,Malmö,219,Storstäder,22,5,1574,374404,6162533,907.6604319,51546.92285,48.83304794520548,444.5999999999999,28.8,43.4,61.8,105.10499999999992,30.876616974824206
1280C2020,390,1280,Malmö,300,Storstäder,22,5,2149,377550,6161705,1819.563386,202644.1639,86.21720319634704,457.9,46.8,69.4,111.9,199.71499999999978,57.517657779522864
1280C2090,391,1280,Malmö,270,Storstäder,22,5,1720,374404,6162533,1014.850905,60225.16242,80.04575342465753,525.8,39.9,65.0,101.8,194.8,56.975620340341585
1280C2420,392,1280,Malmö,382,Storstäder,22,5,1469,373305,6162990,1216.74602,73615.98811,101.75896118721461,462.5,58.1,87.00000000000001,131.20000000000002,218.2,59.684188990105575
1280C2380,393,1280,Malmö,385,Storstäder,22,5,1860,374404,6162533,1666.50795,130700.7237,116.36320776255707,605.3,64.4,100.8,151.9,255.9,71.39175020277834
1280C2430,394,1280,Malmö,352,Storstäder,22,5,1387,373305,6162990,1412.544352,57267.46452,81.36482876712327,509.9,50.3,72.3,102.0,165.8,44.68292232649887
1280C2390,395,1280,Malmö,301,Storstäder,22,5,1594,374404,6162533,1276.474636,83200.62153,63.55743150684931,279.7,39.8,57.9,80.1,123.8,33.00427635649397
1280C2320,396,1280,Malmö,626,Storstäder,22,5,1486,370146,6162064,2724.034086,396866.2803,151.22762557077627,604.4999999999999,97.67500000000001,138.50000000000003,193.00000000000003,279.1,69.96751640945507
1280C1010,397,1280,Malmö,933,Storstäder,22,5,2074,376146,6150270,4376.860435,998994.4715,212.94634703196348,739.4,148.3,200.50000000000003,267.0,360.3,81.8578320895689
1280C1230,398,1280,Malmö,612,Storstäder,22,5,1819,374853,6159777,1947.263949,163773.1569,150.04557077625572,607.8999999999999,97.6,138.15,190.02500000000003,280.3,69.5951605630998
1280C1020,399,1280,Malmö,601,Storstäder,22,5,1431,367467,6154862,18235.66076,12104860.31,141.75047945205478,509.5999999999999,91.375,130.4,181.3,258.90000000000003,64.55692685794088
1280C1030,400,1280,Malmö,842,Storstäder,22,5,2137,367467,6154862,13750.23609,6628719.072,193.73250000000002,563.1999999999999,131.10000000000002,183.4,245.22500000000005,334.705,77.61162799040314
1280C1060,401,1280,Malmö,651,Storstäder,22,5,1622,379526,6156913,4173.480513,817918.2872,154.62146118721463,610.6999999999998,101.5,144.40000000000003,195.52500000000003,282.7,69.32015037166835
1280C1070,402,1280,Malmö,716,Storstäder,22,5,2200,379526,6156913,2994.082144,333209.2323,149.42326484018264,403.3999999999999,103.17500000000001,137.9,188.72500000000002,258.1,59.59565679079149
1280C1200,403,1280,Malmö,564,Storstäder,22,5,2169,368691,6159551,3972.69909,374306.4161,137.70489726027395,564.7999999999998,86.9,126.10000000000002,174.60000000000002,261.50999999999993,66.76093425591537
1280C1050,404,1280,Malmö,1251,Storstäder,22,5,2641,379526,6156913,11608.39521,4844429.817,277.4161301369863,719.3999999999997,196.70000000000005,261.90000000000003,348.42499999999995,455.40499999999986,100.41746646172457
1280C1260,405,1280,Malmö,480,Storstäder,22,5,1548,374853,6159777,3187.987291,313475.5625,120.61563926940639,543.0,72.6,108.9,153.50000000000003,241.20499999999993,63.43389317408983
1280C1040,406,1280,Malmö,958,Storstäder,22,5,2300,376445,6159051,26811.40971,19834251.34,217.20149543378994,665.6999999999997,151.07500000000002,203.80000000000004,273.1,370.5999999999999,84.62251849895404
1280C1100,407,1280,Malmö,728,Storstäder,22,5,1678,379526,6156913,2961.680516,521150.4717,164.00383561643838,532.3,112.1,152.4,206.7,284.30499999999995,66.9041520650903
1280C1310,408,1280,Malmö,402,Storstäder,22,5,1895,372243,6160227,2996.040334,406391.0018,105.32059360730595,475.8,61.375,91.2,134.52500000000003,222.70999999999984,59.83725493246547
1280C1080,409,1280,Malmö,627,Storstäder,22,5,1472,379526,6156913,7682.213895,2016848.383,151.09240867579908,721.1,97.2,139.0,192.8,278.705,69.93208362265193
1280C1170,410,1280,Malmö,790,Storstäder,22,5,3280,374853,6159777,4284.148601,788358.0425,184.09477168949775,617.1999999999998,122.97500000000001,172.8,233.90000000000003,326.10499999999996,77.85175397981081
1280C1130,411,1280,Malmö,899,Storstäder,22,5,2006,379526,6156913,8570.893999,2106991.375,183.13489726027396,471.99999999999983,129.90000000000003,169.65000000000003,230.90000000000003,312.1,69.20550536659451
1280C1110,412,1280,Malmö,957,Storstäder,22,5,2498,379526,6156913,13243.35638,3923959.328,216.89073059360732,689.5999999999998,148.675,204.3,273.925,370.7049999999999,85.9155327904613
1280C1120,413,1280,Malmö,446,Storstäder,22,5,1110,368691,6159551,13146.32398,5176007.23,103.08002283105023,433.5,64.8,93.1,131.10000000000002,199.10499999999996,51.740260238154725
1280C1190,414,1280,Malmö,953,Storstäder,22,5,2498,368691,6159551,4064.601053,813131.7787,195.43942922374427,528.4,140.0,181.6,244.90000000000003,326.9,71.77117440299453
1280C1610,415,1280,Malmö,621,Storstäder,22,5,1817,375721,6161593,3270.742709,469472.397,128.66231735159818,415.3999999999999,87.6,119.6,163.10000000000002,226.60000000000005,52.93972505790228
1280C1150,416,1280,Malmö,500,Storstäder,22,5,1516,374853,6159777,8403.213606,2269981.938,134.99713470319634,587.7999999999997,82.7,122.8,172.625,270.41999999999973,70.5621577214307
1280C1220,417,1280,Malmö,700,Storstäder,22,5,1681,372243,6160227,3536.768201,380160.4801,148.07706621004564,474.9,102.0,136.75,188.3,257.205,59.31320530942723
1280C1290,418,1280,Malmö,451,Storstäder,22,5,2167,374853,6159777,2621.584817,231720.482,90.5556392694064,262.8,61.675000000000004,83.80000000000001,115.50000000000001,163.30000000000004,38.38317736669427
1280C1300,419,1280,Malmö,538,Storstäder,22,5,1653,374853,6159777,1777.764489,168787.7611,127.7718607305936,507.2999999999999,80.30000000000001,116.10000000000002,162.82500000000002,245.7,61.87142335652138
1280C1870,420,1280,Malmö,524,Storstäder,22,5,1901,373305,6162990,1625.33069,151437.0235,120.62325342465756,456.9,79.1,108.8,152.3,231.4,57.55152572410606
1280C1920,421,1280,Malmö,439,Storstäder,22,5,1211,374404,6162533,1336.048146,99002.96128,107.59666666666668,460.8999999999999,65.6,94.70000000000002,137.6,215.9149999999998,57.17302124348383
1280C1280,422,1280,Malmö,706,Storstäder,22,5,1785,372243,6160227,4482.223216,504254.3749,148.77202054794523,478.5999999999999,101.70000000000002,137.50000000000003,188.7,258.305,60.15175246687119
1280C1250,423,1280,Malmö,759,Storstäder,22,5,1701,368691,6159551,8842.438377,3029994.066,165.51900684931508,469.1999999999998,112.1,154.55,210.52500000000006,287.7249999999997,67.68852347499431
1280C1320,424,1280,Malmö,362,Storstäder,22,5,2057,374853,6159777,1588.102706,134827.5135,91.30567351598174,502.69999999999993,54.1,79.6,116.7,195.00999999999985,52.95112850807001
1280C1180,425,1280,Malmö,703,Storstäder,22,5,1754,376445,6159051,13883.06623,6970211.698,167.34797945205477,586.4000000000001,111.20000000000002,156.15,211.50000000000003,301.705,73.07613333493275
1280C1270,426,1280,Malmö,1123,Storstäder,22,5,6527,372243,6160227,5930.782536,1759847.461,251.10623287671234,691.3999999999995,174.10000000000002,237.80000000000004,316.625,419.60499999999996,94.36446213289177
1280C1360,427,1280,Malmö,562,Storstäder,22,5,1519,374853,6159777,1011.733448,57978.69481,152.98488584474887,670.4000000000001,93.4,138.85000000000002,195.1,301.29999999999995,78.6351506400761
1280C1330,428,1280,Malmö,545,Storstäder,22,5,1460,374853,6159777,2143.349299,172240.3659,136.75857305936074,593.2999999999998,84.0,123.55000000000001,174.60000000000002,264.8099999999999,68.78226460513564
1280C1380,429,1280,Malmö,566,Storstäder,22,5,2448,374853,6159777,1694.512967,142776.0341,140.02775114155253,615.7999999999997,90.3,129.0,177.02500000000003,262.205,65.82109200667352
1280C1350,430,1280,Malmö,382,Storstäder,22,5,2071,374853,6159777,2738.471123,239067.6993,102.13522831050228,496.9,58.1,87.45,130.60000000000002,222.0199999999997,59.78415018526273
1280C1390,431,1280,Malmö,677,Storstäder,22,5,1891,374853,6159777,3332.65138,226234.197,140.6990867579909,418.80000000000007,97.5,130.4,177.4,244.20000000000005,56.866081872901425
1280C1460,432,1280,Malmö,416,Storstäder,22,5,1811,374853,6159777,1837.567378,125626.7108,96.46511415525113,474.0,58.6,86.70000000000002,123.1,189.6,49.6997881437416
1280C1430,433,1280,Malmö,394,Storstäder,22,5,2471,372243,6160227,2050.463466,216895.4034,86.59180365296804,395.0,54.6,78.9,109.60000000000002,164.9199999999997,43.01468958367255
1280C1420,434,1280,Malmö,585,Storstäder,22,5,1565,374651,6161154,2421.092874,187159.2724,161.075,606.8,100.0,148.60000000000002,204.4,313.5,79.90553715209485
1280C1370,435,1280,Malmö,891,Storstäder,22,5,2042,376445,6159051,3825.226419,751569.7404,202.99319634703195,740.4999999999998,138.10000000000002,190.8,256.8,348.60499999999996,81.00896944788492
1280C1410,436,1280,Malmö,558,Storstäder,22,5,1298,372243,6160227,3323.627334,545633.2324,137.31673515981737,595.7,87.30000000000001,125.8,174.8,260.70000000000005,65.32226807213685
1280C1470,437,1280,Malmö,419,Storstäder,22,5,1673,374853,6159777,1263.696278,76707.4774,98.12134703196347,563.6,61.2,87.2,126.0,195.00499999999997,52.07831604594357
1280C1400,438,1280,Malmö,800,Storstäder,22,5,2018,374853,6159777,3773.191602,740369.4309,163.6611187214612,404.7000000000001,115.70000000000002,151.60000000000002,206.30000000000004,279.40500000000003,62.6018604932123
1280C1340,439,1280,Malmö,1130,Storstäder,22,5,3436,372243,6160227,6014.917193,1609086.244,239.70539954337897,593.0999999999999,169.3,224.00000000000006,302.32500000000005,397.0,87.9242374844982
1280C1530,440,1280,Malmö,386,Storstäder,22,5,1873,374853,6159777,1776.720398,176754.4133,92.18430365296804,429.8,57.3,80.19999999999999,116.525,191.00499999999997,50.29282239035877
1280C1480,441,1280,Malmö,264,Storstäder,22,5,1458,372243,6160227,2967.981221,391597.4444,81.54397260273971,535.1,39.8,65.1,105.2,204.5,60.03741285305807
1280C1510,442,1280,Malmö,799,Storstäder,22,5,2360,375721,6161593,3662.115325,688848.3745,180.90623287671235,669.2999999999997,123.1,168.10000000000002,229.20000000000005,313.10499999999996,73.26843225229317
1280C1490,443,1280,Malmö,487,Storstäder,22,5,1300,374651,6161154,3238.221516,395801.6991,133.0464269406393,546.2,79.8,119.7,170.20000000000005,269.00499999999994,70.41909122023972
1280C1580,444,1280,Malmö,580,Storstäder,22,5,2041,374651,6161154,1596.620229,159532.0989,158.68961187214612,653.7,96.875,144.70000000000002,202.2,313.2,81.29886554459284
1280C1570,445,1280,Malmö,408,Storstäder,22,5,1284,374651,6161154,1911.409607,174257.9663,107.03765981735161,490.6999999999998,64.3,94.1,137.2,223.20499999999993,59.436584537320904
1280C1590,446,1280,Malmö,611,Storstäder,22,5,2050,374651,6161154,1936.569609,220680.8167,146.79832191780824,519.0999999999999,93.9,134.80000000000004,188.90000000000003,272.9,67.97976973314121
1280C1440,447,1280,Malmö,1132,Storstäder,22,5,3235,368691,6159551,5720.765096,1845231.129,241.17995433789955,704.6999999999996,170.20000000000005,224.8,303.7,407.10499999999985,89.75088006618435
1280C1600,448,1280,Malmö,273,Storstäder,22,5,1629,375721,6161593,2495.406993,212049.2689,76.65003424657534,514.7,39.9,61.8,98.12500000000001,180.70499999999993,52.9273311826315
1280C1620,449,1280,Malmö,471,Storstäder,22,5,1413,372243,6160227,1893.026714,217835.7255,115.70997716894978,539.5999999999999,72.2,104.10000000000001,149.0,226.20499999999998,59.28588617518551
1280C1700,450,1280,Malmö,416,Storstäder,22,5,2172,372243,6160227,1678.318143,165064.2205,96.57937214611873,541.5999999999999,61.2,86.80000000000001,122.9,187.8099999999999,49.51682117921958
1280C1500,451,1280,Malmö,557,Storstäder,22,5,1936,377550,6161705,4043.485424,850033.803,129.46592465753426,518.3999999999999,83.2,117.55000000000001,166.00000000000003,242.01499999999982,60.861187670706194
1280C1560,452,1280,Malmö,682,Storstäder,22,5,1918,370146,6162064,4238.835989,798261.9267,176.1591095890411,613.9000000000001,112.40000000000003,163.60000000000002,222.6,324.62499999999966,81.00471258383331
1280C1710,453,1280,Malmö,283,Storstäder,22,5,2062,374651,6161154,1555.852808,127075.3841,58.96803652968037,284.6,36.4,54.2,75.4,113.70000000000002,30.36311608488688
1280C1650,454,1280,Malmö,499,Storstäder,22,5,1360,372243,6160227,2727.846087,458344.0509,106.24590182648403,411.6999999999999,71.775,97.9,134.5,192.7,46.90533033705769
1280C1450,455,1280,Malmö,774,Storstäder,22,5,1698,377550,6161705,8194.09361,2277999.427,155.45673515981738,389.2,111.80000000000003,144.5,195.1,265.1,58.19858029676245
1280C1740,456,1280,Malmö,337,Storstäder,22,5,1970,375721,6161593,1963.540435,117879.1575,93.5017694063927,492.5,50.9,79.1,120.0,212.70999999999984,60.04290174022447
1280C1540,457,1280,Malmö,645,Storstäder,22,5,1444,368691,6159551,8156.955338,2793809.088,156.29108447488582,638.3999999999999,101.5,145.20000000000002,197.85000000000002,289.70000000000005,72.13055946404809
1280C1730,458,1280,Malmö,715,Storstäder,22,5,1681,377550,6161705,2771.841499,316363.5385,167.74868721461186,619.8999999999999,111.8,156.20000000000002,212.42500000000004,298.7099999999999,72.84096504358497
1280C1780,459,1280,Malmö,642,Storstäder,22,5,1529,377550,6161705,2472.334422,314181.9715,153.43156392694064,601.5999999999999,98.4,142.0,195.50000000000006,279.8,70.26663962509535
1280C1670,460,1280,Malmö,587,Storstäder,22,5,1425,372243,6160227,3923.238318,466502.5869,143.34344748858447,537.8999999999996,90.9,131.55,183.7,268.7049999999999,67.56748244256741
1280C1770,461,1280,Malmö,311,Storstäder,22,5,1448,375721,6161593,1917.048234,102121.296,66.38839041095889,291.4,40.3,61.4,86.60000000000001,128.0,34.313337121075875
1280C1800,462,1280,Malmö,297,Storstäder,22,5,1675,374651,6161154,1352.631896,95663.19402,85.60320776255708,513.1,43.7,69.3,109.9,205.01999999999973,59.23283936324593
1280C1660,463,1280,Malmö,594,Storstäder,22,5,1550,372243,6160227,3235.105756,433899.1407,125.3195205479452,391.5,86.2,116.30000000000001,159.3,222.10000000000005,52.39303287699873
1280C1840,464,1280,Malmö,366,Storstäder,22,5,1667,377550,6161705,1817.191574,156925.3815,73.58978310502283,233.80000000000004,50.3,69.0,94.1,135.0,32.78396851818487
1280C1830,465,1280,Malmö,310,Storstäder,22,5,1808,375721,6161593,1816.977166,133347.5287,86.96390410958904,571.1999999999999,47.2,72.19999999999999,112.20000000000002,200.80499999999995,56.768996604736124
1280C1550,466,1280,Malmö,944,Storstäder,22,5,2142,380325,6162973,19612.48524,10739377.84,188.50428082191783,483.8999999999997,134.10000000000002,174.10000000000002,236.90000000000003,316.1,69.00922949921956
1280C1820,467,1280,Malmö,607,Storstäder,22,5,2433,372243,6160227,2283.556179,242684.3099,123.45465753424658,360.1999999999998,86.10000000000001,114.55,156.00000000000003,215.00499999999997,49.705379791557064
1280C1810,468,1280,Malmö,667,Storstäder,22,5,1726,370146,6162064,2936.815433,503079.7669,158.0383904109589,547.5999999999997,104.5,147.8,200.3,285.6,69.73563338554851
1280C1890,469,1280,Malmö,301,Storstäder,22,5,1985,375721,6161593,1515.531752,135205.1182,88.90707762557079,506.2000000000001,46.8,72.6,116.32500000000003,210.20499999999993,60.6930865861559
1280C1950,470,1280,Malmö,660,Storstäder,22,5,1829,370146,6162064,3585.985998,462452.6376,157.33567351598174,531.0999999999999,104.775,145.8,199.1,283.60499999999996,68.88240396654534
1280C2160,471,1280,Malmö,376,Storstäder,22,5,1327,373305,6162990,1758.781027,104806.2288,82.59914383561645,355.0,53.9,75.9,105.4,157.1,40.67307233365138
1280C2250,472,1280,Malmö,369,Storstäder,22,5,1267,373305,6162990,1501.942263,109214.3883,93.80825342465754,471.0999999999999,54.4,80.3,120.22500000000004,198.60999999999984,54.268206876354185
1280C2220,473,1280,Malmö,281,Storstäder,22,5,1758,374404,6162533,1015.985576,61756.2659,74.792899543379,449.8,41.9,61.4,93.7,175.10499999999996,49.471220982364805
1280C2260,474,1280,Malmö,254,Storstäder,22,5,1688,374404,6162533,1233.587838,69891.87555,91.41010273972603,569.8,40.2,70.35,121.8,231.40999999999985,69.49001642945937
1280C2530,475,1280,Malmö,835,Storstäder,22,5,1814,380325,6162973,4723.628525,808908.6844,167.5980479452055,400.0999999999999,119.2,156.0,210.30000000000004,287.6,63.94392138730699
1280C1990,476,1280,Malmö,763,Storstäder,22,5,1795,377550,6161705,3018.127488,569457.3189,153.09450913242011,400.8,108.90000000000002,141.8,191.02500000000003,262.1,58.024263820442044
1280C2050,477,1280,Malmö,438,Storstäder,22,5,1433,373305,6162990,2434.202717,341502.8711,139.92559360730596,723.6999999999999,76.39999999999999,122.45000000000002,181.5,301.905,84.24295965202077
1280C2110,478,1280,Malmö,254,Storstäder,22,5,1260,375721,6161593,1118.088478,69450.4639,77.90697488584475,555.9,39.7,61.6,99.10000000000002,193.70499999999993,56.810393311426516
1280C2140,479,1280,Malmö,172,Storstäder,22,5,1427,374404,6162533,1220.168939,52424.04077,98.42511415525114,735.5999999999999,32.4,67.4,141.5,278.19999999999993,88.70259229323163
1280C1910,480,1280,Malmö,207,Storstäder,22,5,1603,374404,6162533,3805.868547,595367.8925,67.33518264840183,417.4,31.9,48.0,86.7,181.0,54.633247116169535
1280C2070,481,1280,Malmö,466,Storstäder,22,5,1080,377550,6161705,2730.573537,350554.6763,129.93446347031963,545.4000000000001,75.8,116.0,167.20000000000002,267.2,71.555203050692
1280C2150,482,1280,Malmö,418,Storstäder,22,5,1303,375721,6161593,1199.54163,88046.26695,109.8443493150685,498.0999999999999,64.7,97.6,141.60000000000002,227.2,61.2030553433787
1280C2180,483,1280,Malmö,403,Storstäder,22,5,1736,375721,6161593,1518.109062,101914.2074,88.47381278538813,518.9,57.7,80.0,112.8,168.3,43.90871740778784
1280C2170,484,1280,Malmö,336,Storstäder,22,5,1225,373305,6162990,1860.038556,101564.3415,93.91118721461187,420.1,50.9,79.5,120.4,211.90499999999994,59.085778420143015
1280C2040,485,1280,Malmö,756,Storstäder,22,5,1735,380325,6162973,3532.955056,444177.8034,178.34735159817353,613.9999999999998,119.5,168.0,226.6,312.69999999999993,75.02312808410058
1280C2120,486,1280,Malmö,901,Storstäder,22,5,2229,377550,6161705,4773.759441,752914.9137,214.66234018264842,686.8999999999999,144.47500000000002,203.55,272.5,373.20499999999987,87.41284953575224
1280C2350,487,1280,Malmö,352,Storstäder,22,5,1415,373305,6162990,1339.364268,68419.35768,96.17522831050228,710.7,54.175000000000004,80.5,123.4,214.40499999999997,59.59929886137974
1280C2360,488,1280,Malmö,471,Storstäder,22,5,1698,373305,6162990,1263.670311,84640.08998,120.27944063926942,634.9999999999999,72.7,108.35,153.5,238.70499999999993,62.691142881087146
1280C2370,489,1280,Malmö,388,Storstäder,22,5,1931,374404,6162533,1780.518436,121245.2694,102.73744292237443,467.69999999999993,60.4,87.9,131.4,218.90499999999997,59.04718306117532
1280C2190,490,1280,Malmö,380,Storstäder,22,5,1260,373305,6162990,3442.137675,670111.6603,81.98453196347033,353.6999999999999,53.9,75.45,102.6,156.3,40.018616934434625
1280C2280,491,1280,Malmö,597,Storstäder,22,5,2057,377550,6161705,6046.505881,1166680.821,146.65102739726026,606.9,93.6,134.50000000000003,188.50000000000003,274.4,70.07744132699125
1280C2570,492,1280,Malmö,343,Storstäder,22,5,1379,373305,6162990,875.5684881,48054.47061,93.69413242009132,503.1,50.8,79.6,119.7,212.10499999999993,58.84462323417415
1280C2540,493,1280,Malmö,332,Storstäder,22,5,1754,374404,6162533,1481.777997,102174.9517,93.28893835616438,512.2,50.8,79.2,119.40000000000002,212.10499999999993,58.32099700294561
1280C2550,494,1280,Malmö,678,Storstäder,22,5,1510,373305,6162990,2859.297001,322171.3771,184.5969292237443,881.7999999999998,115.9,171.95000000000005,234.625,347.10499999999996,87.6918724410917
1280C2580,495,1280,Malmö,261,Storstäder,22,5,1245,374671,6163900,1701.981588,116702.0373,81.35146118721461,573.3,39.8,64.9,105.3,198.30999999999986,58.88800092322682
1280C2650,496,1280,Malmö,422,Storstäder,22,5,1355,373305,6162990,1070.491468,66970.23207,122.79461187214612,676.0,69.9,108.7,158.50000000000003,257.9049999999999,69.2829220071225
1280C2210,497,1280,Malmö,957,Storstäder,22,5,2142,370146,6162064,7772.38522,1932249.437,239.28821917808216,759.0,162.9,229.20000000000005,300.70000000000005,413.7099999999998,95.85072513959615
1280C2560,498,1280,Malmö,227,Storstäder,22,5,1323,374671,6163900,1629.003746,150998.6908,87.74623287671233,557.3,36.4,64.85,120.02500000000003,232.8149999999998,70.93193436114817
1280C2590,499,1280,Malmö,506,Storstäder,22,5,1524,373305,6162990,2036.867813,107311.9308,101.96334474885845,274.00000000000006,69.1,94.3,129.8,180.5,42.15518216650401
1280C2620,500,1280,Malmö,490,Storstäder,22,5,1605,373305,6162990,1541.44251,87238.35154,145.79993150684933,668.4999999999999,83.5,130.6,187.9,301.80999999999995,80.39655756791002
1280C2500,501,1280,Malmö,352,Storstäder,22,5,2491,375523,6164336,3139.895115,588875.0967,116.61513698630138,739.6999999999999,61.2,97.8,153.0,266.80499999999995,76.45080954915403
1280C2340,502,1280,Malmö,749,Storstäder,22,5,2017,380325,6162973,6073.559473,1370271.932,156.49154109589043,509.3,108.70000000000002,145.00000000000003,196.42500000000004,269.0,61.73092367063488
1280C2630,503,1280,Malmö,628,Storstäder,22,5,1776,373305,6162990,1091.576492,67300.58072,133.06245433789957,471.8,90.5,123.3,167.50000000000003,235.7,56.033703284564524
1280C2660,504,1280,Malmö,328,Storstäder,22,5,1393,374671,6163900,1267.319364,79147.40567,69.43680365296802,330.9,43.6,62.1,87.69999999999999,134.3,35.48007903104378
1280C2690,505,1280,Malmö,381,Storstäder,22,5,1389,374671,6163900,2091.818429,173011.5215,112.67231735159817,604.0,61.7,97.4,146.4,245.60499999999993,67.67469985322087
1280C2720,506,1280,Malmö,309,Storstäder,22,5,1519,374671,6163900,1524.350263,118620.2532,86.34191780821918,487.1,46.5,72.19999999999999,110.825,200.0,56.77472715514875
1280C2700,507,1280,Malmö,434,Storstäder,22,5,1643,375585,6164375,1876.505599,214621.7472,125.26537671232876,678.4999999999999,72.19999999999999,109.2,162.5,263.1199999999997,71.7624703821941
1280C2010,508,1280,Malmö,705,Storstäder,22,5,1556,380325,6162973,14210.20615,8267008.729,184.97345890410958,720.4999999999999,118.9,173.20000000000002,233.72500000000005,341.6099999999999,84.35107072637445
1280C2770,509,1280,Malmö,329,Storstäder,22,5,1389,374671,6163900,1199.210094,73485.68245,90.91687214611872,468.8,50.4,76.2,115.9,207.00999999999988,57.77307972959992
1280C2640,510,1280,Malmö,430,Storstäder,22,5,1260,375585,6164375,4302.973207,577972.7278,133.42587899543378,715.3,73.1,116.20000000000002,171.82500000000002,290.505,79.880031153037
1280C2790,511,1280,Malmö,253,Storstäder,22,5,1447,375523,6164336,2070.89653,185650.1164,50.29505707762557,205.10000000000005,32.4,46.8,65.19999999999999,97.00499999999992,24.51863413858654
1280C2760,512,1280,Malmö,411,Storstäder,22,5,1450,375585,6164375,3741.810681,464128.1823,108.95234018264841,545.6999999999999,63.975,94.95,139.9,228.40499999999997,62.064129144792545
1280C2820,513,1280,Malmö,345,Storstäder,22,5,1610,375585,6164375,1502.7972,116760.2644,119.70284246575342,622.0999999999999,61.2,99.4,159.525,275.4099999999999,79.08142852108858
1280C2710,514,1280,Malmö,505,Storstäder,22,5,1434,373148,6164717,7315.096899,2139886.411,132.28246575342467,661.1999999999999,80.1,119.6,168.8,264.1299999999996,68.54744603808753
1280C2860,515,1280,Malmö,428,Storstäder,22,5,1393,377680,6165466,1176.69348,64475.40916,111.47576484018266,585.8999999999999,65.5,98.3,142.4,230.9,61.505778254031036
1280C2850,516,1280,Malmö,567,Storstäder,22,5,2008,373148,6164717,2168.053632,262373.0056,118.48698630136987,357.70000000000005,80.1,109.05000000000001,149.50000000000003,210.90000000000003,49.88080254398085
1280C2840,517,1280,Malmö,508,Storstäder,22,5,1975,375585,6164375,3322.409798,476779.3856,130.87100456621005,578.8,80.0,116.9,167.20000000000005,260.70000000000005,67.94734428599841
1280C2890,518,1280,Malmö,430,Storstäder,22,5,1454,377680,6165466,1198.952986,70710.58816,97.34882420091324,382.1,61.5,87.65,124.2,186.80499999999995,48.88679130120441
1280C2880,519,1280,Malmö,1097,Storstäder,22,5,4527,373148,6164717,3539.740367,464694.4073,229.38482876712328,562.6999999999999,165.40000000000003,213.90000000000003,286.5,378.71499999999986,82.09436102210248
1280C2900,520,1280,Malmö,387,Storstäder,22,5,2110,373148,6164717,2052.574031,154687.3938,83.05438356164383,368.30000000000007,53.8,75.9,105.4,160.0,41.3809819405336
1280C2870,521,1280,Malmö,1304,Storstäder,22,5,4300,373148,6164717,6991.396573,1476937.334,268.441700913242,680.2999999999998,189.50000000000003,249.15000000000003,339.025,441.3049999999998,96.10479359799079
1280C2910,522,1280,Malmö,584,Storstäder,22,5,2198,377680,6165466,8617.20875,1902426.884,151.24512557077628,659.5999999999999,94.6,139.0,192.1,288.9049999999999,73.9439511295522
1280C2920,523,1280,Malmö,400,Storstäder,22,5,1794,376617,6166264,16301.99977,13300923.7,97.23300228310502,481.2000000000001,58.2,86.6,123.5,197.60499999999993,52.130239573194615
1233B2050,524,1233,Vellinge,1182,Pendlingskommun nära storstad,29,4,2274,370713,6144299,14378.71727,6805468.855,315.1425342465753,676.4999999999997,229.50000000000009,293.70000000000005,392.02499999999986,512.4049999999997,106.76679531684242
1233B3010,525,1233,Vellinge,747,Pendlingskommun nära storstad,29,4,1275,364895,6142224,14308.18947,10386693.96,196.04333333333335,487.6999999999997,141.60000000000002,182.30000000000004,243.70000000000007,325.6099999999999,69.94806697380686
1233B2010,526,1233,Vellinge,1111,Pendlingskommun nära storstad,29,4,2155,370713,6144299,11108.93022,3039557.547,312.99400684931504,735.9999999999997,224.80000000000004,297.0,390.525,503.9999999999999,106.61261168742654
1233B3030,527,1233,Vellinge,1024,Pendlingskommun nära storstad,29,4,2098,364895,6142224,8642.326872,2318309.065,303.2236643835617,766.7999999999998,217.70000000000005,290.6,377.3999999999999,489.6099999999997,106.07872717246865
1233B2060,528,1233,Vellinge,938,Pendlingskommun nära storstad,29,4,1959,370713,6144299,5318.231409,1231950.484,246.8789269406393,596.7999999999998,177.675,228.25000000000003,309.125,408.3349999999993,87.0977168009526
1233B3020,529,1233,Vellinge,871,Pendlingskommun nära storstad,29,4,1668,364895,6142224,13040.82621,5987937.174,242.73865296803655,727.4999999999997,173.50000000000003,228.50000000000003,304.6,396.3099999999999,86.37995558597878
1233B2040,530,1233,Vellinge,1032,Pendlingskommun nära storstad,29,4,2265,370713,6144299,13070.49236,5599881.428,269.68615296803654,625.1999999999998,197.6,247.30000000000004,334.49999999999994,439.5999999999999,91.8336307949795
1233B2020,531,1233,Vellinge,917,Pendlingskommun nära storstad,29,4,1514,364895,6142224,14420.64756,9122021.471,281.19688356164386,849.4999999999998,198.20000000000005,268.90000000000003,352.22499999999997,462.0099999999999,103.17598998700264
1233B2070,532,1233,Vellinge,1286,Pendlingskommun nära storstad,29,4,2511,370713,6144299,9156.521516,1452694.097,340.4995662100456,792.4999999999995,249.30000000000004,315.4,423.4249999999999,547.9049999999996,113.80148946417329
1233B2030,533,1233,Vellinge,656,Pendlingskommun nära storstad,29,4,1287,370713,6144299,12903.51794,4402538.694,190.09454337899547,562.0999999999999,130.5,178.5,239.50000000000009,324.90999999999985,74.86610508745767
1233B3040,534,1233,Vellinge,1183,Pendlingskommun nära storstad,29,4,2465,364895,6142224,21958.93259,19605775.78,312.33891552511415,757.4999999999997,225.50000000000009,286.5,393.525,509.40999999999957,107.28739099143597
1233B2080,535,1233,Vellinge,918,Pendlingskommun nära storstad,29,4,1904,370713,6144299,20628.80884,11363016.78,240.93825342465755,546.8999999999997,174.77500000000003,224.00000000000003,300.525,396.10499999999996,83.79540824602982
1233C1010,536,1233,Vellinge,640,Pendlingskommun nära storstad,29,4,1347,376146,6150270,8736.83292,2629219.898,171.03671232876715,494.3999999999999,121.42500000000004,158.65000000000003,213.90000000000003,289.60499999999996,64.03644315887003
1233C1030,537,1233,Vellinge,1051,Pendlingskommun nära storstad,29,4,2337,376146,6150270,4711.748517,758263.7124,295.9718607305936,724.0999999999997,213.50000000000003,279.95000000000005,369.42499999999995,475.70999999999975,101.11534929907378
1233C1020,538,1233,Vellinge,786,Pendlingskommun nära storstad,29,4,1676,376146,6150270,8181.883105,2888449.854,224.75288812785388,728.7999999999997,156.97500000000002,212.64999999999998,283.125,374.00999999999976,83.56143892644073
1233B4010,539,1233,Vellinge,537,Pendlingskommun nära storstad,29,4,1027,387969,6152673,12930.76713,4332280.49,157.61261415525118,528.5999999999998,105.0,145.85000000000002,200.625,280.00499999999994,66.77217150891845
1233C1040,540,1233,Vellinge,1073,Pendlingskommun nära storstad,29,4,2102,376146,6150270,11412.39497,4127514.025,321.91211187214606,919.6999999999996,228.30000000000004,309.5,403.3999999999999,520.1049999999996,114.20777377824942
1233C1050,541,1233,Vellinge,867,Pendlingskommun nära storstad,29,4,1763,376146,6150270,8475.898264,3852335.756,225.34285388127856,510.4999999999998,164.00000000000003,207.1,278.225,373.00499999999994,78.27271817139528
1233A0010,542,1233,Vellinge,988,Pendlingskommun nära storstad,29,4,1687,370713,6144299,54312.25611,51975787.03,261.02519406392685,636.7999999999996,188.60000000000002,240.60000000000008,326.4999999999999,429.2999999999999,91.38527019863999
1233A0020,543,1233,Vellinge,555,Pendlingskommun nära storstad,29,4,905,376146,6150270,30637.50549,26224384.7,163.82228310502285,513.0999999999999,112.075,152.95000000000002,207.30000000000004,284.10499999999996,67.46161629784223
1233B4020,544,1233,Vellinge,861,Pendlingskommun nära storstad,29,4,1602,379526,6156913,26753.35708,16120275.34,234.55624429223747,647.6999999999998,167.50000000000003,218.70000000000005,292.125,387.3999999999999,84.14767862824466
1286C1090,545,1286,Ystad,690,Mindre stad/tätort,22,3,1605,413011,6151678,3121.229139,502517.6041,144.55239726027398,476.4999999999998,100.6,134.3,181.8,250.90000000000003,57.530298851583055
1286C1060,546,1286,Ystad,924,Mindre stad/tätort,22,3,2158,433090,6157355,3625.279089,714457.0151,196.7732077625571,630.0999999999998,138.0,184.40000000000003,247.50000000000009,330.0049999999999,73.95372513033567
1286C1070,547,1286,Ystad,1034,Mindre stad/tätort,22,3,2327,413011,6151678,4057.019946,879625.2374,212.6045091324201,519.7999999999998,152.0,198.3,267.4,355.1,77.08768618334335
1286C1020,548,1286,Ystad,747,Mindre stad/tätort,22,3,1779,413011,6151678,4771.390817,792451.9768,164.82119863013702,560.9999999999999,112.0,154.75000000000003,209.80000000000004,286.10499999999996,67.78882945890105
1286C1010,549,1286,Ystad,691,Mindre stad/tätort,22,3,1898,413011,6151678,4852.478057,817606.4593,146.30357305936073,514.2999999999998,101.20000000000002,134.90000000000003,184.4,253.6,59.08388571050715
1286C1030,550,1286,Ystad,769,Mindre stad/tätort,22,3,1678,413011,6151678,3576.531243,448512.9849,170.67130136986302,561.4000000000001,116.0,159.5,215.40000000000003,297.70000000000005,69.93790897250922
1286C1040,551,1286,Ystad,1605,Mindre stad/tätort,22,3,3376,413011,6151678,8220.57515,3351559.751,341.75610730593604,897.7999999999996,246.00000000000003,319.4,429.5999999999999,551.5999999999997,117.15935045065841
1286C1050,552,1286,Ystad,647,Mindre stad/tätort,22,3,1505,413011,6151678,3416.536928,539237.234,143.52922374429227,455.49999999999983,94.8,133.65000000000003,183.10000000000002,254.40000000000003,62.1600012749541
1286C1080,553,1286,Ystad,1008,Mindre stad/tätort,22,3,2514,433090,6157355,18623.28764,11177833.66,236.44043378995434,708.3999999999997,161.8,227.45000000000005,298.0,399.30999999999983,91.5872807316605
1286C1100,554,1286,Ystad,447,Mindre stad/tätort,22,3,884,413011,6151678,8622.944708,3863722.613,101.43388127853882,528.4,65.1,91.2,127.80000000000001,194.70999999999984,50.06094724072567
1286B2020,555,1286,Ystad,647,Mindre stad/tätort,22,3,1261,433090,6157355,6543.399688,1316240.035,150.81566210045662,555.6999999999998,98.3,138.9,192.40000000000003,272.1,67.26209162919696
1286B2010,556,1286,Ystad,934,Mindre stad/tätort,22,3,1682,433090,6157355,22734.8573,10608766.96,189.71646118721463,477.0999999999998,133.90000000000003,174.40000000000003,239.40000000000003,321.90999999999985,71.60792769241706
1286A0020,557,1286,Ystad,817,Mindre stad/tätort,22,3,1300,447316,6145328,37256.55044,61194564.4,184.9325,570.4999999999998,126.30000000000003,172.60000000000002,233.75000000000006,321.41999999999973,75.49852150416599
1286A0010,558,1286,Ystad,721,Mindre stad/tätort,22,3,1169,447316,6145328,39024.56194,59240738.05,176.24133561643836,562.2999999999998,115.6,165.15,224.70000000000005,317.205,78.09291122562746
1286A0030,559,1286,Ystad,916,Mindre stad/tätort,22,3,1793,413011,6151678,36637.16519,42411779.4,187.99479452054797,497.8,133.8,174.10000000000002,236.30000000000004,317.00499999999994,70.82922309977175
1286C1110,560,1286,Ystad,942,Mindre stad/tätort,22,3,1905,433090,6157355,18499.70029,10668634.9,199.67276255707765,555.6999999999998,140.70000000000002,188.3,250.60000000000005,336.50499999999994,75.08618153199119
1286A0040,561,1286,Ystad,680,Mindre stad/tätort,22,3,1082,433090,6157355,74904.87027,53759510.17,146.53552511415526,599.8,100.6,134.8,185.2,257.40000000000003,60.92224341324834
1286A0050,562,1286,Ystad,636,Mindre stad/tätort,22,3,1010,413011,6151678,56319.5598,34719662.21,146.59786529680363,482.6,97.2,135.0,187.42500000000004,262.80000000000007,64.85013785790782
1286A0060,563,1286,Ystad,512,Mindre stad/tätort,22,3,788,433090,6157355,50504.28382,78579860.54,114.03397260273974,442.69999999999993,75.69999999999999,104.75,145.10000000000002,210.50499999999997,52.42532972630833
1282C1070,564,1282,Landskrona,593,Pendlingskommun nära större stad,25,3,2433,365295,6193583,2035.02587,191444.009,155.0702511415525,540.8000000000001,102.0,144.50000000000003,196.70000000000005,278.8099999999999,67.55895036102704
1282C1080,565,1282,Landskrona,688,Pendlingskommun nära större stad,25,3,2535,365295,6193583,2707.435367,215768.748,165.10784246575344,509.7999999999997,115.4,152.4,208.9,282.6,64.9446317012016
1282C1160,566,1282,Landskrona,806,Pendlingskommun nära större stad,25,3,1827,365295,6193583,3991.087807,764668.0406,219.84605022831053,768.2999999999997,148.50000000000003,209.40000000000003,277.7,377.0149999999998,88.53597911871051
1282C1010,567,1282,Landskrona,1277,Pendlingskommun nära större stad,25,3,2162,374488,6187464,32472.59728,26729519.38,326.6438127853881,819.2999999999996,232.9000000000001,312.80000000000007,408.1999999999999,524.4099999999996,113.78537777758294
1282C1020,568,1282,Landskrona,1419,Pendlingskommun nära större stad,25,3,2813,368607,6195414,8999.072995,3344252.878,330.4104908675799,762.5999999999997,239.60000000000002,304.35,413.5999999999998,539.8049999999996,113.25422444429978
1282C1030,569,1282,Landskrona,586,Pendlingskommun nära större stad,25,3,1196,368607,6195414,13387.26795,7012927.055,155.65489726027397,572.6999999999999,101.8,145.0,197.92500000000004,279.6,67.85292267238925
1282C1040,570,1282,Landskrona,852,Pendlingskommun nära större stad,25,3,2148,365295,6193583,14266.69223,10467366.26,193.20676940639268,442.7,138.00000000000003,179.65000000000003,239.80000000000004,324.7049999999999,70.48448168752807
1282C1060,571,1282,Landskrona,587,Pendlingskommun nära större stad,25,3,2335,365295,6193583,2417.406374,215292.6397,160.35171232876712,646.6,104.4,149.20000000000002,205.925,290.9049999999999,71.88684130948661
1282C1150,572,1282,Landskrona,335,Pendlingskommun nära större stad,25,3,1209,365295,6193583,1267.738126,97314.9839,79.02539954337898,328.9999999999999,50.9,72.69999999999999,101.6,146.74499999999935,37.622839137006125
1282C1050,573,1282,Landskrona,803,Pendlingskommun nära större stad,25,3,2569,365295,6193583,7877.334631,2241612.529,202.92324200913242,571.3999999999997,140.70000000000002,191.40000000000003,256.425,346.0099999999998,79.73552226943603
1282C1100,574,1282,Landskrona,758,Pendlingskommun nära större stad,25,3,2282,365295,6193583,3592.310736,477630.1797,177.26073059360732,482.19999999999976,126.0,165.75,224.30000000000004,298.19999999999993,66.1370781275159
1282C1110,575,1282,Landskrona,645,Pendlingskommun nära större stad,25,3,2055,365295,6193583,2397.63402,203430.8138,167.10215753424657,539.7999999999998,112.2,155.8,211.925,291.80499999999995,70.2845170913098
1282C1090,576,1282,Landskrona,663,Pendlingskommun nära större stad,25,3,1913,365295,6193583,6964.893556,2071325.839,157.6258789954338,462.2999999999999,111.6,145.5,198.50000000000003,271.6099999999999,61.73520488901652
1282C1120,577,1282,Landskrona,607,Pendlingskommun nära större stad,25,3,1390,365295,6193583,3760.345647,382223.1859,158.7312214611872,571.6999999999998,105.1,145.90000000000003,203.12500000000003,284.30999999999995,69.18333410168613
1282C1140,578,1282,Landskrona,440,Pendlingskommun nära större stad,25,3,1227,365295,6193583,1688.183631,168739.4688,111.49432648401827,433.3,72.3,101.65,141.3,208.70499999999993,52.31236383476956
1282C1130,579,1282,Landskrona,626,Pendlingskommun nära större stad,25,3,1769,365295,6193583,4284.27214,572084.5486,154.56549086757994,544.5999999999999,105.8,144.70000000000002,196.00000000000003,266.2,62.2108341018989
1282B3010,580,1282,Landskrona,999,Pendlingskommun nära större stad,25,3,1795,368607,6195414,9085.921595,5885599.145,245.50139269406395,763.3999999999999,173.80000000000004,230.10000000000005,307.82499999999993,407.9999999999998,89.63302501737374
1282C1180,581,1282,Landskrona,995,Pendlingskommun nära större stad,25,3,2123,365295,6193583,3340.853592,686102.2021,238.22633561643838,633.9999999999998,169.8,222.10000000000002,299.4,397.91499999999974,86.93656975055096
1282C1200,582,1282,Landskrona,702,Pendlingskommun nära större stad,25,3,2151,365295,6193583,7368.629074,1628446.65,208.8313127853881,668.0,136.22500000000002,198.3,264.5,377.1299999999996,91.60340653933675
1282C1170,583,1282,Landskrona,301,Pendlingskommun nära större stad,25,3,1080,365295,6193583,14103.60637,4777576.327,88.01734018264841,439.69999999999993,50.4,75.8,112.4,194.1199999999997,53.1466614754652
1282C1190,584,1282,Landskrona,1351,Pendlingskommun nära större stad,25,3,2795,365295,6193583,9237.366718,3172280.898,326.9490296803653,866.4999999999998,235.30000000000007,308.85,409.2249999999999,528.0049999999997,111.8269745131511
1282A0010,585,1282,Landskrona,1602,Pendlingskommun nära större stad,25,3,2642,368607,6195414,86296.6494,106311081.2,383.5955707762556,864.7999999999994,277.90000000000003,358.59999999999997,479.79999999999984,612.6049999999997,128.65303920575283
1282B2010,586,1282,Landskrona,1242,Pendlingskommun nära större stad,25,3,2555,358942,6209795,17897.59429,9875911.276,299.4492123287671,758.3999999999999,214.80000000000004,282.15000000000003,374.82499999999993,484.10499999999985,104.68977745103618
1287C1080,587,1287,Trelleborg,581,Pendlingskommun nära storstad,29,4,1776,383953,6140229,3124.633239,458814.9386,172.71970319634707,587.6999999999998,118.90000000000002,162.5,218.3,300.205,70.1418750781772
1287C1040,588,1287,Trelleborg,437,Pendlingskommun nära storstad,29,4,1299,383953,6140229,4737.973176,617730.0841,135.52220319634705,534.8999999999999,87.50000000000001,123.90000000000002,171.20000000000002,251.70000000000005,62.851658328286184
1287C1060,589,1287,Trelleborg,863,Pendlingskommun nära storstad,29,4,2476,383953,6140229,5429.703951,1341764.684,236.50552511415526,601.9999999999997,169.8,221.20000000000005,296.9,386.0049999999998,83.66253161008608
1287B2010,590,1287,Trelleborg,713,Pendlingskommun nära storstad,29,4,1307,397458,6140305,12541.35471,7783911.333,198.73958904109588,626.7999999999997,139.875,185.4,249.6,336.0,74.97123081096908
1287C1050,591,1287,Trelleborg,579,Pendlingskommun nära storstad,29,4,1826,383953,6140229,6075.530048,1429100.227,149.76350456621003,407.7999999999999,107.80000000000003,138.4,185.70000000000005,257.0,56.247769569164646
1287A0020,592,1287,Trelleborg,1057,Pendlingskommun nära storstad,29,4,1589,397458,6140305,33898.14891,49987139.29,290.9684589041095,684.9999999999998,211.20000000000005,272.6,364.2250000000001,471.5049999999997,100.35952609629676
1287C1010,593,1287,Trelleborg,1272,Pendlingskommun nära storstad,29,4,2262,383953,6140229,19221.6088,12794425.11,348.7687899543378,945.2999999999996,252.90000000000003,324.85,435.525,556.5099999999998,117.68015754668099
1287C1030,594,1287,Trelleborg,695,Pendlingskommun nära storstad,29,4,1808,383953,6140229,6280.07209,1367953.403,188.06473744292242,513.7999999999997,133.50000000000003,174.3,236.32500000000005,318.51999999999964,70.75721618090249
1287C1070,595,1287,Trelleborg,779,Pendlingskommun nära storstad,29,4,2066,383953,6140229,4840.610566,645853.4938,222.71028538812786,665.0999999999997,158.97500000000002,209.90000000000003,278.82500000000005,366.0099999999999,80.72917525769829
1287C1020,596,1287,Trelleborg,928,Pendlingskommun nära storstad,29,4,1639,383953,6140229,10782.57136,4702297.172,265.6084246575342,758.2999999999997,188.70000000000005,252.9000000000001,333.79999999999995,435.30499999999995,95.14286269717039
1287C1120,597,1287,Trelleborg,669,Pendlingskommun nära storstad,29,4,1681,383953,6140229,3064.207401,392459.7146,200.23987442922373,655.7999999999998,137.50000000000003,189.40000000000003,251.10000000000008,341.0999999999999,78.53889629097256
1287C1100,598,1287,Trelleborg,1116,Pendlingskommun nära storstad,29,4,2602,383953,6140229,4073.003071,689616.8901,293.10212328767125,711.4999999999995,213.90000000000003,269.4,365.19999999999993,478.1099999999997,100.15844646839238
1287C1130,599,1287,Trelleborg,522,Pendlingskommun nära storstad,29,4,1142,383953,6140229,2640.719727,243372.4888,136.9373515981735,384.2999999999999,97.6,126.9,170.8,236.10499999999993,52.66742108564723
1287B2020,600,1287,Trelleborg,1061,Pendlingskommun nära storstad,29,4,1630,397458,6140305,18610.62551,11687753.2,284.98093607305935,648.8999999999997,206.60000000000002,266.40000000000003,356.525,460.10499999999985,97.40747474462921
1287C1090,601,1287,Trelleborg,958,Pendlingskommun nära storstad,29,4,1953,383953,6140229,14778.17651,7125697.877,286.16071917808216,732.2999999999998,200.07500000000002,273.1,358.49999999999994,470.89999999999975,104.31206574227659
1287C1110,602,1287,Trelleborg,695,Pendlingskommun nära storstad,29,4,1452,383953,6140229,10334.4207,3279945.311,202.18270547945207,637.2999999999998,138.60000000000002,189.40000000000006,255.60000000000008,344.4099999999998,79.66514864943562
1287C1150,603,1287,Trelleborg,550,Pendlingskommun nära storstad,29,4,1233,383953,6140229,4141.813856,321693.1646,160.1924086757991,520.9999999999998,108.6,148.75,204.3,282.7249999999996,67.06249220747308
1287C1140,604,1287,Trelleborg,476,Pendlingskommun nära storstad,29,4,1110,383953,6140229,7416.645188,1051495.045,130.4259589041096,405.8,90.4,120.4,164.12500000000003,228.60000000000005,53.28887682102937
1287C1160,605,1287,Trelleborg,994,Pendlingskommun nära storstad,29,4,2030,383953,6140229,7836.486196,1301524.008,265.67659817351597,622.4999999999997,191.80000000000004,246.25,332.925,432.40499999999986,91.8911372022092
1287C1170,606,1287,Trelleborg,1091,Pendlingskommun nära storstad,29,4,2279,383953,6140229,8818.873934,2012145.473,294.79289954337895,677.7999999999998,213.90000000000003,275.3,367.625,475.00999999999965,100.00747830146395
1287C1180,607,1287,Trelleborg,1038,Pendlingskommun nära storstad,29,4,2135,383953,6140229,16506.72853,7411358.918,270.71469178082197,632.7999999999996,197.9,249.75000000000006,336.92499999999995,443.90499999999986,93.24332644542972
1287C1190,608,1287,Trelleborg,758,Pendlingskommun nära storstad,29,4,1593,383953,6140229,7654.890965,3760571.269,201.45696347031964,583.8999999999996,144.8,187.70000000000002,251.2,334.19999999999993,72.09970006237309
1287A0010,609,1287,Trelleborg,1093,Pendlingskommun nära storstad,29,4,1534,383953,6140229,48222.02499,72401592.52,295.11729452054794,718.5999999999996,213.80000000000004,273.0,367.325,480.3049999999998,101.82798964898525
1287B3010,610,1287,Trelleborg,1078,Pendlingskommun nära storstad,29,4,2146,397458,6140305,9650.141746,6658788.852,294.72397260273965,743.0999999999997,212.575,274.80000000000007,368.19999999999993,480.00999999999965,102.1027422807454
1287A0030,611,1287,Trelleborg,833,Pendlingskommun nära storstad,29,4,1271,383953,6140229,52460.66408,47404768.98,223.31236301369864,544.8999999999997,159.90000000000003,207.50000000000009,278.9,368.4049999999999,78.9941940772896
1287A0040,612,1287,Trelleborg,977,Pendlingskommun nära storstad,29,4,1482,383953,6140229,37547.58573,46851883.51,260.3644292237443,630.3999999999999,188.10000000000002,240.30000000000004,326.225,428.2999999999999,90.945927144285
1287A0050,613,1287,Trelleborg,841,Pendlingskommun nära storstad,29,4,1328,401876,6150394,66693.53748,71269054.15,226.86844748858448,627.2999999999995,162.40000000000003,211.60000000000005,283.725,377.00499999999994,81.0223616055041
1265A0050,614,1265,Sjöbo,1025,Pendlingskommun nära större stad,25,3,1658,417086,6165077,40565.49283,50151160.11,244.75971461187217,620.6999999999998,174.70000000000002,228.90000000000003,307.225,404.3049999999998,88.1204399352724
1265A0040,615,1265,Sjöbo,775,Pendlingskommun nära större stad,25,3,1341,433090,6157355,39170.35081,54972212.94,185.34213470319636,627.6999999999997,130.60000000000002,172.90000000000003,232.70000000000005,312.305,70.27430897485272
1265B2010,616,1265,Sjöbo,970,Pendlingskommun nära större stad,25,3,1640,407932,6166551,15223.39572,12288672.0,221.64071917808218,527.2999999999997,159.175,203.90000000000003,278.0,366.5999999999999,79.35085870197238
1265A0010,617,1265,Sjöbo,892,Pendlingskommun nära större stad,25,3,1312,417086,6165077,91063.82069,112736074.4,218.4252511415525,631.6999999999997,152.90000000000003,203.50000000000003,274.82500000000005,366.8099999999998,82.3045949054847
1265C1010,618,1265,Sjöbo,1395,Pendlingskommun nära större stad,25,3,2469,417086,6165077,20184.27964,9313635.967,325.5723744292237,762.1999999999995,235.17499999999998,301.29999999999995,407.29999999999984,528.7049999999996,111.97925347427216
1265A0020,619,1265,Sjöbo,754,Pendlingskommun nära större stad,25,3,1061,417086,6165077,36523.97162,32949415.7,172.69170091324202,429.2999999999997,122.9,159.50000000000003,217.40000000000003,294.0,65.02372137488094
1265C1020,620,1265,Sjöbo,974,Pendlingskommun nära större stad,25,3,1965,417086,6165077,7282.812818,1314389.65,220.1279109589041,520.3999999999999,158.9,202.40000000000003,276.1,366.19999999999993,78.74694184583203
1265C1030,621,1265,Sjöbo,1093,Pendlingskommun nära större stad,25,3,2048,417086,6165077,13101.54478,5882092.478,272.93283105022834,668.1999999999997,192.90000000000003,257.6,343.8999999999999,444.71499999999963,98.09232013530566
1265C1040,622,1265,Sjöbo,1050,Pendlingskommun nära större stad,25,3,2225,417086,6165077,15245.38078,5765428.55,238.16735159817352,572.3999999999996,170.80000000000004,218.60000000000005,299.125,396.79999999999984,85.35953388033029
1265A0030,623,1265,Sjöbo,1117,Pendlingskommun nära större stad,25,3,1729,417086,6165077,63106.72498,90917676.64,258.3881506849315,709.2999999999997,185.00000000000003,240.40000000000006,323.02499999999986,427.9049999999999,92.01591257202246
1265A0060,624,1265,Sjöbo,690,Pendlingskommun nära större stad,25,3,1164,417086,6165077,57593.82625,73934253.04,167.5455365296804,548.5,115.9,155.9,212.125,288.10499999999996,66.25617705886934
1265A0070,625,1265,Sjöbo,594,Pendlingskommun nära större stad,25,3,935,440802,6179703,42811.23946,58424646.11,173.07688356164385,663.3,112.0,162.2,219.00000000000003,317.40500000000003,79.64803799525043
1230A0020,626,1230,Staffanstorp,300,Pendlingskommun nära storstad,29,4,843,385209,6175299,15630.62497,9801977.613,109.57599315068492,605.5999999999998,61.6,94.1,140.70000000000002,239.20499999999993,65.96602536184068
1230C1030,627,1230,Staffanstorp,997,Pendlingskommun nära storstad,29,4,2181,385764,6168045,4861.36707,709173.3254,261.8528767123288,586.9999999999997,191.1,242.45000000000005,325.7249999999999,430.4099999999998,90.01651900735256
1230C1040,628,1230,Staffanstorp,810,Pendlingskommun nära storstad,29,4,1814,385764,6168045,4442.299155,629475.9641,250.10533105022833,758.4999999999995,174.1,239.30000000000004,311.9,414.8049999999998,94.51001371392795
1230C1010,629,1230,Staffanstorp,1466,Pendlingskommun nära storstad,29,4,3134,388101,6164328,12625.20284,5822834.313,386.5388926940638,916.9999999999992,283.27500000000003,354.9,481.14999999999986,623.0049999999995,128.10161923170273
1230C1050,630,1230,Staffanstorp,1266,Pendlingskommun nära storstad,29,4,2667,385764,6168045,6125.566897,1187778.369,336.2103424657534,830.6999999999995,246.30000000000004,308.79999999999995,418.62499999999994,545.4049999999996,114.0561074670171
1230C1060,631,1230,Staffanstorp,968,Pendlingskommun nära storstad,29,4,1958,385764,6168045,5022.605778,1027865.554,250.89537671232875,566.6999999999996,182.6,230.1,312.5,412.50999999999976,86.44715499395178
1230C1020,632,1230,Staffanstorp,1252,Pendlingskommun nära storstad,29,4,2452,385764,6168045,11905.5695,4733821.054,346.50409817351596,813.7999999999994,253.10000000000002,326.54999999999995,430.7999999999998,551.7049999999997,114.2336189122561
1230C1080,633,1230,Staffanstorp,879,Pendlingskommun nära storstad,29,4,2033,385764,6168045,6984.94728,1098353.974,228.55421232876714,551.2999999999998,167.27500000000003,210.70000000000005,282.6,377.3049999999998,79.07395048597101
1230C1070,634,1230,Staffanstorp,968,Pendlingskommun nära storstad,29,4,1894,385764,6168045,15477.40115,9529909.766,264.739200913242,660.6999999999996,189.50000000000003,248.30000000000007,330.82499999999993,431.29999999999984,92.31897174811395
1230B2010,635,1230,Staffanstorp,1116,Pendlingskommun nära storstad,29,4,2688,385764,6168045,9056.468868,2493657.59,298.2872146118721,700.3999999999997,217.2,276.6,373.6999999999999,487.00499999999994,103.63701970757705
1230A0010,636,1230,Staffanstorp,1164,Pendlingskommun nära storstad,29,4,2086,388101,6164328,76121.72746,64293409.27,307.39768264840177,691.4999999999995,224.30000000000004,283.35,382.6249999999999,501.70499999999953,105.06232141273206
1230B2020,637,1230,Staffanstorp,1196,Pendlingskommun nära storstad,29,4,3028,387433,6173395,16948.72311,6417201.087,316.78488584474877,727.9999999999997,231.175,290.75,393.6249999999999,515.3999999999999,107.33963328587076
1291A0020,638,1291,Simrishamn,526,Landsbygdskommun med besöksnäring,28,9,823,448115,6153012,55452.67086,48862177.23,147.80811643835617,487.0999999999998,100.9,135.35000000000002,188.00000000000003,262.3,62.101536935122915
1291B5010,639,1291,Simrishamn,503,Landsbygdskommun med besöksnäring,28,9,901,447316,6145328,8742.490591,5272647.039,135.35039954337898,517.3999999999997,91.0,123.70000000000002,170.70000000000005,240.2,56.81065558332337
1291B4010,640,1291,Simrishamn,571,Landsbygdskommun med besöksnäring,28,9,974,447316,6145328,14674.31996,10606057.13,155.2179908675799,527.4999999999999,108.2,144.60000000000002,195.3,265.7099999999999,61.39983585464556
1291B3010,641,1291,Simrishamn,560,Landsbygdskommun med besöksnäring,28,9,990,448115,6153012,10437.59576,6778836.949,153.5508789954338,492.5999999999999,105.3,142.00000000000003,193.10000000000005,267.70999999999987,62.07418089243174
1291C1010,642,1291,Simrishamn,651,Landsbygdskommun med besöksnäring,28,9,1206,448115,6153012,11289.25401,6363948.949,191.56924657534248,672.9999999999999,129.60000000000002,181.00000000000003,243.22500000000005,333.3149999999998,78.02625612681986
1291C1030,643,1291,Simrishamn,721,Landsbygdskommun med besöksnäring,28,9,1679,448115,6153012,4209.673775,580359.1368,206.8465068493151,663.9999999999997,141.60000000000002,195.40000000000003,261.40000000000003,353.40499999999986,81.57842529761928
1291C1020,644,1291,Simrishamn,1072,Landsbygdskommun med besöksnäring,28,9,2341,448115,6153012,17045.80878,7918124.764,275.1702054794521,633.2999999999998,200.47500000000005,251.85000000000002,342.5999999999999,452.7049999999998,95.05431635565539
1291B2010,645,1291,Simrishamn,598,Landsbygdskommun med besöksnäring,28,9,1090,448115,6153012,10090.28608,6355605.643,156.32109589041093,481.4999999999998,109.5,145.4,196.40000000000003,265.40500000000003,59.84833638567832
1291C1040,646,1291,Simrishamn,1006,Landsbygdskommun med besöksnäring,28,9,2114,448115,6153012,8513.246659,3579125.484,257.04440639269404,578.7999999999997,187.9,236.90000000000003,319.0999999999999,420.49999999999983,87.80053843958594
1291A0010,647,1291,Simrishamn,890,Landsbygdskommun med besöksnäring,28,9,1293,448115,6153012,92691.98936,95249650.15,225.76051369863015,564.0999999999996,163.3,209.70000000000002,280.725,373.1099999999998,79.9914673863918
1291A0030,648,1291,Simrishamn,681,Landsbygdskommun med besöksnäring,28,9,1116,448115,6153012,32030.21918,31721276.34,197.32739726027398,618.9999999999998,136.9,185.8,246.60000000000005,338.64499999999936,77.64037942646695
1291A0040,649,1291,Simrishamn,813,Landsbygdskommun med besöksnäring,28,9,1300,444356,6165648,43343.02721,53783950.82,221.21431506849316,610.5999999999997,155.90000000000003,207.2,277.12500000000006,368.4049999999999,81.74030410587125
1291A0050,650,1291,Simrishamn,644,Landsbygdskommun med besöksnäring,28,9,1142,444356,6165648,35376.15083,36473210.75,201.58745433789952,683.3999999999999,134.4,189.60000000000005,254.30000000000004,356.30999999999983,85.2551913809799
1291A0060,651,1291,Simrishamn,585,Landsbygdskommun med besöksnäring,28,9,973,444356,6165648,26589.09214,34629731.36,173.60566210045664,606.9999999999998,116.0,163.20000000000002,218.5,306.6,73.65933800290917
1291A0070,652,1291,Simrishamn,709,Landsbygdskommun med besöksnäring,28,9,1132,444356,6165648,56555.99897,69865461.0,198.64446347031964,556.6999999999997,138.47500000000002,187.40000000000006,250.30000000000004,335.1999999999998,76.56780418034367
1263C1040,653,1263,Svedala,964,Pendlingskommun nära storstad,29,4,2210,387969,6152673,3368.207727,623652.5457,258.29175799086755,662.5999999999998,184.4,240.30000000000004,325.9,426.29999999999984,92.1412661444134
1263B2020,654,1263,Svedala,1334,Pendlingskommun nära storstad,29,4,2904,388101,6164328,13651.08946,6547165.313,387.626609589041,887.8999999999997,281.20000000000005,372.4999999999999,483.0999999999998,612.2999999999996,128.46080227849677
1263C1010,655,1263,Svedala,951,Pendlingskommun nära storstad,29,4,2294,387969,6152673,8608.579287,3520444.204,267.18433789954344,683.5999999999997,191.9,253.70000000000005,332.7,435.5999999999999,93.71246003732512
1263C1020,656,1263,Svedala,878,Pendlingskommun nära storstad,29,4,2049,387969,6152673,5556.10471,953438.669,251.89277397260275,799.4999999999998,178.00000000000003,239.20000000000005,314.19999999999993,415.00499999999994,92.01418986988946
1263C1050,657,1263,Svedala,991,Pendlingskommun nära storstad,29,4,2045,387969,6152673,4945.90148,803477.4701,273.8662671232877,720.9999999999997,197.50000000000006,256.1,340.5999999999999,446.90499999999975,94.790893559256
1263C1030,658,1263,Svedala,663,Pendlingskommun nära storstad,29,4,1326,387969,6152673,13226.45516,6398207.693,199.94803652968037,705.4999999999998,137.0,188.80000000000004,251.52500000000006,342.29999999999995,79.44868715356169
1263C1060,659,1263,Svedala,715,Pendlingskommun nära storstad,29,4,1358,387969,6152673,16075.89049,9116107.704,195.45463470319638,491.9999999999999,140.9,181.85000000000002,243.90000000000003,324.70499999999987,70.86494726093179
1263C1070,660,1263,Svedala,1128,Pendlingskommun nära storstad,29,4,2157,387969,6152673,8166.492226,3062271.618,312.4062328767123,737.1999999999997,226.50000000000006,293.7,389.4,499.40499999999986,105.31647694007073
1263B2010,661,1263,Svedala,844,Pendlingskommun nära storstad,29,4,1780,388101,6164328,3356.409495,606625.4075,225.88454337899543,562.1999999999998,162.8,210.40000000000003,281.35,370.9099999999998,80.59893960704889
1263B3010,662,1263,Svedala,1213,Pendlingskommun nära storstad,29,4,2380,388101,6164328,8938.309733,5534214.574,367.930616438356,903.9999999999995,266.90000000000003,354.99999999999994,457.1999999999998,582.9049999999997,124.14282596499167
1263A0010,663,1263,Svedala,650,Pendlingskommun nära storstad,29,4,1008,388101,6164328,71100.28539,65667793.64,194.76053652968037,591.8999999999999,133.5,184.10000000000002,245.6,334.50499999999994,77.40159335944841
1263A0020,664,1263,Svedala,1050,Pendlingskommun nära storstad,29,4,1777,388101,6164328,99071.50027,125230733.1,294.17286529680365,717.4999999999997,212.00000000000003,276.65,366.9999999999999,476.5049999999997,102.24754636438178
1285C1060,665,1285,Eslöv,934,Pendlingskommun nära större stad,25,3,2101,394606,6187265,3985.825085,854773.4932,245.92542237442925,799.5999999999996,167.8,233.00000000000003,310.65,415.40999999999985,95.76474677810809
1285A0010,666,1285,Eslöv,1345,Pendlingskommun nära större stad,25,3,2162,408706,6184429,72237.24784,81136777.36,313.4121232876712,799.5999999999995,226.50000000000006,292.65,391.1999999999999,507.29999999999984,107.41247163604706
1285A0020,667,1285,Eslöv,502,Pendlingskommun nära större stad,25,3,842,395923,6176843,36470.41237,26626350.69,166.06285388127856,673.8999999999999,100.5,151.20000000000002,212.5,329.70499999999987,86.59513954616
1285B5010,668,1285,Eslöv,617,Pendlingskommun nära större stad,25,3,1076,395923,6176843,8607.826696,4659815.577,146.30662100456624,418.9,101.5,136.9,184.2,253.00000000000003,58.36983709812155
1285B3010,669,1285,Eslöv,720,Pendlingskommun nära större stad,25,3,1335,408706,6184429,14310.48095,7978933.162,195.85485159817352,652.7999999999997,130.8,184.64999999999998,247.60000000000005,342.9049999999999,81.3447590903407
1285C1030,670,1285,Eslöv,770,Pendlingskommun nära större stad,25,3,2185,394606,6187265,4341.441424,482083.923,198.76835616438356,663.7999999999998,136.375,187.40000000000003,247.90000000000003,344.5199999999997,79.21237871505642
1285C1010,671,1285,Eslöv,777,Pendlingskommun nära större stad,25,3,2442,394606,6187265,8072.948766,2149659.206,193.7102397260274,638.0999999999997,133.9,181.30000000000004,244.80000000000004,330.80999999999995,76.17542959461133
1285C1040,672,1285,Eslöv,999,Pendlingskommun nära större stad,25,3,2121,394606,6187265,6407.638398,1366837.305,233.03367579908672,643.6999999999996,166.5,216.6,293.025,385.4149999999997,83.84511584349646
1285C1090,673,1285,Eslöv,874,Pendlingskommun nära större stad,25,3,2261,394606,6187265,6799.943869,2397012.507,218.84067351598173,567.3999999999997,152.3,207.85000000000002,276.32500000000005,365.30499999999984,82.0613502560639
1285A0040,674,1285,Eslöv,911,Pendlingskommun nära större stad,25,3,1468,394606,6187265,49544.55682,65118665.1,230.8866780821918,624.1999999999996,162.00000000000003,218.40000000000006,289.90000000000003,386.5999999999999,87.03207547688586
1285C1020,675,1285,Eslöv,923,Pendlingskommun nära större stad,25,3,2293,394606,6187265,11083.33154,3777052.118,211.09092465753426,538.5999999999998,151.50000000000003,195.8,263.625,352.29999999999995,75.92050603427762
1285C1050,676,1285,Eslöv,603,Pendlingskommun nära större stad,25,3,1858,394606,6187265,9597.784677,5218948.403,150.73248858447488,547.1999999999998,101.70000000000002,140.5,191.125,265.005,63.47809225684954
1285A0030,677,1285,Eslöv,419,Pendlingskommun nära större stad,25,3,799,394606,6187265,39278.9836,35887442.38,121.5133904109589,553.4999999999999,74.8,108.60000000000002,156.10000000000002,240.32499999999965,63.49735277723214
1285C1070,678,1285,Eslöv,1103,Pendlingskommun nära större stad,25,3,2250,394606,6187265,7040.605501,2204480.343,261.4241666666667,614.9999999999998,188.50000000000003,243.80000000000004,328.49999999999994,428.11499999999967,91.10030414575378
1285C1080,679,1285,Eslöv,1060,Pendlingskommun nära större stad,25,3,2971,394606,6187265,6769.532624,1599573.813,288.84464611872147,789.0999999999997,199.60000000000002,279.15,362.74999999999994,479.6149999999995,108.9252402900542
1285B2010,680,1285,Eslöv,956,Pendlingskommun nära större stad,25,3,1827,380660,6195857,12525.55093,7079037.356,265.9891324200913,867.0999999999997,182.67499999999998,256.45000000000005,332.8999999999999,453.9049999999997,103.4661272991156
1285B4010,681,1285,Eslöv,646,Pendlingskommun nära större stad,25,3,1443,404851,6200662,8524.152068,5451440.678,167.39755707762558,578.3999999999999,112.6,156.70000000000002,211.32500000000002,291.31999999999977,69.73659786857645
1285A0050,682,1285,Eslöv,791,Pendlingskommun nära större stad,25,3,1186,380660,6195857,69924.29696,66791952.92,188.13723744292236,558.4999999999998,131.10000000000002,174.20000000000005,237.20000000000005,319.1,72.41213266970122
1285A0060,683,1285,Eslöv,683,Pendlingskommun nära större stad,25,3,1091,394606,6187265,65802.13097,64272278.04,160.75577625570776,476.1999999999997,113.1,149.75000000000003,200.0,272.405,61.085392316313076
1285A0070,684,1285,Eslöv,605,Pendlingskommun nära större stad,25,3,990,404851,6200662,34669.02087,41391839.58,137.95486301369863,349.9999999999999,97.8,129.40000000000003,172.00000000000003,236.305,52.61509235011678
1264B3010,685,1264,Skurup,804,Pendlingskommun nära storstad,29,4,1466,413011,6151678,10892.53022,8144555.269,235.05050228310503,669.7999999999998,164.97500000000002,224.10000000000005,294.7,388.30999999999983,87.45736815914192
1264A0010,686,1264,Skurup,715,Pendlingskommun nära storstad,29,4,1231,413011,6151678,23229.77755,20943546.39,210.39078767123289,680.8999999999997,145.1,199.40000000000003,264.40000000000003,357.0999999999999,82.15536814453142
1264C1010,687,1264,Skurup,1007,Pendlingskommun nära storstad,29,4,2413,401876,6150394,9944.387008,4403485.05,287.1805479452055,697.0999999999997,205.075,271.30000000000007,360.825,466.99999999999983,101.50923998654156
1264A0020,688,1264,Skurup,735,Pendlingskommun nära storstad,29,4,1076,401876,6150394,44267.15091,47146069.21,190.55406392694064,465.89999999999975,138.0,177.20000000000005,236.10000000000005,316.31499999999977,67.72274469501808
1264C1040,689,1264,Skurup,1208,Pendlingskommun nära storstad,29,4,2607,401876,6150394,9376.988263,3426305.151,341.3032876712328,812.7999999999998,247.10000000000005,322.44999999999993,425.1999999999998,543.6049999999996,114.95497765315648
1264C1020,690,1264,Skurup,964,Pendlingskommun nära storstad,29,4,2089,401876,6150394,9185.778934,2923877.498,273.5975913242009,724.6999999999998,195.1,259.70000000000005,342.0999999999999,446.39999999999975,96.42211965119358
1264B2010,691,1264,Skurup,862,Pendlingskommun nära storstad,29,4,1626,413011,6151678,11785.81308,8127941.356,248.17227168949773,729.0999999999999,175.40000000000003,235.70000000000002,310.4,409.8049999999998,90.32902977272515
1264C1030,692,1264,Skurup,931,Pendlingskommun nära storstad,29,4,2200,401876,6150394,15665.72218,7266139.496,252.44888127853878,639.2999999999996,182.1,235.1,315.5999999999999,414.3049999999998,88.42558078423338
1264A0030,693,1264,Skurup,593,Pendlingskommun nära storstad,29,4,906,413011,6151678,67876.49155,51275062.34,180.38576484018265,557.6999999999998,122.0,169.00000000000003,228.20000000000005,318.21999999999963,74.92318344553561
1264A0040,694,1264,Skurup,725,Pendlingskommun nära storstad,29,4,1117,401876,6150394,60136.81983,47497293.35,213.70585616438356,586.3999999999999,148.375,202.20000000000005,267.80000000000007,359.10499999999996,81.39490059211103
1231C1010,695,1231,Burlöv,640,Pendlingskommun nära storstad,29,4,1605,377680,6165466,1752.895592,166256.2503,192.56049086757992,566.8999999999999,130.40000000000003,180.35000000000002,243.92500000000007,336.2049999999998,78.39347314391873
1231C1030,696,1231,Burlöv,527,Pendlingskommun nära storstad,29,4,1514,377680,6165466,2074.103644,170242.6542,161.76163242009133,596.6999999999998,108.0,151.70000000000002,203.70000000000005,288.2149999999998,69.99586910213988
1231C1020,697,1231,Burlöv,922,Pendlingskommun nära storstad,29,4,2623,377680,6165466,6036.239625,957759.7151,262.9094748858448,696.0999999999996,186.55,249.50000000000003,327.69999999999993,429.4999999999999,93.50630429661352
1231C1050,698,1231,Burlöv,710,Pendlingskommun nära storstad,29,4,2322,377680,6165466,4805.189854,504707.6184,210.1062785388128,618.9999999999997,145.10000000000002,198.6,265.30000000000007,356.29999999999995,81.65460363963057
1231C1040,699,1231,Burlöv,814,Pendlingskommun nära storstad,29,4,2156,377680,6165466,19257.65314,10283148.79,232.77773972602742,645.1999999999996,163.40000000000003,218.70000000000005,293.79999999999995,386.5199999999997,86.51385240646896
1231C1060,700,1231,Burlöv,743,Pendlingskommun nära storstad,29,4,1748,376617,6166264,8827.288049,1398761.488,198.80836757990866,545.8999999999996,141.80000000000004,184.7,249.6,331.5,72.37556190475749
1231C1070,701,1231,Burlöv,558,Pendlingskommun nära storstad,29,4,1449,377680,6165466,12273.24103,1517501.838,157.46062785388128,505.8,108.7,145.9,198.6,271.60499999999996,62.89186664520636
1231C1080,702,1231,Burlöv,937,Pendlingskommun nära storstad,29,4,2137,377680,6165466,5219.993824,1161958.819,269.1603196347032,681.7999999999998,190.575,257.5,337.9,440.70499999999987,96.60591827838476
1231C1090,703,1231,Burlöv,981,Pendlingskommun nära storstad,29,4,2195,385764,6168045,8550.914183,2192367.237,281.21431506849314,738.4999999999997,202.50000000000003,267.90000000000003,349.29999999999995,454.9999999999998,98.00576097482785
1231C1100,704,1231,Burlöv,996,Pendlingskommun nära storstad,29,4,2133,377680,6165466,4153.624495,936106.6344,283.6073401826484,676.0999999999997,204.67500000000004,269.6,354.6249999999999,456.8149999999996,98.20115739335739
1270C1010,705,1270,Tomelilla,1240,Pendlingskommun nära mindre tätort,33,5,2357,433090,6157355,7231.95343,2024465.844,393.5099315068492,833.6999999999994,288.05,373.9999999999999,487.6249999999999,622.5149999999994,128.54229477248782
1270C1020,706,1270,Tomelilla,691,Pendlingskommun nära mindre tätort,33,5,1929,433090,6157355,2839.345692,516642.6904,213.94317351598173,552.1999999999996,152.5,199.50000000000006,268.5,355.5049999999999,78.04456375788436
1270C1030,707,1270,Tomelilla,477,Pendlingskommun nära mindre tätort,33,5,963,433090,6157355,2850.63332,551702.8318,164.41424657534247,652.9999999999997,111.57499999999999,152.8,207.70000000000005,293.4,70.54593484832799
1270C1040,708,1270,Tomelilla,1238,Pendlingskommun nära mindre tätort,33,5,2211,433090,6157355,28140.36388,16569879.68,368.7152739726027,826.0999999999995,274.00000000000006,340.34999999999997,455.9999999999998,586.1099999999997,117.44327498877632
1270A0010,709,1270,Tomelilla,1499,Pendlingskommun nära mindre tätort,33,5,2313,433090,6157355,82441.17758,144349035.9,464.6201027397259,988.0999999999992,344.29999999999995,434.9999999999999,576.4999999999998,728.2049999999992,146.52153064970602
1270A0020,710,1270,Tomelilla,1349,Pendlingskommun nära mindre tätort,33,5,2111,433090,6157355,55458.15933,86768988.87,408.16971461187205,847.2999999999996,304.275,378.7999999999999,502.02499999999964,649.8049999999995,129.99575256978224
1270A0030,711,1270,Tomelilla,1203,Pendlingskommun nära mindre tätort,33,5,1928,440802,6179703,73847.57621,145953251.1,362.6731849315068,791.6999999999995,267.40000000000003,334.55,451.1999999999998,577.3099999999996,118.22458174439882
1262C1020,712,1262,Lomma,846,Pendlingskommun nära storstad,29,4,1798,376617,6166264,4952.694826,1238015.366,227.60859589041092,563.4999999999997,163.50000000000003,211.00000000000003,283.70000000000005,375.6999999999999,81.14088146211537
1262C1010,713,1262,Lomma,690,Pendlingskommun nära storstad,29,4,1684,375989,6166436,17981.89345,9603863.449,203.11468036529678,614.3999999999997,140.70000000000002,191.3,257.0,342.3999999999999,78.2637733442069
1262C1030,714,1262,Lomma,775,Pendlingskommun nära storstad,29,4,1749,376617,6166264,7265.869919,2440401.171,212.86788812785392,656.8999999999997,152.0,199.20000000000005,268.20000000000005,350.69999999999993,77.2038341526485
1262C1040,715,1262,Lomma,823,Pendlingskommun nära storstad,29,4,1902,376617,6166264,3616.96185,700134.9599,217.9224086757991,525.2999999999997,156.97500000000002,202.00000000000003,271.99999999999994,361.6,77.89261649500898
1262C1050,716,1262,Lomma,1184,Pendlingskommun nära storstad,29,4,2536,375989,6166436,5076.394186,999465.132,312.3456735159817,669.8999999999996,229.20000000000005,287.45,387.29999999999984,507.4999999999998,105.04511149405528
1262C1060,717,1262,Lomma,908,Pendlingskommun nära storstad,29,4,2201,383970,6176664,3282.670088,640680.7932,236.3378767123288,548.3999999999997,170.8,218.00000000000006,295.92500000000007,389.5049999999998,82.84882275264893
1262C1070,718,1262,Lomma,1051,Pendlingskommun nära storstad,29,4,2328,383970,6176664,18267.06217,9001607.479,270.59176940639264,616.4999999999998,198.40000000000003,248.25000000000006,337.4249999999999,445.60499999999985,93.41593948836382
1262C1080,719,1262,Lomma,811,Pendlingskommun nära storstad,29,4,1692,375449,6178861,7927.103241,1829502.206,235.90849315068493,652.3999999999995,166.20000000000002,224.30000000000004,295.125,390.6099999999998,86.66339920487354
1262C1090,720,1262,Lomma,1120,Pendlingskommun nära storstad,29,4,2295,375449,6178861,7128.391811,2202176.291,296.9501141552511,670.6999999999996,216.97500000000002,274.6,369.6999999999999,486.80499999999967,101.67906787495072
1262C1100,721,1262,Lomma,1270,Pendlingskommun nära storstad,29,4,2508,375449,6178861,29808.43562,26482264.84,343.44474885844744,856.0999999999995,248.60000000000005,320.0,431.2999999999999,549.5099999999996,115.38741637543227
1262C1120,722,1262,Lomma,966,Pendlingskommun nära storstad,29,4,2093,375449,6178861,16224.80589,7397570.99,254.43325342465752,629.6999999999996,184.3,236.30000000000004,317.92499999999995,416.6199999999996,88.58135314784151
1262C1110,723,1262,Lomma,955,Pendlingskommun nära storstad,29,4,1935,375449,6178861,13272.44629,4580970.663,282.9783904109589,752.7999999999997,199.27500000000003,272.20000000000005,352.5999999999999,461.40999999999974,101.74916719186686
1261C1070,724,1261,Kävlinge,644,Pendlingskommun nära storstad,29,4,1694,381655,6183187,3658.648943,500337.3563,178.31768264840184,608.1999999999999,123.80000000000003,166.90000000000003,224.8,301.1,68.46404195370788
1261C1090,725,1261,Kävlinge,696,Pendlingskommun nära storstad,29,4,1321,381655,6183187,6482.039706,2166654.717,220.71227168949773,709.3999999999997,148.60000000000005,209.7,277.225,381.40499999999986,89.81046098831352
1261B2010,726,1261,Kävlinge,963,Pendlingskommun nära storstad,29,4,1890,375449,6178861,6016.077578,976326.7611,254.2897374429224,616.2999999999996,184.60000000000005,235.30000000000004,315.9,416.60499999999985,88.19813100357523
1261B2020,727,1261,Kävlinge,1171,Pendlingskommun nära storstad,29,4,2308,373816,6182905,5218.975917,1039003.851,301.3937442922374,646.0999999999998,220.90000000000003,275.80000000000007,373.125,492.0999999999998,100.99457609062235
1261C1010,728,1261,Kävlinge,830,Pendlingskommun nära storstad,29,4,1619,381655,6183187,8579.566146,4622723.587,215.4281506849315,510.5999999999998,156.00000000000003,199.25000000000003,268.425,358.69999999999993,76.02754566132874
1261B2040,729,1261,Kävlinge,887,Pendlingskommun nära storstad,29,4,1934,373816,6182905,10945.28764,4636478.487,251.55229452054795,639.9999999999995,177.97500000000002,237.40000000000003,315.79999999999995,413.40499999999986,90.45454378129165
1261B2030,730,1261,Kävlinge,1293,Pendlingskommun nära storstad,29,4,2377,373816,6182905,18779.50869,11065414.23,348.9391210045661,855.1999999999995,253.50000000000009,325.05,435.02499999999986,563.6999999999996,117.73681060209549
1261C1030,731,1261,Kävlinge,762,Pendlingskommun nära storstad,29,4,1689,381655,6183187,6084.082714,1226971.521,207.8053082191781,594.5999999999998,148.30000000000004,195.14999999999998,260.82500000000005,346.4399999999994,76.10098995197883
1261C1020,732,1261,Kävlinge,704,Pendlingskommun nära storstad,29,4,1417,381655,6183187,10308.92411,3998804.748,200.5076598173516,612.0999999999998,140.60000000000002,188.20000000000005,250.30000000000004,338.5049999999998,76.34722031319816
1261A0030,733,1261,Kävlinge,712,Pendlingskommun nära storstad,29,4,1127,390969,6183874,34148.71443,32574426.89,214.44063926940643,660.6999999999997,148.10000000000002,203.30000000000004,269.0,362.22499999999957,83.46126375373638
1261A0020,734,1261,Kävlinge,609,Pendlingskommun nära storstad,29,4,956,373816,6182905,64527.53587,36558822.76,163.12783105022834,458.29999999999967,115.9,151.85000000000002,205.525,272.8,60.59537630463193
1261C1040,735,1261,Kävlinge,591,Pendlingskommun nära storstad,29,4,1586,381655,6183187,11435.59452,2566474.109,152.8313356164384,385.1999999999999,109.0,141.70000000000002,189.7,257.7,56.287229466183355
1261C1050,736,1261,Kävlinge,771,Pendlingskommun nära storstad,29,4,1506,381655,6183187,6503.168864,1374700.4,202.83941780821922,515.8999999999999,145.70000000000002,188.2,254.00000000000009,337.29999999999995,72.81900835612207
1261C1060,737,1261,Kävlinge,693,Pendlingskommun nära storstad,29,4,1388,381655,6183187,8044.45954,1852393.737,188.04252283105023,580.0999999999997,134.3,174.65000000000003,235.22500000000002,313.10499999999996,69.20129791808692
1261C1080,738,1261,Kävlinge,1305,Pendlingskommun nära storstad,29,4,3041,381655,6183187,10271.62711,3188513.903,345.21011415525106,775.6999999999998,253.27500000000003,319.0,427.72499999999985,553.7099999999996,114.46870846626246
1261B2050,739,1261,Kävlinge,1414,Pendlingskommun nära storstad,29,4,2491,373816,6182905,14897.12009,8169657.83,373.82478310502273,793.8999999999995,274.07500000000005,344.5,464.5999999999998,600.4049999999996,123.50157663063742
1261A0010,740,1261,Kävlinge,402,Pendlingskommun nära storstad,29,4,669,370188,6180003,42363.51164,37878249.96,128.96986301369864,532.4999999999999,79.975,116.4,164.9,247.3099999999999,63.52601712250119
1261B2060,741,1261,Kävlinge,966,Pendlingskommun nära storstad,29,4,1759,374488,6187464,17313.88501,5303865.043,261.11682648401825,692.9999999999995,188.40000000000003,243.00000000000003,326.79999999999995,428.20499999999987,91.1401544811671
1261B2070,742,1261,Kävlinge,959,Pendlingskommun nära storstad,29,4,1698,374488,6187464,28843.67272,13696426.01,250.77809360730595,561.9999999999997,181.77500000000003,229.35000000000002,312.29999999999995,414.30499999999995,87.49219639735335
1266A0010,743,1266,Hörby,1154,Pendlingskommun nära större stad,25,3,1688,408706,6184429,40932.18402,73089849.23,274.2405593607306,704.0999999999997,195.20000000000005,254.35000000000002,345.0999999999999,451.1049999999996,97.86955365672785
1266A0020,744,1266,Hörby,736,Pendlingskommun nära större stad,25,3,1157,435014,6191255,48246.83608,97038697.79,185.9344292237443,619.1999999999996,126.5,174.00000000000003,236.12500000000003,321.20000000000005,76.00537871027663
1266A0030,745,1266,Hörby,598,Pendlingskommun nära större stad,25,3,928,416947,6190685,43208.21548,52679522.01,145.2636187214612,501.3,98.20000000000002,134.3,184.72500000000002,255.20000000000005,60.210388033809764
1266C1010,746,1266,Hörby,840,Pendlingskommun nära större stad,25,3,1623,416947,6190685,12947.86982,6348051.607,194.8795890410959,517.4999999999997,138.10000000000002,181.50000000000003,243.20000000000005,331.3,72.66954179790244
1266C1040,747,1266,Hörby,810,Pendlingskommun nära större stad,25,3,1931,416947,6190685,7042.531034,2557852.698,192.2828881278539,529.3999999999997,134.60000000000002,179.35000000000002,242.12500000000003,326.50499999999994,73.6566721227978
1266C1020,748,1266,Hörby,1098,Pendlingskommun nära större stad,25,3,2448,416947,6190685,10925.93598,5907810.467,265.2389155251142,691.3999999999997,189.6,249.15000000000003,332.19999999999993,434.50999999999965,93.775527479317
1266C1030,749,1266,Hörby,1043,Pendlingskommun nära större stad,25,3,2074,416947,6190685,15797.94215,6577904.404,251.1762328767123,647.4999999999998,177.675,235.85000000000005,315.32500000000005,413.60499999999985,90.30988674930511
1266A0040,750,1266,Hörby,647,Pendlingskommun nära större stad,25,3,1031,416947,6190685,50225.9774,78574868.92,147.1643378995434,350.2999999999999,105.1,137.8,185.4,250.00999999999993,55.0056573693771
1266B2010,751,1266,Hörby,876,Pendlingskommun nära större stad,25,3,1484,416947,6190685,18582.25831,10847200.68,200.2050456621005,465.7999999999997,144.6,184.50000000000003,250.52500000000006,333.99999999999994,71.95760239640951
1266A0050,752,1266,Hörby,869,Pendlingskommun nära större stad,25,3,1354,416947,6190685,61888.80371,101209872.4,209.27445205479452,537.1999999999997,147.60000000000002,195.2,263.90000000000003,352.5099999999998,78.57310592279246
1214B2010,753,1214,Svalöv,941,Pendlingskommun nära större stad,25,3,1986,380660,6195857,9256.934335,6050253.142,222.80947488584476,565.7999999999996,157.07500000000005,207.65000000000003,280.1,370.00499999999994,81.42177859538748
1214B4010,754,1214,Svalöv,641,Pendlingskommun nära större stad,25,3,1125,380660,6195857,12467.25815,7752814.582,153.26914383561646,442.7999999999997,105.70000000000002,141.85000000000002,193.1,264.4099999999999,61.12731683000481
1214A0010,755,1214,Svalöv,687,Pendlingskommun nära större stad,25,3,968,380660,6195857,63079.8419,43497674.63,166.87194063926944,549.3999999999999,116.1,155.9,210.00000000000003,284.5,66.17153352256611
1214C1020,756,1214,Svalöv,949,Pendlingskommun nära större stad,25,3,2171,380660,6195857,14587.72912,5687529.926,234.44703196347032,633.1999999999996,162.90000000000003,220.00000000000006,297.1,392.8099999999999,88.52054435432397
1214C1010,757,1214,Svalöv,965,Pendlingskommun nära större stad,25,3,2111,380660,6195857,9326.968162,3217511.033,238.27160958904108,600.6999999999997,167.20000000000002,224.30000000000004,301.1,396.4049999999999,87.67291713162025
1214A0020,758,1214,Svalöv,1135,Pendlingskommun nära större stad,25,3,1844,380660,6195857,82567.4791,108045756.4,276.67335616438356,826.9999999999997,195.50000000000003,261.20000000000005,347.8999999999999,454.90499999999986,100.12135133862522
1214B3010,759,1214,Svalöv,876,Pendlingskommun nära större stad,25,3,1617,380660,6195857,10328.18782,7573193.991,196.7178082191781,497.5999999999998,140.8,181.40000000000003,245.60000000000002,330.8049999999999,72.13699958237328
1214A0040,760,1214,Svalöv,599,Pendlingskommun nära större stad,25,3,1099,404851,6200662,25578.03308,26767659.8,155.8088812785388,596.3999999999999,104.5,145.0,197.2,277.0199999999997,68.08171927034012
1214A0030,761,1214,Svalöv,1035,Pendlingskommun nära större stad,25,3,1545,385246,6220091,112841.087,181453587.0,234.3638698630137,552.3999999999997,169.4,216.6,293.4,388.10499999999996,82.68268718694016
1267A0010,762,1267,Höör,1014,Pendlingskommun nära mindre tätort,33,5,1666,408706,6184429,50954.64097,79314511.82,318.28097031963466,744.3999999999995,232.2,300.8,394.9749999999999,505.10499999999985,105.44544664979526
1267C1060,763,1267,Höör,1075,Pendlingskommun nära mindre tätort,33,5,2116,404851,6200662,36393.53739,18097419.16,320.34826484018265,711.5999999999995,236.175,296.5,395.5999999999999,518.7099999999997,106.1177910617157
1267C1010,764,1267,Höör,1119,Pendlingskommun nära mindre tätort,33,5,1909,404851,6200662,33860.18425,18721598.54,327.9548173515981,699.0999999999996,242.30000000000004,300.5,405.9999999999999,529.3049999999996,108.98896858424318
1267C1020,765,1267,Höör,1007,Pendlingskommun nära mindre tätort,33,5,2301,404851,6200662,6933.3496,2328515.729,315.59391552511414,805.3999999999994,229.10000000000005,298.20000000000005,392.625,504.6999999999997,106.18433413125797
1267C1030,766,1267,Höör,925,Pendlingskommun nära mindre tätort,33,5,1996,404851,6200662,8919.461757,1833937.482,283.53004566210046,650.4999999999995,206.40000000000003,264.70000000000005,354.1,460.0999999999999,96.66276550674985
1267C1050,767,1267,Höör,856,Pendlingskommun nära mindre tätort,33,5,2225,404851,6200662,5926.426211,1195284.976,258.21479452054797,656.4999999999995,188.3,240.1,319.525,422.10499999999996,88.51887415389963
1267C1040,768,1267,Höör,1028,Pendlingskommun nära mindre tätort,33,5,2183,404851,6200662,9840.704798,4158997.082,321.84957762557076,780.1999999999995,235.60000000000005,303.4,399.19999999999993,513.5049999999998,106.0598174909994
1267C1070,769,1267,Höör,576,Pendlingskommun nära mindre tätort,33,5,988,418693,6205881,18605.7973,13096269.53,173.632397260274,503.79999999999984,126.0,162.40000000000003,215.45000000000002,288.205,62.96699770556204
1267A0020,770,1267,Höör,1235,Pendlingskommun nära mindre tätort,33,5,1913,404851,6200662,110611.1137,182462549.8,369.6290182648401,817.6999999999995,274.3,342.7999999999999,457.4999999999998,589.3149999999995,118.91821833257373
1260B2010,771,1260,Bjuv,1123,Pendlingskommun nära större stad,25,3,1937,368329,6216038,31977.80665,21304761.22,270.5413470319634,718.7999999999996,192.9,254.75000000000006,340.0999999999999,439.2999999999998,95.32325259227406
1260A0010,772,1260,Bjuv,1011,Pendlingskommun nära större stad,25,3,1757,368329,6216038,25250.83012,12731525.32,240.97850456621006,654.3999999999996,170.30000000000004,225.1,303.1,398.5099999999998,87.57374390392702
1260A0020,773,1260,Bjuv,1002,Pendlingskommun nära större stad,25,3,2342,368329,6216038,22810.1623,18641048.57,247.8057762557077,815.6999999999997,174.50000000000003,235.00000000000003,311.8999999999999,410.0049999999997,91.25604663381964
1260C1010,774,1260,Bjuv,980,Pendlingskommun nära större stad,25,3,1804,368329,6216038,18361.80175,8120171.838,241.2433904109589,635.0999999999998,169.20000000000002,228.3,303.325,400.3099999999998,88.90077462477561
1260A0030,775,1260,Bjuv,1239,Pendlingskommun nära större stad,25,3,2002,371588,6221705,35499.40878,41488665.3,291.8547146118721,692.8999999999995,210.00000000000003,272.8,364.0999999999999,479.6999999999998,101.65034915767826
1260C1020,776,1260,Bjuv,723,Pendlingskommun nära större stad,25,3,1814,368329,6216038,8968.709165,2808010.251,172.26839041095892,492.79999999999984,119.9,159.60000000000002,216.90000000000003,294.805,66.58433733587056
1260C1030,777,1260,Bjuv,1074,Pendlingskommun nära större stad,25,3,1941,368329,6216038,9297.996952,3898592.096,261.8710502283105,678.9999999999997,184.6,247.40000000000003,329.5999999999999,434.8099999999997,94.99097324534443
1260C1040,778,1260,Bjuv,1171,Pendlingskommun nära större stad,25,3,2465,371588,6221705,16936.45821,7556811.049,298.84211187214606,805.2999999999996,213.10000000000002,283.65,375.29999999999984,486.0049999999996,107.02922586083547
1277C1040,779,1277,Åstorp,544,Pendlingskommun nära större stad,25,3,1640,371588,6221705,3100.418724,423270.1708,131.0308219178082,462.39999999999975,90.2,120.0,166.3,231.7,54.60403174600195
1277B3010,780,1277,Åstorp,1081,Pendlingskommun nära större stad,25,3,2062,385246,6220091,13489.40322,9426229.56,252.65586757990866,643.1999999999997,181.10000000000005,234.75000000000006,316.1,418.6099999999997,90.2447852625625
1277B2010,781,1277,Åstorp,1335,Pendlingskommun nära större stad,25,3,2567,368329,6216038,17144.97641,10377055.8,312.94796803652963,737.7999999999997,225.40000000000003,290.75,391.4999999999999,509.2149999999996,107.8327744498706
1277C1020,782,1277,Åstorp,756,Pendlingskommun nära större stad,25,3,1574,371588,6221705,7666.276506,2888151.763,177.14486301369863,521.9999999999997,126.1,163.75000000000003,221.22500000000002,300.5099999999999,66.16157264116953
1277C1050,783,1277,Åstorp,802,Pendlingskommun nära större stad,25,3,2050,371588,6221705,3635.291466,602462.0381,186.60342465753428,552.0999999999998,131.90000000000003,171.70000000000005,234.62500000000006,314.01499999999976,70.07473787913725
1277C1010,784,1277,Åstorp,478,Pendlingskommun nära större stad,25,3,865,371588,6221705,17233.2527,7790505.765,115.40771689497718,393.19999999999993,79.275,105.95000000000002,145.3,207.20499999999998,49.760907762580814
1277C1030,785,1277,Åstorp,1137,Pendlingskommun nära större stad,25,3,2086,371588,6221705,11091.36062,5623028.714,288.04867579908677,721.5999999999996,204.80000000000004,276.5,360.025,468.70999999999964,101.63189089674212
1277C1070,786,1277,Åstorp,771,Pendlingskommun nära större stad,25,3,1642,371588,6221705,8408.488843,1513818.267,181.8745890410959,505.89999999999975,127.10000000000002,168.0,228.1,305.7049999999999,68.91355133209052
1277C1060,787,1277,Åstorp,535,Pendlingskommun nära större stad,25,3,1092,371588,6221705,13636.67458,3262330.795,147.33634703196347,547.8999999999999,94.1,136.10000000000002,187.80000000000004,275.7,68.93174103026998
1277A0010,788,1277,Åstorp,518,Pendlingskommun nära större stad,25,3,763,371588,6221705,57724.59905,51153540.56,146.54343607305935,685.6999999999999,91.3,134.15,185.7,280.10499999999996,71.89268098997478
