,Unnamed: 0,Kommun,Kommunnamn,Antal Bilar,Kommungrupp 2023,Travel (km),Travel +-,Boende totalt Antal,E,N,geom_Length,geom_Area,mean,max,25%,50%,75%,95%,std
1256B2010,0,1256,Östra Göinge,987,Pendlingskommun nära större stad,25,3,1841,445761,6217713,13978.89566,6141834.196,233.7989611872146,801.5999999999997,86.50000000000001,186.05000000000004,355.525,559.4049999999996,170.81690709856295
1256B2020,1,1256,Östra Göinge,726,Pendlingskommun nära större stad,25,3,1586,445761,6217713,14850.78086,5233374.127,180.59764840182646,707.1999999999998,65.7,145.70000000000002,275.75000000000006,426.80499999999995,132.70193073835472
1256A0010,2,1256,Östra Göinge,848,Pendlingskommun nära större stad,25,3,1291,456053,6226593,51525.97718,84292069.75,200.73691780821918,750.1999999999997,74.625,160.20000000000002,306.725,480.60499999999973,148.44218876245182
1256C1010,3,1256,Östra Göinge,772,Pendlingskommun nära större stad,25,3,1563,434578,6220850,10090.53058,4741871.03,182.85351598173517,829.3999999999997,65.7,144.8,282.025,437.20499999999987,135.64257240037918
1256C1020,4,1256,Östra Göinge,803,Pendlingskommun nära större stad,25,3,1866,456053,6226593,14110.13174,9377031.065,219.97970319634703,879.8999999999999,82.1,187.0,332.82500000000005,507.4049999999999,158.03210265620893
1256A0020,5,1256,Östra Göinge,531,Pendlingskommun nära större stad,25,3,842,445761,6217713,90670.35047,114111077.8,141.4705251141553,597.3,49.4,113.4,216.75,347.5,107.94440406075279
1256B4010,6,1256,Östra Göinge,666,Pendlingskommun nära större stad,25,3,1412,456053,6226593,10096.14553,6892427.453,152.70343607305935,518.3999999999996,57.7,120.0,231.625,372.61499999999967,114.48551904433083
1256B3010,7,1256,Östra Göinge,746,Pendlingskommun nära större stad,25,3,1606,456053,6226593,11892.70539,8794835.272,193.4045205479452,733.4999999999999,69.0,158.05,298.0,452.22499999999974,140.98824587753253
1256A0030,8,1256,Östra Göinge,713,Pendlingskommun nära större stad,25,3,1175,456053,6226593,143494.674,206595005.7,175.90867579908675,710.5999999999998,64.67499999999998,141.60000000000002,271.5,421.5999999999998,130.2932800859525
1256B5010,9,1256,Östra Göinge,678,Pendlingskommun nära större stad,25,3,1395,445761,6217713,10172.88823,6805662.113,183.93654109589042,751.6999999999999,65.3,152.75,280.625,431.10999999999973,134.61516752717864
1292A0010,10,1292,Ängelholm,572,Pendlingskommun nära större stad,25,3,850,371588,6221705,49384.44068,35214126.77,137.47729452054796,630.1,49.8,108.8,212.20000000000005,333.80499999999995,104.25025642459634
1292C1050,11,1292,Ängelholm,755,Pendlingskommun nära större stad,25,3,1632,370107,6235579,3598.21154,498506.3608,206.04649543379,739.1999999999998,76.10000000000001,174.3,312.04999999999995,480.40499999999986,147.79729929768862
1292C1010,12,1292,Ängelholm,1022,Pendlingskommun nära större stad,25,3,2144,370107,6235579,13113.74194,6908911.022,242.29759132420085,918.6999999999996,89.3,194.95000000000005,370.9999999999999,575.1999999999998,176.8313129155675
1292C1020,13,1292,Ängelholm,1155,Pendlingskommun nära större stad,25,3,2434,370107,6235579,8501.286884,3410944.578,297.96666666666664,1041.7999999999995,113.25,250.60000000000005,452.19999999999993,691.7049999999995,211.25892661173742
1292C1040,14,1292,Ängelholm,1070,Pendlingskommun nära större stad,25,3,2509,370107,6235579,5576.125649,1308595.032,250.244703196347,877.4999999999995,90.7,199.05,381.6499999999999,603.0049999999994,184.92160699145273
1292C1090,15,1292,Ängelholm,585,Pendlingskommun nära större stad,25,3,1429,370107,6235579,1837.65162,191159.0625,179.31125570776257,1007.3,61.3,152.60000000000002,273.29999999999995,422.2099999999999,133.84045900100463
1292C1080,16,1292,Ängelholm,837,Pendlingskommun nära större stad,25,3,1924,370107,6235579,7098.341569,2071864.395,211.8464497716895,810.0999999999998,75.675,172.85000000000002,324.65,504.50499999999994,155.05170076752347
1292A0020,17,1292,Ängelholm,843,Pendlingskommun nära större stad,25,3,1324,370107,6235579,58084.21866,65466239.35,194.0048173515982,683.6999999999997,71.8,151.65,297.525,469.8,145.02063628214304
1292C1060,18,1292,Ängelholm,1073,Pendlingskommun nära större stad,25,3,2407,370107,6235579,11985.5463,4733020.103,254.20660958904102,884.8999999999995,94.0,202.25,387.2,602.8099999999996,184.82745785028035
1292B2010,19,1292,Ängelholm,1164,Pendlingskommun nära större stad,25,3,2239,370107,6235579,9286.87674,4168882.324,268.0182077625571,859.6999999999997,97.275,211.7,414.675,647.2099999999996,198.13064508714123
1292C1100,20,1292,Ängelholm,957,Pendlingskommun nära större stad,25,3,2013,370107,6235579,9690.763159,3862202.115,239.8636415525114,892.7999999999996,90.00000000000001,197.50000000000003,364.325,560.4999999999998,172.34737916127443
1292C1120,21,1292,Ängelholm,950,Pendlingskommun nära större stad,25,3,1891,370107,6235579,5405.331492,891762.8237,235.57923515981733,897.2999999999995,87.1,191.75000000000003,359.82500000000005,554.0099999999996,170.7467315047139
1292C1110,22,1292,Ängelholm,1136,Pendlingskommun nära större stad,25,3,2291,370107,6235579,15677.97155,6256291.692,274.9158675799086,947.8999999999996,104.5,222.64999999999998,418.85,644.0999999999996,197.50872797662478
1292B2020,23,1292,Ängelholm,979,Pendlingskommun nära större stad,25,3,1776,370107,6235579,16458.11336,10553212.08,248.39486301369863,932.5999999999996,91.35000000000001,203.55,379.225,579.0999999999997,178.8123191663623
1292C1150,24,1292,Ängelholm,1213,Pendlingskommun nära större stad,25,3,2317,363373,6251148,10619.38703,4335909.873,278.08063926940633,912.3999999999996,102.3,218.15000000000003,427.29999999999984,666.4049999999995,204.20011682297584
1292C1130,25,1292,Ängelholm,852,Pendlingskommun nära större stad,25,3,1582,370107,6235579,12533.09858,6307346.679,231.29739726027395,1121.1,83.7,193.95000000000005,350.875,541.7099999999998,167.74769641298138
1292C1140,26,1292,Ängelholm,1115,Pendlingskommun nära större stad,25,3,1994,370107,6235579,20394.90274,10827585.92,263.54800228310495,875.3999999999994,98.275,211.20000000000002,403.79999999999995,623.8999999999996,191.18318082848577
1292B3010,27,1292,Ängelholm,555,Pendlingskommun nära större stad,25,3,1043,370107,6235579,10899.22495,5627930.396,147.14061643835618,681.8999999999999,53.3,119.8,225.62500000000003,351.00499999999994,109.1987316523522
1292A0040,28,1292,Ängelholm,1195,Pendlingskommun nära större stad,25,3,1805,370107,6235579,77389.00945,83920247.62,279.86672374429213,991.9999999999994,102.1,223.60000000000002,426.8249999999998,670.4999999999995,205.58630942588465
1292B3020,29,1292,Ängelholm,570,Pendlingskommun nära större stad,25,3,941,363373,6251148,14177.03153,11318671.75,136.64148401826486,527.4999999999998,49.9,107.80000000000001,213.625,330.40999999999985,102.9415655222474
1292A0030,30,1292,Ängelholm,1515,Pendlingskommun nära större stad,25,3,2341,386632,6241761,75983.08729,164885951.7,346.47529680365284,1137.0999999999997,128.20000000000002,273.30000000000007,536.0999999999997,819.2049999999992,251.9797705783313
1292C1030,31,1292,Ängelholm,807,Pendlingskommun nära större stad,25,3,2126,370107,6235579,2292.380435,318973.5964,187.35779680365295,665.4999999999997,68.6,149.0,286.9,451.1099999999998,138.89742296098765
1292C1070,32,1292,Ängelholm,728,Pendlingskommun nära större stad,25,3,1770,370107,6235579,2634.079013,266019.0324,178.43583333333336,700.8999999999999,64.8,142.0,274.75000000000006,426.1999999999998,132.94671580480326
1292B4010,33,1292,Ängelholm,784,Pendlingskommun nära större stad,25,3,1486,359885,6226823,12774.70585,8185387.039,183.68445205479452,679.3999999999995,68.3,144.60000000000002,279.325,443.5049999999998,137.10962512785994
1293A0030,34,1293,Hässleholm,955,Lågpendlingskommun nära större stad,31,6,1499,434578,6220850,83858.78344,118562815.9,275.44890410958897,905.5999999999996,107.20000000000002,221.14999999999998,420.29999999999984,644.9999999999997,195.23705533515465
1293A0060,35,1293,Hässleholm,813,Lågpendlingskommun nära större stad,31,6,1297,424130,6226656,72334.92,100478356.1,244.54285388127846,856.9999999999999,95.9,199.90000000000003,373.7750000000001,559.2999999999996,171.25411486724164
1293B7010,36,1293,Hässleholm,869,Lågpendlingskommun nära större stad,31,6,1819,419121,6239024,12780.41344,10828804.09,256.3964840182648,930.7999999999996,100.6,207.3,391.725,595.5099999999996,181.20004475109766
1293B4010,37,1293,Hässleholm,669,Lågpendlingskommun nära större stad,31,6,1376,419121,6239024,13631.80483,7880684.796,188.08535388127854,709.2999999999997,72.6,148.2,287.65,443.8999999999998,136.0156366431864
1293A0050,38,1293,Hässleholm,888,Lågpendlingskommun nära större stad,31,6,1263,424130,6226656,64854.64398,78902017.2,283.03356164383564,1036.4,110.475,238.10000000000002,429.25,639.8099999999994,195.8633249923263
1293A0040,39,1293,Hässleholm,846,Lågpendlingskommun nära större stad,31,6,1369,415506,6226559,83759.97024,180278967.9,238.54119863013696,827.5999999999993,93.2,188.10000000000002,365.5,564.1049999999998,171.55488000544764
1293B4020,40,1293,Hässleholm,844,Lågpendlingskommun nära större stad,31,6,1583,419121,6239024,15921.85948,7878433.721,238.32381278538807,797.0999999999997,92.95,188.35000000000002,367.32499999999993,564.6149999999994,171.664969551312
1293A0070,41,1293,Hässleholm,631,Lågpendlingskommun nära större stad,31,6,905,419121,6239024,67798.83077,113163904.9,177.7998287671233,661.5999999999999,67.3,141.55,273.85,421.1099999999998,128.59282944136515
1293B6010,42,1293,Hässleholm,893,Lågpendlingskommun nära större stad,31,6,1855,419121,6239024,17477.23551,14271834.95,252.50431506849313,819.1999999999995,100.0,203.00000000000003,386.825,586.4349999999991,178.78225683093544
1293A0080,43,1293,Hässleholm,851,Lågpendlingskommun nära större stad,31,6,1218,404987,6247646,103678.503,219266346.9,236.57378995433785,801.9999999999995,91.20000000000002,185.5,362.0999999999999,560.1999999999997,169.99783866720534
1293B5010,44,1293,Hässleholm,826,Lågpendlingskommun nära större stad,31,6,1904,418693,6205881,11519.67498,7941293.593,237.39215753424654,796.2999999999995,90.7,188.7,364.32499999999993,564.0049999999995,172.50778755765006
1293B3020,45,1293,Hässleholm,1059,Lågpendlingskommun nära större stad,31,6,1977,434578,6220850,5399.730106,1317176.315,304.06930365296796,1017.2999999999996,117.17500000000004,244.30000000000004,461.5499999999998,715.0049999999995,217.20489015725684
1293B3010,46,1293,Hässleholm,638,Lågpendlingskommun nära större stad,31,6,1127,434578,6220850,19117.16387,9427232.999,193.6950684931507,717.1999999999998,75.30000000000001,158.10000000000002,295.5,447.5149999999998,137.08472513852274
1293A0010,47,1293,Hässleholm,991,Lågpendlingskommun nära större stad,31,6,1555,418693,6205881,86098.48096,169559367.9,286.7834817351598,975.7999999999994,109.50000000000003,230.6,442.3999999999999,667.6999999999996,204.33972809431347
1293B3030,48,1293,Hässleholm,545,Lågpendlingskommun nära större stad,31,6,1182,434578,6220850,10630.11381,4736684.324,163.14594748858448,718.0999999999998,61.7,131.3,249.62500000000006,384.0999999999999,118.57603492472526
1293B8010,49,1293,Hässleholm,633,Lågpendlingskommun nära större stad,31,6,1166,424130,6226656,9960.822656,6706767.123,183.5003082191781,668.0999999999999,72.175,147.0,279.42499999999995,431.19999999999976,130.8508328855924
1293C1020,50,1293,Hässleholm,701,Lågpendlingskommun nära större stad,31,6,1453,424130,6226656,3630.794508,763748.5992,203.9028424657534,764.8999999999997,77.4,161.85000000000002,312.22499999999997,478.20499999999987,146.47123697353481
1293C1010,51,1293,Hässleholm,921,Lågpendlingskommun nära större stad,31,6,1986,424130,6226656,7140.349967,2587427.51,261.46812785388124,821.6999999999997,101.5,209.8,400.79999999999984,608.8249999999992,186.1816503583607
1293C1030,52,1293,Hässleholm,503,Lågpendlingskommun nära större stad,31,6,1226,424130,6226656,2813.309541,411161.7193,146.22503424657535,525.4999999999995,54.7,116.45000000000002,226.22500000000005,345.8999999999999,107.13201304985915
1293C1050,53,1293,Hässleholm,720,Lågpendlingskommun nära större stad,31,6,2078,424130,6226656,2023.343965,210811.9218,203.73351598173514,682.9999999999997,79.5,161.1,311.1,481.10499999999985,146.07656562716002
1293C1060,54,1293,Hässleholm,586,Lågpendlingskommun nära större stad,31,6,1540,424130,6226656,1995.034892,256926.0966,168.20534246575343,741.6999999999998,65.19999999999999,133.9,256.40000000000003,397.90499999999986,121.73006888682916
1293C1040,55,1293,Hässleholm,624,Lågpendlingskommun nära större stad,31,6,1897,424130,6226656,5760.012121,1235899.404,177.30859589041097,714.6999999999997,68.3,141.60000000000002,270.3,417.8999999999999,127.71843225796482
1293B2010,56,1293,Hässleholm,673,Lågpendlingskommun nära större stad,31,6,1518,415506,6226559,8759.564862,3887082.342,205.36220319634702,802.8999999999997,78.9,167.50000000000003,313.025,473.9999999999999,145.40637464171138
1293C1090,57,1293,Hässleholm,925,Lågpendlingskommun nära större stad,31,6,1885,424130,6226656,5670.087016,1165507.184,264.99353881278535,859.4999999999995,100.57499999999999,210.90000000000003,407.7249999999999,626.1149999999993,190.95232269216854
1293B2020,58,1293,Hässleholm,887,Lågpendlingskommun nära större stad,31,6,1703,415506,6226559,9248.66542,4525803.843,251.14594748858443,890.1999999999996,97.7,198.35000000000002,384.3999999999999,587.4999999999995,178.76930674581712
1293C1110,59,1293,Hässleholm,687,Lågpendlingskommun nära större stad,31,6,1494,424130,6226656,4744.549475,1062553.716,204.18371004566208,786.9999999999997,78.7,163.70000000000002,311.625,478.0049999999998,147.4962127205874
1293C1100,60,1293,Hässleholm,600,Lågpendlingskommun nära större stad,31,6,1699,424130,6226656,5278.621212,1288908.932,185.01463470319635,740.2999999999998,68.9,151.70000000000002,282.32500000000005,436.3999999999999,134.40602693253126
1293B2030,61,1293,Hässleholm,822,Lågpendlingskommun nära större stad,31,6,1634,415506,6226559,10683.17614,4695864.135,237.57097031963465,828.3999999999994,92.60000000000002,191.85000000000002,360.42499999999995,555.8999999999996,169.1083088966562
1293C1130,62,1293,Hässleholm,841,Lågpendlingskommun nära större stad,31,6,1653,424130,6226656,8074.879582,2172592.145,235.75439497716891,820.2999999999997,90.6,186.10000000000002,360.6999999999999,556.1999999999996,169.4158982290587
1293C1120,63,1293,Hässleholm,928,Lågpendlingskommun nära större stad,31,6,2239,424130,6226656,16663.63832,6304617.336,264.2966438356164,866.6999999999995,101.4,211.20000000000005,404.8999999999999,622.5999999999996,189.97775008115187
1293C1070,64,1293,Hässleholm,1181,Lågpendlingskommun nära större stad,31,6,2191,415506,6226559,22349.04856,17429678.68,326.77777397260263,1033.999999999999,125.87500000000001,257.5,504.1249999999998,768.7049999999994,234.34236888058086
1293C1080,65,1293,Hässleholm,791,Lågpendlingskommun nära större stad,31,6,1460,424130,6226656,24762.20873,14420274.5,228.3821232876712,792.1999999999998,87.30000000000001,182.75,347.8999999999999,538.9049999999995,163.85457238225143
1293A0020,66,1293,Hässleholm,1057,Lågpendlingskommun nära större stad,31,6,1618,415506,6226559,96310.16251,199249262.3,298.7477168949771,1098.9999999999995,118.00000000000003,234.40000000000003,453.52499999999986,702.5049999999995,211.78971994074962
1284C1060,67,1284,Höganäs,986,Pendlingskommun nära större stad,25,3,2375,350848,6229734,10286.15148,4364460.001,240.76130136986296,874.4999999999997,90.2,194.2,369.92499999999995,563.7049999999995,173.8427687659644
1284C1070,68,1284,Höganäs,1036,Pendlingskommun nära större stad,25,3,2222,350848,6229734,13805.27513,6291504.313,244.62450913242006,1036.5999999999997,92.70000000000002,196.40000000000003,374.8,577.7999999999998,177.31761907639827
1284C1080,69,1284,Höganäs,766,Pendlingskommun nära större stad,25,3,1969,350848,6229734,2977.526775,501038.1765,180.03624429223746,765.7999999999996,67.8,141.20000000000002,274.70000000000005,432.79999999999984,134.0324176486999
1284C1090,70,1284,Höganäs,913,Pendlingskommun nära större stad,25,3,2078,350848,6229734,6449.478215,1733130.846,208.3560616438356,722.8999999999995,76.10000000000001,162.50000000000003,317.94999999999993,509.3999999999997,155.94273205141158
1284C1110,71,1284,Höganäs,728,Pendlingskommun nära större stad,25,3,1410,350848,6229734,11258.8781,6598226.036,174.12667808219177,683.4999999999998,64.3,136.90000000000003,265.82500000000005,422.0049999999998,130.09171570193263
1284C1100,72,1284,Höganäs,893,Pendlingskommun nära större stad,25,3,1913,350848,6229734,13799.53449,7473424.956,211.22263698630135,828.8999999999997,78.30000000000001,167.70000000000005,321.29999999999995,510.3049999999997,155.98530573308798
1284B2010,73,1284,Höganäs,526,Pendlingskommun nära större stad,25,3,1006,350848,6229734,7965.24823,2850033.235,125.56534246575345,516.3000000000001,46.7,98.35,190.60000000000002,305.8,95.00098204525008
1284A0010,74,1284,Höganäs,1066,Pendlingskommun nära större stad,25,3,1687,350848,6229734,54334.19502,52617118.59,247.68767123287665,843.3999999999995,92.8,197.10000000000005,379.625,591.8149999999996,181.64628168068293
1284C1120,75,1284,Höganäs,1041,Pendlingskommun nära större stad,25,3,1910,350848,6229734,11312.64396,7583939.651,246.48972602739727,881.9999999999998,90.6,198.1,375.1499999999999,591.0049999999997,180.78941360495247
1284A0030,76,1284,Höganäs,522,Pendlingskommun nära större stad,25,3,761,350848,6229734,21983.38814,25802575.54,136.24304794520552,697.4000000000001,49.5,111.0,206.5,330.5999999999999,102.61195338879696
1284B2020,77,1284,Höganäs,800,Pendlingskommun nära större stad,25,3,1322,350848,6229734,14486.83208,7182515.764,191.30141552511415,741.3999999999999,69.1,152.10000000000002,292.825,460.5049999999997,142.33952033922014
1284A0020,78,1284,Höganäs,953,Pendlingskommun nära större stad,25,3,1510,350848,6229734,44375.40854,52411493.9,230.09686073059356,955.7999999999996,83.875,185.8,351.65000000000003,543.4199999999996,167.458385007751
1284C1010,79,1284,Höganäs,663,Pendlingskommun nära större stad,25,3,1274,350848,6229734,7726.768028,2574671.399,156.4434474885845,735.3999999999999,57.8,122.05,239.4250000000001,379.4,116.79730751520005
1284C1020,80,1284,Höganäs,1135,Pendlingskommun nära större stad,25,3,2454,350848,6229734,7608.66501,2855056.961,265.9221689497716,917.8999999999996,101.4,210.85000000000002,408.9749999999999,630.4999999999997,192.54667564265455
1284C1030,81,1284,Höganäs,752,Pendlingskommun nära större stad,25,3,1416,350848,6229734,8141.007748,3756679.627,194.62736301369858,810.6999999999999,71.4,159.05,296.4,461.80999999999983,142.57224468277778
1284C1040,82,1284,Höganäs,562,Pendlingskommun nära större stad,25,3,1150,350848,6229734,5454.981278,1305308.08,153.01113013698634,722.0,53.8,126.90000000000002,233.925,363.52499999999964,113.85476466741024
1284C1050,83,1284,Höganäs,809,Pendlingskommun nära större stad,25,3,1646,350848,6229734,5335.929902,1252212.368,209.35385844748856,831.0999999999998,76.775,172.60000000000002,319.22499999999997,493.0999999999995,152.81030986623213
1276B3010,84,1276,Klippan,1166,Pendlingskommun nära större stad,25,3,1999,385246,6220091,17428.14452,12344716.97,290.82180365296796,1159.7999999999995,109.4,237.6,443.1249999999999,677.9049999999996,208.64304621705057
1276A0030,85,1276,Klippan,911,Pendlingskommun nära större stad,25,3,1414,385246,6220091,91884.8063,118003621.4,232.65659817351596,1079.5999999999997,87.0,189.40000000000003,353.025,546.9049999999997,168.37944147730036
1276B2010,86,1276,Klippan,1299,Pendlingskommun nära större stad,25,3,2341,385246,6220091,15294.16233,13294869.61,321.5380707762556,1035.4999999999995,123.775,260.3,490.2249999999998,756.5049999999995,229.15801186673903
1276A0020,87,1276,Klippan,628,Pendlingskommun nära större stad,25,3,961,385246,6220091,38605.07529,46547358.97,212.20803652968036,936.8,76.375,188.64999999999998,316.025,489.30000000000007,152.93942143198908
1276A0010,88,1276,Klippan,1121,Pendlingskommun nära större stad,25,3,1663,399357,6222747,81540.81118,171131371.4,286.8285958904109,981.4999999999998,110.3,236.60000000000005,434.39999999999986,666.1049999999994,204.7228105831107
1276C1010,89,1276,Klippan,1199,Pendlingskommun nära större stad,25,3,2607,385246,6220091,12223.76101,6127003.168,299.39295662100443,1096.0999999999997,112.47500000000001,244.7,454.0,702.2099999999995,213.75386039619536
1276C1050,90,1276,Klippan,629,Pendlingskommun nära större stad,25,3,1520,385246,6220091,12529.77555,3486662.649,176.20372146118723,737.5999999999999,61.2,147.85000000000002,268.29999999999995,417.805,130.6930505694169
1276C1020,91,1276,Klippan,969,Pendlingskommun nära större stad,25,3,2113,385246,6220091,8624.080161,3541966.317,236.36068493150682,890.6999999999995,88.4,192.30000000000004,360.025,552.9049999999997,171.17950873429294
1276C1030,92,1276,Klippan,884,Pendlingskommun nära större stad,25,3,1721,385246,6220091,4732.565502,1063412.138,220.37157534246572,916.0999999999996,82.10000000000001,179.65,333.92499999999995,519.0,159.95628482977145
1276C1040,93,1276,Klippan,926,Pendlingskommun nära större stad,25,3,1526,385246,6220091,10388.52188,5528911.558,229.72573059360727,850.8999999999995,85.4,187.05,350.6999999999999,544.2049999999996,166.74392811639623
1272A0010,94,1272,Bromölla,864,Pendlingskommun nära större stad,25,3,1369,468633,6214465,113377.2214,138313380.4,214.32147260273968,794.8999999999997,80.475,174.15000000000003,330.6,499.6049999999996,154.4877545638995
1272B3010,95,1272,Bromölla,828,Pendlingskommun nära större stad,25,3,1311,467296,6211062,23404.34637,22797781.92,220.62889269406392,912.1999999999996,82.275,185.5,336.875,511.40499999999986,157.86259114924678
1272C1010,96,1272,Bromölla,1277,Pendlingskommun nära större stad,25,3,2664,468633,6214465,20305.96414,11942954.76,324.88913242009124,1129.5999999999992,123.70000000000002,269.75,495.1999999999998,753.1049999999996,230.5362852421872
1272C1020,97,1272,Bromölla,1157,Pendlingskommun nära större stad,25,3,2467,468633,6214465,9433.768815,2649666.793,287.5038356164383,1031.4999999999995,107.775,233.20000000000005,443.325,674.3999999999996,207.09524663663035
1272C1030,98,1272,Bromölla,906,Pendlingskommun nära större stad,25,3,1800,468633,6214465,8466.567327,3196492.047,230.94649543378992,876.3999999999996,87.0,190.05,352.4,533.9999999999997,164.85017455061228
1272C1040,99,1272,Bromölla,842,Pendlingskommun nära större stad,25,3,1646,468633,6214465,10237.39474,5036947.318,216.65861872146118,888.2999999999997,81.275,178.50000000000006,334.42499999999984,504.30999999999966,156.16245894837445
1272B2010,100,1272,Bromölla,771,Pendlingskommun nära större stad,25,3,1376,468633,6214465,14677.14592,11986134.92,200.41906392694062,846.7999999999998,73.475,163.70000000000002,304.85,473.1999999999997,146.34114897121518
1283A0040,101,1283,Helsingborg,707,Större stad,21,2,1178,359885,6226823,54883.59333,53080337.23,160.52702054794523,675.6999999999998,54.3,133.40000000000003,247.10000000000005,383.70499999999987,120.91411506176996
1283C1460,102,1283,Helsingborg,577,Större stad,21,2,1889,357269,6213746,1307.501325,86694.8941,136.22041095890413,688.0999999999998,43.7,109.10000000000002,210.32500000000005,332.73999999999944,106.15223520810018
1283C1440,103,1283,Helsingborg,652,Större stad,21,2,1790,357269,6213746,2012.849825,176679.5685,152.2074771689498,686.0999999999998,52.9,123.8,231.50000000000003,369.73499999999956,115.5413467687413
1283C1180,104,1283,Helsingborg,766,Större stad,21,2,1574,358942,6209795,3833.159725,626764.2785,173.3413127853881,687.8999999999999,60.8,144.5,261.80000000000007,413.00999999999993,128.74803976725025
1283C1390,105,1283,Helsingborg,617,Större stad,21,2,1682,357269,6213746,2852.899677,334059.7288,144.00628995433792,731.1,47.4,116.4,221.7,349.3049999999999,111.25982265987163
1283C1380,106,1283,Helsingborg,644,Större stad,21,2,2008,357269,6213746,3047.066246,370088.2437,148.90440639269409,631.4,51.075,122.5,226.10000000000005,357.41999999999973,111.84855504604424
1283C1450,107,1283,Helsingborg,490,Större stad,21,2,1733,357269,6213746,5192.581356,1038255.842,119.9092465753425,601.3999999999999,39.775,97.9,183.625,295.30999999999995,93.84804940731335
1283C1510,108,1283,Helsingborg,696,Större stad,21,2,2082,357269,6213746,1911.681476,211556.6161,159.4633675799087,743.1999999999998,54.6,131.3,243.20000000000007,379.19999999999993,119.12493149674883
1283C1230,109,1283,Helsingborg,396,Större stad,21,2,1963,357269,6213746,1747.656537,106076.0624,120.1036415525114,607.0,35.9,100.9,177.72500000000002,308.6,97.98848074142616
1283C1240,110,1283,Helsingborg,417,Större stad,21,2,1864,356328,6212211,1675.832592,133154.6794,105.953801369863,612.7,32.7,86.3,162.32500000000002,267.305,86.16199072882394
1283C1410,111,1283,Helsingborg,784,Större stad,21,2,1971,357269,6213746,2061.060151,238802.7581,175.96155251141553,817.3999999999999,61.9,145.40000000000003,270.25,418.20499999999987,129.7116865827153
1283C1370,112,1283,Helsingborg,668,Större stad,21,2,1970,357269,6213746,5714.210008,1057021.5,154.93254566210047,774.6,53.9,128.4,236.30000000000004,373.90499999999986,116.21450786476721
1283C1500,113,1283,Helsingborg,627,Större stad,21,2,1993,357269,6213746,3571.033762,351962.4892,146.7203767123288,733.1999999999996,50.150000000000006,122.5,222.875,355.01499999999976,111.41187001635322
1283C1490,114,1283,Helsingborg,693,Större stad,21,2,2231,357269,6213746,5660.00675,1244108.988,161.347100456621,709.1999999999998,54.6,130.60000000000002,249.32500000000005,389.4049999999999,122.8817320217257
1283C1610,115,1283,Helsingborg,1062,Större stad,21,2,2616,357269,6213746,7656.244949,2927831.395,230.20511415525112,883.0999999999997,85.0,188.0,349.42499999999995,546.3049999999996,168.23813671784887
1283B2010,116,1283,Helsingborg,905,Större stad,21,2,1927,358942,6209795,5939.762108,1752059.361,200.22673515981734,776.6999999999999,71.875,163.35000000000002,307.225,477.10499999999973,147.97974656402434
1283C1310,117,1283,Helsingborg,522,Större stad,21,2,1720,357269,6213746,1613.295159,119885.0588,126.8864383561644,631.5,40.3,102.45,192.9,311.7349999999995,99.17088033278577
1283C1300,118,1283,Helsingborg,837,Större stad,21,2,1901,357269,6213746,3606.470215,589716.3964,186.8937785388128,849.9999999999997,65.69999999999999,152.60000000000002,288.6,440.3999999999999,138.4518460725303
1283C1640,119,1283,Helsingborg,776,Större stad,21,2,1955,357269,6213746,6453.416774,2100336.946,173.77486301369865,798.0,60.8,144.25000000000003,268.6,410.90499999999975,128.84715238351848
1283C1420,120,1283,Helsingborg,566,Större stad,21,2,1412,357269,6213746,1985.325946,136998.763,129.77406392694067,664.2,43.4,105.5,200.02500000000006,313.40999999999985,99.99005687941494
1283C1430,121,1283,Helsingborg,737,Större stad,21,2,1820,357269,6213746,1487.201874,112167.7208,182.82220319634706,787.2999999999997,63.275,155.70000000000002,278.30000000000007,430.41499999999985,135.48970650047647
1283B5010,122,1283,Helsingborg,567,Större stad,21,2,941,358942,6209795,12460.30799,7918477.194,136.5243493150685,590.2999999999998,46.4,110.9,208.45000000000002,332.7,105.09915707745452
1283B2020,123,1283,Helsingborg,1259,Större stad,21,2,2885,358942,6209795,8893.297403,2629499.131,268.4684931506849,940.5999999999996,98.1,222.10000000000002,408.79999999999995,631.2049999999995,194.25613890842382
1283B2030,124,1283,Helsingborg,834,Större stad,21,2,1759,358942,6209795,8758.001239,3608118.631,166.67961187214613,746.1999999999996,60.7,130.85000000000002,254.80000000000007,407.3999999999999,125.83359846951899
1283C1170,125,1283,Helsingborg,769,Större stad,21,2,1639,358942,6209795,4417.878651,798165.2171,175.3229680365297,706.6999999999995,62.1,144.15,267.725,416.5049999999997,130.19026818379024
1283C1010,126,1283,Helsingborg,772,Större stad,21,2,1512,358942,6209795,8352.351113,4208478.721,175.7765296803653,706.9999999999995,61.2,144.95000000000002,270.50000000000006,419.70499999999976,130.84090467149576
1283C1020,127,1283,Helsingborg,778,Större stad,21,2,1723,358942,6209795,10924.20409,5597279.406,152.7297602739726,638.2999999999998,54.1,119.5,235.2,375.2099999999998,116.50949052651788
1283C1530,128,1283,Helsingborg,930,Större stad,21,2,2594,357269,6213746,2934.43337,377601.3243,204.23211187214613,881.4999999999998,72.69999999999999,165.55,312.625,486.61499999999967,151.2373788242078
1283C1560,129,1283,Helsingborg,575,Större stad,21,2,1837,361152,6216167,2446.415683,317560.2867,117.52691780821918,541.4,39.8,93.6,180.82500000000005,290.99999999999994,91.49910450625069
1283A0010,130,1283,Helsingborg,801,Större stad,21,2,1290,368607,6195414,61101.21825,53110133.36,184.44744292237442,724.0999999999997,64.8,152.4,284.125,436.3049999999998,135.8542247933102
1283C1030,131,1283,Helsingborg,736,Större stad,21,2,1582,358942,6209795,5482.941497,1427485.439,171.24199771689499,725.0,57.8,141.8,262.62500000000006,410.3999999999998,128.8930253554352
1283C1040,132,1283,Helsingborg,928,Större stad,21,2,2224,358942,6209795,7094.599003,1992853.838,205.8285502283105,792.4999999999997,71.80000000000001,170.70000000000002,314.70000000000005,491.00499999999977,153.21252008623742
1283C1050,133,1283,Helsingborg,784,Större stad,21,2,1490,358942,6209795,8049.472058,2888892.742,180.31700913242008,797.3999999999996,63.8,150.35,275.92500000000007,421.6149999999998,132.7384667685608
1283C1070,134,1283,Helsingborg,529,Större stad,21,2,1467,358942,6209795,8938.614173,3430780.365,127.88416666666667,561.5,42.9,104.75,194.1,316.5099999999999,99.81851181088066
1283C1060,135,1283,Helsingborg,538,Större stad,21,2,1019,358942,6209795,11465.36901,4152658.385,124.22450913242008,666.5999999999999,40.3,99.5,191.425,304.50499999999994,97.11071712841645
1283C1080,136,1283,Helsingborg,749,Större stad,21,2,1703,358942,6209795,10354.59553,2737604.686,171.47396118721463,763.8999999999999,59.3,141.85000000000002,265.6,408.10999999999984,127.54879490042634
1283C1090,137,1283,Helsingborg,552,Större stad,21,2,1531,358942,6209795,3063.898021,524561.4376,132.06632420091324,743.9999999999995,43.475,107.6,203.125,323.9049999999999,102.29995633906987
1283C1110,138,1283,Helsingborg,783,Större stad,21,2,1811,358942,6209795,3728.337971,691688.4596,178.3113698630137,736.7999999999996,61.9,145.8,269.625,428.81499999999977,133.18670536878602
1283C1100,139,1283,Helsingborg,757,Större stad,21,2,1581,358942,6209795,8136.234598,2302677.717,150.52488584474884,557.5999999999999,54.1,116.60000000000002,231.20000000000005,370.8,114.78934410137667
1283C1150,140,1283,Helsingborg,670,Större stad,21,2,1971,357401,6210155,2921.946157,477198.6697,153.7591095890411,634.7999999999998,54.3,126.25,235.30000000000004,367.5999999999999,114.80455928803795
1283C1120,141,1283,Helsingborg,748,Större stad,21,2,2403,357401,6210155,6805.666827,1459900.882,153.55438356164382,577.9999999999998,54.6,122.4,236.5250000000001,374.5,116.10870840339621
1283C1130,142,1283,Helsingborg,489,Större stad,21,2,2069,356328,6212211,5380.346923,1113003.695,135.2577397260274,721.3999999999999,42.5,112.4,204.50000000000009,343.79999999999984,108.14411097187804
1283C1190,143,1283,Helsingborg,848,Större stad,21,2,2181,357401,6210155,3970.080026,671633.2621,179.34893835616435,671.6999999999998,62.2,144.75,276.0,428.62499999999955,133.27068857981823
1283C1210,144,1283,Helsingborg,625,Större stad,21,2,2197,357269,6213746,3841.953095,595097.8344,123.46149543378998,557.2999999999998,43.6,94.85,188.6,303.70999999999987,95.28974054237288
1283C1200,145,1283,Helsingborg,613,Större stad,21,2,3279,356328,6212211,8360.632521,2261985.342,162.82378995433788,803.9999999999999,54.6,137.9,246.50000000000003,392.23499999999956,123.25625046690868
1283C1160,146,1283,Helsingborg,913,Större stad,21,2,1792,358942,6209795,11351.22238,5219303.321,202.74078767123285,743.1999999999999,73.4,168.15000000000003,310.125,476.1999999999998,147.89719270206677
1283C1140,147,1283,Helsingborg,1004,Större stad,21,2,1843,361152,6216167,12372.63908,6470987.584,215.59398401826482,978.7999999999996,76.675,177.5,332.44999999999993,512.3049999999997,158.6294582074336
1283C1340,148,1283,Helsingborg,551,Större stad,21,2,1377,357269,6213746,4375.929287,705665.2378,135.5974086757991,708.5999999999999,43.9,112.70000000000002,205.32500000000002,331.0999999999999,104.01373093157376
1283C1250,149,1283,Helsingborg,497,Större stad,21,2,1944,357269,6213746,1235.25592,77840.17936,121.37012557077627,609.1,39.7,97.6,185.00000000000003,306.5,96.21215213290704
1283C1280,150,1283,Helsingborg,380,Större stad,21,2,1588,357269,6213746,1272.221653,62061.72031,99.051198630137,530.4000000000001,29.200000000000003,76.3,150.2,258.2049999999999,84.04635318479963
1283C1270,151,1283,Helsingborg,643,Större stad,21,2,1529,357269,6213746,4026.762706,540420.7366,132.53308219178084,661.6999999999998,47.0,104.7,202.82500000000005,327.79999999999995,101.85185364297719
1283C1290,152,1283,Helsingborg,527,Större stad,21,2,2063,357269,6213746,4088.843263,470145.5921,109.7023287671233,500.0999999999999,36.3,86.6,170.3,272.6,86.48823513000355
1283C1260,153,1283,Helsingborg,633,Större stad,21,2,1644,357269,6213746,2733.971596,353202.4778,130.24399543378996,559.2,46.9,102.0,199.1,320.8049999999999,99.44951822282914
1283C1330,154,1283,Helsingborg,423,Större stad,21,2,1539,357269,6213746,3068.374655,271330.5796,102.24779680365297,527.5,32.8,83.05,155.90000000000003,254.61999999999975,81.64111542034566
1283C1220,155,1283,Helsingborg,1250,Större stad,21,2,3115,358942,6209795,8881.570006,1969390.459,262.6494634703196,915.8999999999996,94.3,213.2,403.625,627.7999999999995,193.92989575684044
1283C1320,156,1283,Helsingborg,760,Större stad,21,2,1518,357269,6213746,3908.753057,572975.1044,172.86526255707759,697.8,61.175000000000004,142.05,265.20000000000005,408.9,128.55083144167097
1283C1360,157,1283,Helsingborg,829,Större stad,21,2,1987,357269,6213746,3553.702532,485150.9829,185.20678082191782,795.3999999999999,64.8,152.20000000000002,282.70000000000005,436.20499999999987,136.70432840741546
1283C1350,158,1283,Helsingborg,545,Större stad,21,2,1469,357269,6213746,3682.677454,660222.7511,131.60382420091324,629.9999999999998,43.3,108.2,200.60000000000002,323.4,101.94553856216986
1283C1400,159,1283,Helsingborg,783,Större stad,21,2,2388,357269,6213746,2492.171125,332177.7217,169.09288812785388,708.2999999999996,60.7,136.70000000000002,258.025,409.80499999999995,127.63281394024999
1283C1480,160,1283,Helsingborg,773,Större stad,21,2,2067,357269,6213746,1586.834169,147573.0333,179.5819406392694,825.1999999999999,62.0,148.3,276.225,428.7049999999998,133.90185760187447
1283C1470,161,1283,Helsingborg,587,Större stad,21,2,2473,357269,6213746,3899.9933,560581.4291,136.86168949771692,602.2999999999998,46.3,111.35,209.52500000000003,332.60499999999996,105.30584637763556
1283C1520,162,1283,Helsingborg,895,Större stad,21,2,2203,357269,6213746,3640.79157,603737.9542,185.1610388127854,755.0999999999997,65.6,147.70000000000002,283.9,450.7149999999996,139.81414184111617
1283C1540,163,1283,Helsingborg,415,Större stad,21,2,1617,357269,6213746,1979.20017,209608.7214,100.17166666666667,674.3999999999999,32.0,76.6,155.8,254.51999999999978,82.5593845214556
1283C1550,164,1283,Helsingborg,391,Större stad,21,2,1769,357269,6213746,2810.064075,320323.0086,102.03541095890411,537.3999999999999,32.0,79.75,154.8,267.4149999999998,85.38132304472796
1283B3010,165,1283,Helsingborg,1049,Större stad,21,2,1985,368329,6216038,9019.508009,5834798.664,224.65740867579905,936.3999999999992,82.125,182.35000000000002,344.79999999999995,532.2999999999997,164.97031459262382
1283C1570,166,1283,Helsingborg,613,Större stad,21,2,1721,361152,6216167,2984.695917,410416.9323,138.30527397260275,657.7999999999997,46.8,112.6,214.1,330.8,106.01605022970325
1283C1580,167,1283,Helsingborg,950,Större stad,21,2,2578,357269,6213746,4810.1974,865066.1721,202.91381278538813,760.9999999999999,72.875,165.5,311.2,484.3199999999996,149.4989774147238
1283C1620,168,1283,Helsingborg,582,Större stad,21,2,1383,357269,6213746,3436.415967,631978.6535,131.81836757990865,620.6,43.7,105.55,202.40000000000003,318.305,101.30661368052237
1283C1590,169,1283,Helsingborg,985,Större stad,21,2,1888,357269,6213746,11848.98842,4776319.728,217.82757990867577,910.7999999999996,76.57499999999999,179.95,332.42499999999995,519.1199999999997,160.61078182898714
1283A0020,170,1283,Helsingborg,780,Större stad,21,2,1328,368329,6216038,69147.11912,68473163.29,177.44350456621007,751.7999999999998,61.2,147.8,272.4,422.8999999999999,132.16577274103327
1283C1600,171,1283,Helsingborg,639,Större stad,21,2,1477,361152,6216167,14606.42987,7477718.337,142.04041095890412,626.4000000000001,49.0,116.15,218.30000000000004,341.6099999999998,107.27779184523624
1283C1650,172,1283,Helsingborg,628,Större stad,21,2,1434,357269,6213746,5249.950405,1105814.951,154.78086757990866,829.3999999999999,53.5,130.0,236.32500000000005,367.1099999999999,115.88335852835681
1283C1630,173,1283,Helsingborg,1381,Större stad,21,2,4285,357269,6213746,8565.675743,2719559.735,292.64823059360725,1057.6999999999994,104.6,237.95000000000005,451.39999999999975,688.4999999999997,212.69684161123135
1283C1660,174,1283,Helsingborg,945,Större stad,21,2,2309,361152,6216167,14807.2917,5672059.209,188.8553310502283,725.1999999999997,65.8,150.3,290.725,460.8049999999998,141.45242127248926
1283C1690,175,1283,Helsingborg,1073,Större stad,21,2,2300,361152,6216167,5008.158138,1444392.683,213.01331050228308,775.1999999999997,75.80000000000001,167.90000000000003,325.32499999999993,520.9049999999995,160.05792133184212
1283C1680,176,1283,Helsingborg,438,Större stad,21,2,813,357269,6213746,9074.097728,2741091.33,110.86470319634705,603.9999999999998,32.9,87.10000000000001,170.3,282.0099999999999,90.49809933434629
1283C1670,177,1283,Helsingborg,1026,Större stad,21,2,2327,357269,6213746,9026.876844,2820987.671,204.24329908675796,737.3999999999999,72.8,162.40000000000003,314.125,497.5999999999997,152.4526545632944
1283C1700,178,1283,Helsingborg,897,Större stad,21,2,1711,361152,6216167,17178.731,7826491.874,197.34940639269408,760.5999999999998,69.10000000000001,164.55,301.0,466.50499999999977,144.82937724106566
1283B4010,179,1283,Helsingborg,696,Större stad,21,2,1457,359885,6226823,12636.87581,7809477.573,159.74178082191784,709.0999999999999,54.575,133.10000000000002,245.52500000000003,381.00499999999994,119.7638981360759
1283A0030,180,1283,Helsingborg,1158,Större stad,21,2,2087,359885,6226823,33119.44001,44891937.94,230.27867579908676,788.6999999999995,83.7,182.05,353.7,553.7999999999997,170.95944088510421
1275A0010,181,1275,Perstorp,829,Pendlingskommun nära större stad,25,3,1279,399357,6222747,75928.18735,145694141.0,212.7464497716895,799.1999999999997,79.10000000000001,175.95,322.42499999999995,495.70499999999976,153.5666011236116
1275C1020,182,1275,Perstorp,528,Pendlingskommun nära större stad,25,3,1473,399357,6222747,8618.066769,2633379.96,144.6357191780822,683.2999999999996,50.2,118.0,221.12500000000003,349.205,109.38587498609796
1275C1010,183,1275,Perstorp,632,Pendlingskommun nära större stad,25,3,1489,399357,6222747,13655.23083,7753310.719,181.62684931506848,739.2,65.17499999999998,153.8,275.02500000000003,426.8999999999999,133.23979993400212
1275C1040,184,1275,Perstorp,682,Pendlingskommun nära större stad,25,3,1772,399357,6222747,7279.825354,2032683.605,181.32617579908677,715.7999999999997,67.8,152.10000000000002,274.80000000000007,422.9,131.329861113635
1275C1030,185,1275,Perstorp,698,Pendlingskommun nära större stad,25,3,1429,399357,6222747,10230.7677,4493699.055,183.0666780821918,698.0999999999999,67.4,152.5,278.3,431.9199999999996,132.98760627647047
1257A0010,186,1257,Örkelljunga,791,Pendlingskommun nära större stad,25,3,1278,386632,6241761,63515.7321,93092130.97,204.18149543378993,800.0999999999998,75.7,169.90000000000003,310.525,480.23499999999945,147.94808735940526
1257C1030,187,1257,Örkelljunga,682,Pendlingskommun nära större stad,25,3,1714,386632,6241761,8534.576419,2513376.067,186.8854794520548,853.0999999999999,69.4,157.55,281.925,434.3999999999998,134.21295274209686
1257C1020,188,1257,Örkelljunga,758,Pendlingskommun nära större stad,25,3,1557,386632,6241761,13811.23838,3007801.835,202.7916210045662,768.4999999999998,74.475,167.5,310.625,473.4499999999992,146.76305998561875
1257C1010,189,1257,Örkelljunga,763,Pendlingskommun nära större stad,25,3,1332,386632,6241761,16937.95747,12283611.76,171.87932648401824,590.1999999999998,64.3,132.35000000000002,263.4,420.1099999999998,128.1586527767125
1257C1040,190,1257,Örkelljunga,619,Pendlingskommun nära större stad,25,3,1104,386632,6241761,18063.34806,8848721.916,165.02816210045663,771.3999999999997,60.4,136.8,249.75,388.9099999999998,121.27174417762855
1257A0020,191,1257,Örkelljunga,1184,Pendlingskommun nära större stad,25,3,1832,404987,6247646,65539.39878,100337374.4,294.97534246575344,1150.0999999999997,112.775,240.6,448.325,691.1099999999996,211.16262235166135
1257A0030,192,1257,Örkelljunga,938,Pendlingskommun nära större stad,25,3,1638,404987,6247646,61722.00072,110973337.5,234.84745433789953,859.1999999999994,87.00000000000001,191.90000000000003,360.1249999999999,548.6149999999996,169.00162373651108
1290A0110,193,1290,Kristianstad,1346,Större stad,21,2,2296,456053,6226593,71520.50954,162914715.7,283.3632191780821,949.3999999999996,104.775,232.05,433.1499999999999,667.9049999999995,205.59485276432682
1290B6010,194,1290,Kristianstad,783,Större stad,21,2,1518,445761,6217713,13761.37235,10219418.92,176.07067351598175,703.1999999999998,61.9,143.9,269.27500000000003,418.20499999999976,131.03069031982022
1290B8010,195,1290,Kristianstad,577,Större stad,21,2,1035,448292,6212635,15226.51522,9345429.807,138.05460045662102,656.1999999999999,46.375,113.4,209.82500000000002,339.0,107.09506920487318
1290A0010,196,1290,Kristianstad,657,Större stad,21,2,976,435014,6191255,74975.54686,94555689.89,130.7930479452055,505.0999999999999,46.3,101.9,201.92500000000004,322.80499999999995,100.21659745569356
1290B7010,197,1290,Kristianstad,787,Större stad,21,2,1418,440802,6179703,12556.25793,9286642.412,160.49317351598174,683.6999999999997,54.7,127.10000000000002,248.82500000000005,392.5049999999998,122.66964876318434
1290A0020,198,1290,Kristianstad,963,Större stad,21,2,1529,440802,6179703,65079.8495,97067528.42,193.90844748858447,678.1999999999996,68.975,154.9,297.725,471.0099999999997,144.72825884777632
1290B2010,199,1290,Kristianstad,1448,Större stad,21,2,2633,450480,6199931,23293.46813,14624383.28,304.64138127853874,1071.5999999999992,111.67500000000001,251.00000000000003,466.59999999999974,715.1049999999997,220.5114723712674
1290B2020,200,1290,Kristianstad,630,Större stad,21,2,1215,450480,6199931,7026.010342,1173494.409,153.45784246575343,701.3999999999999,51.2,129.8,232.6,370.0,115.80779903880563
1290B2030,201,1290,Kristianstad,938,Större stad,21,2,1939,450480,6199931,7543.988774,1693947.13,206.49268264840182,804.5999999999996,73.0,170.15000000000003,317.2,491.2149999999995,152.10197371398627
1290B2050,202,1290,Kristianstad,1262,Större stad,21,2,2287,450480,6199931,7632.568164,2685999.887,268.4324315068493,968.2999999999992,98.475,217.6,412.3999999999999,633.7249999999996,195.95220599579082
1290A0030,203,1290,Kristianstad,951,Större stad,21,2,1589,435014,6191255,70784.43365,102291822.8,189.9648515981735,742.0999999999998,68.8,148.4,294.0,462.8049999999998,143.08056525086417
1290B2040,204,1290,Kristianstad,1019,Större stad,21,2,1956,450480,6199931,14283.90164,6315017.578,199.76086757990868,704.5999999999998,71.6,157.00000000000003,304.425,488.20499999999964,150.8848229713846
1290B2060,205,1290,Kristianstad,814,Större stad,21,2,1584,450480,6199931,11245.95948,5059270.95,183.27633561643836,735.1,61.99999999999999,151.9,281.325,435.00999999999965,137.12431235551892
1290B3010,206,1290,Kristianstad,1135,Större stad,21,2,2153,435014,6191255,13812.64886,8553632.977,221.24960045662098,740.4999999999995,79.7,173.95000000000005,339.97499999999997,538.2049999999996,165.69470960689
1290B3020,207,1290,Kristianstad,776,Större stad,21,2,1455,435014,6191255,14569.71252,7887281.905,156.44527397260273,687.6999999999997,54.7,124.10000000000002,239.10000000000005,381.10499999999985,118.45281115068182
1290C1030,208,1290,Kristianstad,924,Större stad,21,2,1855,448292,6212635,12537.39484,4700276.708,180.98160958904108,703.2999999999995,65.19999999999999,142.8,275.925,444.2049999999998,135.66557601508387
1290C1160,209,1290,Kristianstad,722,Större stad,21,2,2454,448292,6212635,3074.853231,309366.6408,164.82423515981736,752.8,57.4,137.4,252.22500000000005,396.20999999999987,123.67289680038975
1290C1010,210,1290,Kristianstad,564,Större stad,21,2,1034,448292,6212635,15646.54486,7111004.218,134.80313926940642,732.5999999999998,46.7,108.75,204.625,330.99999999999994,104.26305367505554
1290A0040,211,1290,Kristianstad,1197,Större stad,21,2,2009,450480,6199931,56685.67629,99042243.56,243.9861529680365,843.2999999999996,89.4,197.64999999999998,372.90000000000003,580.3999999999997,178.5435379750852
1290A0060,212,1290,Kristianstad,554,Större stad,21,2,949,450480,6199931,39921.19775,37549070.71,107.04296803652969,382.8999999999999,36.4,83.3,163.10000000000002,271.7,83.19323999337274
1290C1020,213,1290,Kristianstad,1260,Större stad,21,2,2326,448292,6212635,16117.662,10322816.22,249.31949771689492,856.2999999999995,90.5,197.00000000000003,380.35,603.2049999999996,185.822919949253
1290C1040,214,1290,Kristianstad,668,Större stad,21,2,1199,448292,6212635,12529.28877,7124164.631,142.27698630136987,661.0999999999999,50.2,112.9,217.32500000000005,346.0999999999999,108.22840171098785
1290C1050,215,1290,Kristianstad,1236,Större stad,21,2,2533,448292,6212635,10301.59241,3661404.761,240.69499999999996,839.2999999999994,83.9,188.2,364.025,590.7149999999996,182.57810448067806
1290C1060,216,1290,Kristianstad,665,Större stad,21,2,1656,448292,6212635,11507.09855,4651569.397,157.7918607305936,696.8999999999999,54.3,131.3,242.30000000000004,376.30499999999984,118.39573643675446
1290C1070,217,1290,Kristianstad,814,Större stad,21,2,2249,448292,6212635,9030.280787,3153690.077,188.59110730593608,781.7999999999997,68.275,159.85000000000002,288.20000000000005,439.19999999999993,136.88901782453425
1290C1100,218,1290,Kristianstad,717,Större stad,21,2,2039,448292,6212635,2241.493289,267519.9556,150.30360730593608,624.6999999999998,53.4,119.6,232.15000000000006,366.4149999999997,114.01228485994358
1290A0050,219,1290,Kristianstad,1077,Större stad,21,2,1824,435014,6191255,104142.4187,123418812.3,215.38195205479445,766.0999999999996,75.30000000000001,170.8,332.325,524.7049999999996,162.71130594658305
1290C1090,220,1290,Kristianstad,789,Större stad,21,2,1878,448292,6212635,8172.437749,2714823.231,154.740399543379,615.3999999999997,56.8,120.80000000000001,237.95000000000002,378.0049999999998,117.38596161223201
1290C1130,221,1290,Kristianstad,645,Större stad,21,2,1839,448292,6212635,1959.421703,217111.0552,128.24325342465755,512.9,46.0,100.55,196.925,316.705,98.31406864384763
1290C1080,222,1290,Kristianstad,820,Större stad,21,2,1979,448292,6212635,10949.14617,4494506.684,183.42111872146123,763.3,65.1,149.60000000000002,279.125,440.00499999999994,136.72995692362917
1290C1120,223,1290,Kristianstad,716,Större stad,21,2,2304,448292,6212635,4084.220099,698617.6527,163.85367579908674,751.4999999999998,57.2,136.3,252.125,390.60999999999984,123.26837651137349
1290C1140,224,1290,Kristianstad,624,Större stad,21,2,1892,448292,6212635,4292.774153,441804.4349,129.17365296803652,582.5999999999998,43.9,101.75,199.7,314.99999999999994,98.89695406627949
1290A0070,225,1290,Kristianstad,678,Större stad,21,2,1040,448292,6212635,69621.92674,92895415.6,138.70711187214616,531.5999999999997,50.2,109.4,210.2,338.30999999999995,105.16440651277107
1290C1110,226,1290,Kristianstad,1065,Större stad,21,2,2182,448292,6212635,11567.53392,4981717.905,209.27818493150684,783.5999999999995,75.575,163.95000000000005,321.125,510.25499999999903,157.28817348892338
1290C1170,227,1290,Kristianstad,689,Större stad,21,2,1828,448292,6212635,3137.04631,536709.3404,144.20041095890411,629.1999999999998,50.8,113.1,221.02500000000003,352.20499999999987,109.74188519104163
1290C1150,228,1290,Kristianstad,743,Större stad,21,2,1856,448292,6212635,9083.233555,2305961.258,169.71464611872148,803.5999999999999,58.3,138.0,262.02500000000003,406.1099999999999,127.56396237649481
1290B4010,229,1290,Kristianstad,1076,Större stad,21,2,1959,448292,6212635,12703.51858,9605522.283,218.183904109589,840.5999999999997,78.60000000000001,173.9,334.4,522.7099999999995,161.30502612925218
1290C1200,230,1290,Kristianstad,643,Större stad,21,2,1600,448292,6212635,3735.601164,435599.6947,150.70037671232876,655.4999999999999,50.974999999999994,124.9,231.10000000000002,360.4999999999999,114.1023119587519
1290C1180,231,1290,Kristianstad,1225,Större stad,21,2,2856,448292,6212635,7730.055176,2110406.884,260.5205936073059,1022.1999999999996,96.17500000000001,214.15000000000003,398.5499999999999,617.0449999999989,188.96019727808536
1290C1220,232,1290,Kristianstad,445,Större stad,21,2,2440,448292,6212635,1856.679499,205034.9754,111.43132420091325,644.6,35.724999999999994,90.1,170.4,281.00499999999994,89.93293788773023
1290C1210,233,1290,Kristianstad,869,Större stad,21,2,1820,448292,6212635,12314.86381,4413656.527,178.3611301369863,666.8999999999997,63.475,141.8,272.425,434.7999999999997,133.97536054054254
1290C1190,234,1290,Kristianstad,683,Större stad,21,2,2083,448292,6212635,12367.32198,3990152.941,156.68397260273974,651.5999999999999,54.7,129.5,237.50000000000003,377.5,117.86820522965085
1290C1230,235,1290,Kristianstad,527,Större stad,21,2,2648,448292,6212635,6407.383526,1171135.674,125.82101598173517,687.6999999999997,43.3,102.0,192.02500000000006,305.71499999999975,96.52876376107295
1290B5010,236,1290,Kristianstad,919,Större stad,21,2,1712,445761,6217713,15104.83463,10903310.03,204.23220319634703,826.1999999999995,72.1,166.65,308.825,490.80999999999966,153.166578010405
1290A0080,237,1290,Kristianstad,1430,Större stad,21,2,2248,448292,6212635,113757.3382,201231081.9,300.878607305936,1057.2999999999993,109.20000000000002,245.85000000000005,456.8999999999999,716.2049999999994,219.2914590571503
1290A0090,238,1290,Kristianstad,1130,Större stad,21,2,1855,445761,6217713,85959.98875,111778981.6,242.4505936073059,881.5999999999996,88.9,198.7,369.9,570.7999999999997,176.74175735487287
1290A0100,239,1290,Kristianstad,620,Större stad,21,2,1009,445761,6217713,73169.58231,99550977.74,146.2275114155251,930.5999999999996,49.9,122.4,223.52500000000003,349.4299999999996,110.56195848470674
1273C1010,240,1273,Osby,867,Pendlingskommun nära mindre tätort,33,5,1567,419121,6239024,13945.84022,10563103.88,261.85090182648395,899.7999999999994,104.20000000000002,210.20000000000005,400.92499999999995,607.2999999999996,183.7769948041849
1273A0020,241,1273,Osby,816,Pendlingskommun nära mindre tätort,33,5,1208,419121,6239024,129973.6792,230726001.6,248.57066210045656,868.0999999999995,97.875,197.55,378.675,578.0049999999995,175.19166212835796
1273A0010,242,1273,Osby,619,Pendlingskommun nära mindre tätort,33,5,864,456053,6226593,112625.8224,225557978.6,186.59964611872144,748.7999999999994,72.775,147.0,283.1,441.7149999999997,134.39585732166245
1273C1020,243,1273,Osby,768,Pendlingskommun nära mindre tätort,33,5,1495,419121,6239024,9976.262769,3949359.464,239.17819634703193,836.0999999999995,94.175,193.20000000000002,366.7,552.1999999999998,168.34544080162024
1273C1030,244,1273,Osby,645,Pendlingskommun nära mindre tätort,33,5,1465,419121,6239024,10724.63278,6267413.738,205.64692922374428,691.4999999999999,79.6,166.9,313.025,477.5999999999998,145.72319199642067
1273C1040,245,1273,Osby,747,Pendlingskommun nära mindre tätort,33,5,1711,419121,6239024,10950.36387,4995620.434,245.8974771689497,912.7,96.3,200.50000000000003,372.9249999999999,569.2249999999993,173.4049501891847
1273C1050,246,1273,Osby,758,Pendlingskommun nära mindre tätort,33,5,1659,419121,6239024,10887.88547,3970308.61,255.05428082191776,953.0999999999996,101.1,211.40000000000003,386.65,579.2049999999996,176.17832792628565
1273B2010,247,1273,Osby,976,Pendlingskommun nära mindre tätort,33,5,1958,456053,6226593,13302.24872,10636289.82,313.7412214611872,1168.2999999999993,125.07499999999999,255.4500000000001,474.8999999999998,717.0049999999993,216.9985585614189
1273A0030,248,1273,Osby,753,Pendlingskommun nära mindre tätort,33,5,1311,419121,6239024,67173.83272,104624503.8,246.9504337899543,907.1999999999996,97.2,202.1,377.4,563.1099999999997,173.11037343377586
1278C1010,249,1278,Båstad,1094,Landsbygdskommun med besöksnäring,28,9,2068,363373,6251148,21533.51202,14851119.91,275.2604566210045,818.4999999999995,105.1,217.45000000000005,421.8499999999999,652.7049999999996,198.39264132119433
1278C1030,250,1278,Båstad,1634,Landsbygdskommun med besöksnäring,28,9,3054,363373,6251148,23979.68139,18077359.54,437.17324200913225,1322.2999999999995,173.95000000000002,355.4,665.6999999999996,1009.804999999999,305.3683834698799
1278A0020,251,1278,Båstad,1244,Landsbygdskommun med besöksnäring,28,9,2001,363373,6251148,49762.14931,78090990.68,321.96004566210036,1057.1999999999994,121.775,255.75000000000006,499.9999999999998,754.3999999999995,230.26363334687252
1278B2020,252,1278,Båstad,524,Landsbygdskommun med besöksnäring,28,9,1064,363373,6251148,9567.530247,3577096.948,130.9655821917808,474.6999999999999,50.4,102.0,199.40000000000003,318.01499999999976,96.64438860210055
1278B2010,253,1278,Båstad,723,Landsbygdskommun med besöksnäring,28,9,1497,363373,6251148,13483.05089,6192551.429,184.15426940639267,713.0999999999999,71.3,145.25000000000003,282.425,436.40499999999986,133.56827131894357
1278B2030,254,1278,Båstad,621,Landsbygdskommun med besöksnäring,28,9,1164,363373,6251148,16432.37582,12525966.6,160.88097031963468,586.8999999999999,61.4,126.0,249.50000000000003,378.0999999999998,117.50916683470936
1278A0010,255,1278,Båstad,1106,Landsbygdskommun med besöksnäring,28,9,1673,363373,6251148,84967.91152,98172776.9,289.4981849315068,981.8999999999992,110.975,230.30000000000007,440.9499999999999,682.4099999999994,207.9912439923349
1278C1020,256,1278,Båstad,1052,Landsbygdskommun med besöksnäring,28,9,2167,363373,6251148,9529.721405,3314767.867,272.06618721461183,947.8999999999996,103.07500000000002,214.70000000000005,414.64999999999986,648.1149999999994,197.58230237368394
1278B3010,257,1278,Båstad,696,Landsbygdskommun med besöksnäring,28,9,1136,363373,6251148,29192.58552,36197636.94,202.32713470319635,812.9999999999995,77.0,167.4,308.29999999999995,468.8099999999997,144.15322073826775
1281C1230,258,1281,Lund,750,Större stad,21,2,2044,387433,6173395,3528.660415,688925.1712,155.76027397260273,699.8999999999996,53.9,123.20000000000002,239.30000000000004,386.3149999999996,119.96149472388186
1281C1270,259,1281,Lund,519,Större stad,21,2,1801,385209,6175299,2268.13264,279823.8081,102.44618721461187,494.1,36.3,79.80000000000001,155.52500000000003,258.20000000000005,79.90161653128447
1281C1250,260,1281,Lund,447,Större stad,21,2,1802,385209,6175299,2246.639472,249194.0612,93.66477168949773,497.4999999999999,32.4,72.4,144.15000000000003,233.71999999999974,74.18403620917665
1281C1040,261,1281,Lund,317,Större stad,21,2,1369,387433,6173395,1693.060692,96265.79845,86.29093607305936,591.6999999999999,25.3,68.19999999999999,130.60000000000002,232.2,73.72340055889543
1281C1050,262,1281,Lund,561,Större stad,21,2,1637,385209,6175299,1708.542133,150057.7343,132.4585844748858,678.3,43.4,108.35,203.32500000000005,321.60499999999996,102.77815111856734
1281C1010,263,1281,Lund,576,Större stad,21,2,1795,387433,6173395,5763.22653,1062786.783,111.86414383561646,461.9999999999998,39.8,87.0,168.925,281.30999999999995,87.12837993035681
1281C1060,264,1281,Lund,604,Större stad,21,2,1882,387433,6173395,2942.702211,526542.0224,134.28680365296802,692.5999999999998,46.8,108.5,206.90000000000003,325.19999999999993,102.86950359783462
1281C1180,265,1281,Lund,406,Större stad,21,2,1770,387433,6173395,2700.50921,199628.5514,104.09165525114156,560.7999999999998,32.3,84.1,159.1,262.805,84.72467184597723
1281C1190,266,1281,Lund,638,Större stad,21,2,1718,387433,6173395,3506.835864,710295.7292,149.1981392694064,746.7999999999997,50.6,122.8,228.72500000000002,360.90999999999985,112.56965802230077
1281A0010,267,1281,Lund,573,Större stad,21,2,841,397472,6166735,75150.09675,92676167.74,119.65625570776257,531.3,42.5,94.0,184.8,293.6099999999999,92.27320956523226
1281C1160,268,1281,Lund,632,Större stad,21,2,1658,388592,6176569,4998.654814,1092499.269,129.72706621004568,563.7,46.5,104.50000000000003,198.2,315.7049999999999,98.73913506462348
1281C1200,269,1281,Lund,385,Större stad,21,2,1290,387433,6173395,3381.738951,461495.3699,88.48978310502284,469.2999999999999,28.8,69.2,137.22500000000002,221.90499999999994,71.96345553935345
1281C1240,270,1281,Lund,327,Större stad,21,2,1255,385209,6175299,2185.591881,268256.3452,64.05897260273973,270.8,21.8,47.8,97.42500000000001,167.30000000000004,52.27101968915397
1281C1220,271,1281,Lund,479,Större stad,21,2,1621,385209,6175299,3168.488558,270637.3167,92.58224885844749,379.5999999999999,32.775,71.6,141.125,233.31999999999977,72.10367349636213
1281B5010,272,1281,Lund,1054,Större stad,21,2,2226,397472,6166735,10996.85745,5041578.822,204.16057077625567,660.9999999999997,72.7,160.15000000000003,313.2249999999999,502.5999999999998,154.40077229073682
1281B5020,273,1281,Lund,532,Större stad,21,2,1037,397472,6166735,11126.84881,2699811.29,132.50218036529682,608.9999999999999,42.9,108.9,203.10000000000002,325.105,103.90662833890286
1281B4010,274,1281,Lund,852,Större stad,21,2,1676,407932,6166551,8982.216875,4148746.911,176.35722602739725,705.0999999999998,62.2,141.70000000000002,268.80000000000007,423.80499999999995,131.67256755503047
1281B4020,275,1281,Lund,907,Större stad,21,2,2088,407932,6166551,8142.352362,2914894.656,188.15843607305936,772.7999999999997,65.19999999999999,149.25,289.20000000000005,458.60499999999985,142.5049476016307
1281C1410,276,1281,Lund,348,Större stad,21,2,1174,385209,6175299,3362.672697,516857.1284,70.05948630136986,368.8,24.5,53.4,105.4,181.80000000000004,57.37105946929442
1281B4030,277,1281,Lund,951,Större stad,21,2,1951,407932,6166551,10868.00674,4999605.161,208.47337899543376,824.8999999999997,75.2,169.75000000000003,319.525,497.1999999999997,153.9207367198176
1281C1290,278,1281,Lund,560,Större stad,21,2,1604,388592,6176569,3749.903847,543991.0161,120.25302511415525,595.5,40.3,95.35,184.90000000000003,294.1099999999999,92.96431135267034
1281C1300,279,1281,Lund,319,Större stad,21,2,1085,385209,6175299,2357.700744,234385.6092,64.66150684931507,318.40000000000003,21.5,47.7,98.5,167.5,53.027947683666525
1281A0020,280,1281,Lund,1424,Större stad,21,2,2416,397472,6166735,107614.1329,140930264.7,310.1851826484018,1095.7999999999993,113.475,257.80000000000007,478.44999999999976,719.0999999999997,223.42630414683475
1281B3010,281,1281,Lund,595,Större stad,21,2,1576,397472,6166735,12293.96429,5876058.622,114.91667808219178,452.0999999999999,42.9,89.19999999999999,174.22500000000002,287.2,88.35446021408791
1281B3020,282,1281,Lund,864,Större stad,21,2,2038,397472,6166735,5027.51408,1057601.206,174.16579908675797,682.8999999999999,61.7,136.60000000000002,269.30000000000007,421.90499999999986,131.22166235425235
1281C1260,283,1281,Lund,373,Större stad,21,2,1938,387433,6173395,2193.00677,262392.9775,96.95810502283105,538.6,28.9,75.9,147.8,253.9,81.7135960979104
1281C1310,284,1281,Lund,331,Större stad,21,2,1053,385209,6175299,1587.077278,129166.6922,65.17673515981734,277.40000000000003,21.9,50.6,98.2,167.0,52.243940143566846
1281C1320,285,1281,Lund,607,Större stad,21,2,1958,385209,6175299,1945.619794,200857.2096,123.31100456621006,554.5999999999997,43.3,97.0,191.22500000000002,303.10499999999996,94.98290472918556
1281C1360,286,1281,Lund,312,Större stad,21,2,1589,385209,6175299,1646.843227,134434.227,85.59712328767124,538.2,25.0,65.19999999999999,128.8,230.90499999999997,74.88956157635167
1281C1350,287,1281,Lund,167,Större stad,21,2,1691,385209,6175299,1419.855765,106312.0173,60.95989726027397,469.9,14.0,39.4,89.4,193.30499999999998,63.790670267581355
1281C1210,288,1281,Lund,385,Större stad,21,2,1418,385209,6175299,2792.438298,336645.0283,104.71553652968038,660.4000000000001,32.4,83.7,159.10000000000002,268.80999999999995,86.43330271742005
1281B3030,289,1281,Lund,593,Större stad,21,2,1427,397472,6166735,10337.0742,3268528.145,154.28706621004568,738.8999999999999,50.8,127.40000000000003,233.90000000000003,374.7149999999997,119.17828126206784
1281C1120,290,1281,Lund,110,Större stad,21,2,2002,387433,6173395,1690.261891,126634.7135,46.400171232876716,436.4,7.4,25.0,65.69999999999999,164.8199999999997,56.232197375370205
1281C1090,291,1281,Lund,328,Större stad,21,2,1362,387433,6173395,2877.115406,427430.8641,70.23808219178082,363.69999999999993,21.8,53.8,108.42500000000001,182.7,58.86477706741335
1281C1170,292,1281,Lund,251,Större stad,21,2,1192,387433,6173395,1467.771997,100977.1104,74.5201712328767,540.5,18.4,54.3,112.3,210.5,69.44506611775547
1281B3040,293,1281,Lund,947,Större stad,21,2,1966,397472,6166735,7455.60645,3042858.622,232.96015981735158,946.8999999999996,85.80000000000001,197.0,356.0,544.4049999999997,168.43080311318656
1281C1020,294,1281,Lund,619,Större stad,21,2,2124,387433,6173395,7231.651487,1500414.992,144.65655251141553,655.8000000000001,47.3,118.65,221.12500000000006,349.1,111.91135701204747
1281C1030,295,1281,Lund,912,Större stad,21,2,3200,387433,6173395,12745.57591,5274799.306,202.95155251141554,892.3999999999995,72.7,168.3,309.92500000000007,482.1999999999998,150.27293863561752
1281C1100,296,1281,Lund,563,Större stad,21,2,1926,387433,6173395,2144.769068,190190.9473,133.90537671232877,591.0,43.8,109.55,204.82500000000005,326.1,103.60237062702018
1281C1080,297,1281,Lund,470,Större stad,21,2,2203,387433,6173395,2892.767969,338872.6961,116.14561643835619,566.6999999999998,36.3,93.4,177.60000000000002,290.2,93.14413934507105
1281C1070,298,1281,Lund,611,Större stad,21,2,2582,385209,6175299,3556.110594,433735.0496,143.1375456621005,664.6999999999999,47.3,116.4,220.6,348.7,109.72427787443907
1281C1130,299,1281,Lund,294,Större stad,21,2,1471,387433,6173395,1681.635302,89957.64062,81.98019406392696,553.9999999999999,21.9,62.1,124.6,218.40000000000003,71.86418751319142
1281C1540,300,1281,Lund,475,Större stad,21,2,1620,389612,6177904,6889.946617,1928777.474,124.32656392694066,622.6999999999998,39.9,102.0,188.4,308.6199999999997,98.56728983531714
1281C1150,301,1281,Lund,446,Större stad,21,2,1638,385209,6175299,2600.239252,370229.5838,112.07954337899544,585.8999999999999,35.9,90.4,170.50000000000003,284.1199999999997,90.75862387919646
1281C1140,302,1281,Lund,636,Större stad,21,2,1635,387433,6173395,3587.616,626589.9727,187.3610159817352,813.1999999999998,64.8,165.9,282.7,438.305,137.19443239283916
1281C1110,303,1281,Lund,564,Större stad,21,2,2016,385209,6175299,4646.122478,1005286.916,133.62073059360728,670.5,46.8,109.6,203.225,322.90999999999985,101.7425115741395
1281B2010,304,1281,Lund,997,Större stad,21,2,1957,395923,6176843,8698.161165,3705627.684,218.24817351598173,863.0999999999997,79.5,179.85000000000002,332.35,513.4149999999997,159.06167585840387
1281C1340,305,1281,Lund,446,Större stad,21,2,1529,388592,6176569,3785.633467,580686.7179,113.04348173515982,608.1999999999999,35.8,91.1,172.65000000000003,286.805,91.09166775155884
1281C1280,306,1281,Lund,443,Större stad,21,2,1909,387433,6173395,4925.942154,1091279.615,110.04401826484019,591.2999999999997,35.5,87.69999999999999,167.62500000000003,275.6099999999999,88.46416331589471
1281C1380,307,1281,Lund,452,Större stad,21,2,1717,385209,6175299,2501.359912,271859.257,113.46985159817353,598.8000000000001,36.4,92.95,171.82500000000005,280.8099999999999,90.33274014431584
1281C1370,308,1281,Lund,221,Större stad,21,2,2280,388592,6176569,4688.568107,1187484.269,67.67114155251143,492.9,17.9,47.6,99.85,195.90499999999997,63.90891609477311
1281C1390,309,1281,Lund,512,Större stad,21,2,1657,388592,6176569,4733.285146,592253.1348,105.82327625570777,463.69999999999993,36.2,83.3,162.82500000000005,264.5,82.52308519103995
1281C1400,310,1281,Lund,549,Större stad,21,2,1765,385209,6175299,4095.709189,823207.0147,131.53238584474886,574.0,40.2,105.55,202.80000000000004,327.50499999999994,104.08639507276557
1281C1420,311,1281,Lund,283,Större stad,21,2,1165,388592,6176569,3442.630744,485104.4325,80.61485159817353,614.8,22.150000000000002,61.3,119.70000000000002,220.80999999999986,71.73462127655898
1281C1330,312,1281,Lund,487,Större stad,21,2,1452,385209,6175299,11011.92878,3196978.829,119.70408675799088,579.8,39.224999999999994,95.9,183.2,298.90999999999985,94.79490955579205
1281C1440,313,1281,Lund,48,Större stad,21,2,1838,388592,6176569,2132.198607,273032.9988,33.96317351598172,365.0,0.0,10.9,45.0,140.9,51.4276562454024
1281C1450,314,1281,Lund,12,Större stad,21,2,1486,388592,6176569,1462.23288,112345.9937,27.233150684931505,416.0,0.0,0.0,35.0,135.0,49.77770412497227
1281B2020,315,1281,Lund,598,Större stad,21,2,1207,395923,6176843,9688.16306,4348155.133,141.45947488584477,696.1999999999999,47.6,116.00000000000004,216.82500000000005,340.19999999999993,107.58952768760746
1281C1460,316,1281,Lund,665,Större stad,21,2,1903,383970,6176664,7080.711474,1552367.96,148.56244292237446,696.3999999999997,50.7,118.20000000000002,230.8,356.0,113.98388434997426
1281C1490,317,1281,Lund,580,Större stad,21,2,1660,388592,6176569,3637.905749,556879.1177,137.4808675799087,683.4999999999999,46.9,112.8,209.3,335.10499999999985,105.54057737850479
1281C1470,318,1281,Lund,461,Större stad,21,2,2233,388592,6176569,2960.856751,340947.7474,95.77005707762558,519.5,32.8,73.10000000000001,147.45,239.80000000000004,75.72543146110468
1281C1480,319,1281,Lund,356,Större stad,21,2,1158,385209,6175299,4024.463264,646982.234,94.33627853881279,552.1,28.8,73.1,144.6,244.60999999999984,78.92180232012495
1281C1500,320,1281,Lund,343,Större stad,21,2,1604,388592,6176569,1818.115131,184701.6095,90.98480593607306,517.5,28.5,72.1,137.72500000000002,238.60499999999993,76.34434588874421
1281C1520,321,1281,Lund,632,Större stad,21,2,1891,388592,6176569,4058.527775,671455.9372,147.30736301369862,728.3999999999999,49.9,119.4,224.2,363.0999999999999,113.64872253238994
1281C1430,322,1281,Lund,894,Större stad,21,2,3437,388592,6176569,11407.78478,3939527.253,196.4474315068493,766.5999999999996,70.9,163.20000000000002,301.79999999999995,461.70499999999976,143.66904634841495
1281C1510,323,1281,Lund,868,Större stad,21,2,2128,383970,6176664,5278.099519,728805.8903,194.12679223744288,792.8,69.1,158.95000000000002,295.925,461.20499999999987,143.62317777418858
1281C1530,324,1281,Lund,445,Större stad,21,2,1524,383970,6176664,3774.809275,559441.0333,111.99672374429224,637.7999999999997,35.9,90.70000000000002,171.00000000000003,278.9,89.78153276439869
1281C1550,325,1281,Lund,838,Större stad,21,2,2129,383970,6176664,8638.118731,2544556.868,187.27842465753423,909.5999999999996,65.3,153.85000000000002,284.625,447.8049999999998,140.4169134362989
1281B2030,326,1281,Lund,752,Större stad,21,2,1622,395923,6176843,10280.33104,3150124.865,171.36359589041098,717.1999999999997,60.0,141.10000000000002,263.1,411.3199999999997,128.94565070523004
1281B2040,327,1281,Lund,991,Större stad,21,2,2209,395923,6176843,9594.835709,3572546.785,217.64897260273972,814.0999999999996,77.9,178.25,330.75,516.5049999999998,160.19669442019412
1281A0030,328,1281,Lund,963,Större stad,21,2,1700,395923,6176843,73832.96746,56795117.95,189.6083904109589,717.2999999999998,67.875,148.05,292.875,463.4999999999998,143.46137761641458
1281C1560,329,1281,Lund,685,Större stad,21,2,1649,389612,6177904,13999.63444,4958690.638,155.78940639269405,683.1999999999996,53.7,129.10000000000002,239.4,370.1,116.61657845365626
1281C1570,330,1281,Lund,328,Större stad,21,2,932,389612,6177904,8624.657324,3224761.25,88.81519406392694,527.6,25.4,69.1,133.7,236.20499999999993,75.99791506900749
1281A0040,331,1281,Lund,749,Större stad,21,2,1278,389612,6177904,60778.28878,54018438.01,169.57472602739728,718.9999999999999,58.4,140.60000000000002,259.5,400.2049999999999,126.48957776367962
1280C1720,332,1280,Malmö,332,Storstäder,22,5,1689,375721,6161593,1447.162422,114341.6026,92.21295662100457,527.7999999999997,25.8,72.19999999999999,140.15000000000003,243.50000000000003,78.32203651721578
1280C1690,333,1280,Malmö,223,Storstäder,22,5,1465,377550,6161705,1679.872882,129013.2644,71.0281506849315,611.8,18.0,50.3,105.5,206.70999999999984,68.62405102305657
1280C1630,334,1280,Malmö,597,Storstäder,22,5,1769,370146,6162064,3394.115587,411071.5847,145.3071917808219,725.5999999999997,50.7,119.0,219.90000000000003,350.01499999999976,109.85361989571429
1280C1750,335,1280,Malmö,317,Storstäder,22,5,2078,377550,6161705,1268.240134,89409.9849,88.93728310502284,518.4999999999999,25.4,69.19999999999999,134.4,241.10499999999993,76.59171464819161
1280C1640,336,1280,Malmö,664,Storstäder,22,5,1541,370146,6162064,2994.453725,515749.5138,163.5561301369863,695.1999999999998,57.8,135.0,251.00000000000006,384.80499999999995,121.65693520568846
1280C1520,337,1280,Malmö,436,Storstäder,22,5,1448,372243,6160227,1780.841627,137968.7535,114.21109589041097,598.0999999999999,36.3,91.15,173.8,283.905,91.0134895646542
1280C1760,338,1280,Malmö,264,Storstäder,22,5,1842,375721,6161593,3081.253377,338885.2434,78.7128310502283,559.9999999999999,21.5,57.9,119.025,219.40499999999997,72.07004456053859
1280C1880,339,1280,Malmö,89,Storstäder,22,5,966,377550,6161705,1714.234445,133209.182,43.033401826484024,464.3,7.0,21.0,58.5,159.90499999999994,55.34907211360223
1280C1860,340,1280,Malmö,711,Storstäder,22,5,2046,370146,6162064,2287.267016,252733.6013,168.48664383561643,721.9999999999998,58.375,141.35000000000002,255.30000000000004,404.2099999999998,125.57168283588094
1280C1900,341,1280,Malmö,663,Storstäder,22,5,1948,370146,6162064,2415.415734,300987.9954,158.42331050228313,601.7999999999997,56.9,131.00000000000003,242.82500000000005,376.6099999999998,117.30313320597132
1280C1930,342,1280,Malmö,340,Storstäder,22,5,1806,373305,6162990,1331.548111,97130.49671,95.04038812785387,523.3,29.0,75.4,141.70000000000002,247.3099999999999,79.23457126793956
1280C1850,343,1280,Malmö,518,Storstäder,22,5,1412,374651,6161154,3080.128746,458005.3738,128.97689497716897,624.1999999999999,43.3,104.70000000000002,196.40000000000003,317.70000000000005,100.59093275909287
1280C2680,344,1280,Malmö,356,Storstäder,22,5,1695,373305,6162990,4638.581999,704544.1524,96.67866438356164,684.7999999999998,29.0,76.65,145.2,250.6,80.96362669935758
1280C2600,345,1280,Malmö,1161,Storstäder,22,5,3027,380325,6162973,7624.985784,1819772.24,258.3060844748858,905.5999999999996,94.5,210.35000000000002,400.25000000000006,604.4999999999997,187.14657238484043
1280C2750,346,1280,Malmö,402,Storstäder,22,5,2136,375585,6164375,1540.807825,116481.0022,106.35264840182649,513.8000000000001,32.9,84.0,160.62500000000006,271.905,85.73186621593992
1280C2780,347,1280,Malmö,288,Storstäder,22,5,1623,374671,6163900,1321.345082,107111.2052,88.1049885844749,491.9,25.3,68.8,131.925,238.6,76.5568385123412
1280C2800,348,1280,Malmö,410,Storstäder,22,5,1635,374671,6163900,1207.060401,75081.04282,107.79995433789955,541.2,35.5,86.69999999999999,163.20000000000002,274.305,86.92405833187594
1280C2130,349,1280,Malmö,506,Storstäder,22,5,1802,373305,6162990,2320.024706,319011.8898,127.9945091324201,620.0,40.2,105.5,195.625,313.30999999999995,99.69105552479904
1280C2240,350,1280,Malmö,310,Storstäder,22,5,1824,374404,6162533,1472.317101,70641.30415,87.89503424657535,484.5,25.4,67.95,132.22500000000002,234.80499999999995,75.72434791093404
1280C2290,351,1280,Malmö,293,Storstäder,22,5,1661,374404,6162533,988.3453,58698.93405,83.7120890410959,530.5999999999999,24.9,63.8,126.8,227.11999999999975,73.47045019699205
1280C2200,352,1280,Malmö,371,Storstäder,22,5,1935,374404,6162533,2171.826627,195891.2595,99.95170091324201,544.8,29.4,79.7,152.02500000000003,253.91499999999982,82.27873350284008
1280C2230,353,1280,Malmö,215,Storstäder,22,5,1431,374404,6162533,1755.155187,129891.4789,69.08296803652969,518.6,17.9,49.849999999999994,103.825,199.5299999999996,65.88444354839598
1280C2300,354,1280,Malmö,460,Storstäder,22,5,1782,375721,6161593,1601.596444,107573.3098,118.15697488584476,558.8999999999999,38.9,95.75,181.00000000000003,293.60499999999996,93.17599329214134
1280C2310,355,1280,Malmö,316,Storstäder,22,5,1557,374404,6162533,1510.538769,80020.47575,88.72140410958905,507.8999999999999,25.700000000000003,68.64999999999999,133.8,238.21499999999978,75.624638345982
1280C2080,356,1280,Malmö,2448,Storstäder,22,5,9007,370146,6162064,6488.772334,1478076.253,515.280810502283,1561.500000000001,192.30000000000004,419.29999999999995,785.9999999999995,1210.3050000000003,369.76574962734145
1280C2000,357,1280,Malmö,466,Storstäder,22,5,1757,375721,6161593,1454.700158,103276.4046,120.36430365296805,614.2999999999998,40.0,98.4,181.50000000000003,297.20000000000005,93.6647275686992
1280C1940,358,1280,Malmö,430,Storstäder,22,5,2446,374651,6161154,2157.639365,269724.3363,89.28460045662102,392.9999999999999,32.4,68.7,136.525,221.60499999999993,69.28870327466353
1280C1970,359,1280,Malmö,204,Storstäder,22,5,1514,374404,6162533,1492.440773,112502.8826,66.31671232876712,471.4000000000001,14.8,44.2,97.825,200.80499999999995,66.24784263737239
1280C1980,360,1280,Malmö,332,Storstäder,22,5,2132,375721,6161593,2114.53141,150763.0376,73.73763698630138,440.7,24.9,57.7,112.1,188.80499999999995,60.5996297630736
1280C2270,361,1280,Malmö,452,Storstäder,22,5,1703,373305,6162990,1729.190395,100200.7412,115.48235159817354,553.1999999999998,36.5,94.55,176.12500000000003,284.40500000000003,90.29890423167322
1280C1210,362,1280,Malmö,526,Storstäder,22,5,2097,374853,6159777,2176.178315,180909.0474,131.4722374429224,604.9999999999999,40.575,107.1,202.725,320.9149999999998,103.22664511274992
1280C1240,363,1280,Malmö,437,Storstäder,22,5,2112,374853,6159777,1247.60837,96889.34977,113.6420091324201,565.1,36.4,93.8,171.50000000000003,282.90500000000003,89.35517209085164
1280C2730,364,1280,Malmö,314,Storstäder,22,5,1525,374671,6163900,1352.434703,88110.50836,87.73364155251141,548.1,25.5,68.5,133.0,231.00000000000003,73.68171645106503
1280C1090,365,1280,Malmö,983,Storstäder,22,5,2444,369655,6157121,11415.97741,5499854.75,221.45936073059357,826.2999999999995,80.5,183.8,334.725,520.8049999999997,161.20785316748743
1280C1140,366,1280,Malmö,629,Storstäder,22,5,1453,369655,6157121,5657.607542,1635587.113,152.17397260273972,668.5,50.9,124.35,232.02500000000003,367.9399999999994,116.0412645275533
1280C2030,367,1280,Malmö,334,Storstäder,22,5,1310,373305,6162990,1467.364636,121744.1447,93.24945205479453,555.2,28.5,72.5,141.0,246.10999999999984,78.97211249288694
1280C2060,368,1280,Malmö,309,Storstäder,22,5,1468,374404,6162533,1227.723384,78030.38884,87.63436073059363,517.8999999999999,25.4,68.35,132.75,233.50999999999988,75.13110329723732
1280C2490,369,1280,Malmö,481,Storstäder,22,5,1667,373305,6162990,1631.968468,165704.1781,122.4167694063927,615.0999999999999,39.9,98.9,188.425,301.2,95.74111232829335
1280C2520,370,1280,Malmö,488,Storstäder,22,5,1977,373305,6162990,1327.420034,81664.98866,123.10386986301371,599.4999999999998,40.0,101.45000000000002,184.90000000000003,303.7,95.87812116387302
1280C2410,371,1280,Malmö,475,Storstäder,22,5,1520,373305,6162990,2192.906117,201964.1278,120.21852739726027,601.3999999999997,39.9,97.7,182.175,296.10499999999996,93.71174422752699
1280C2330,372,1280,Malmö,545,Storstäder,22,5,1304,370146,6162064,3199.575309,439884.1488,135.62865296803653,616.0,46.8,112.0,206.9,329.0,104.11941740157776
1280C2450,373,1280,Malmö,411,Storstäder,22,5,1551,373305,6162990,1072.078074,68051.01039,107.17737442922373,614.5,32.9,86.8,162.1,270.50499999999994,86.23966401919766
1280C2400,374,1280,Malmö,313,Storstäder,22,5,1725,374404,6162533,1664.786361,110516.6338,88.60713470319635,585.2,25.700000000000003,68.7,133.7,233.80499999999998,76.11189243104467
1280C2460,375,1280,Malmö,412,Storstäder,22,5,1719,373305,6162990,1473.486522,69143.01723,108.39318493150685,563.4000000000001,35.8,87.10000000000001,163.40000000000003,274.50499999999994,87.86785807192908
1280C2480,376,1280,Malmö,293,Storstäder,22,5,1379,373305,6162990,1235.280083,92793.5123,84.01009132420091,548.6999999999999,25.0,65.05,125.8,221.10499999999993,72.53678093344602
1280C2470,377,1280,Malmö,355,Storstäder,22,5,1777,374404,6162533,1126.090293,73096.2575,96.57793378995433,583.0999999999998,28.9,75.6,146.10000000000002,250.60499999999993,80.70938957201638
1280C2510,378,1280,Malmö,360,Storstäder,22,5,1612,374404,6162533,1050.120511,64731.69166,98.73386986301371,648.1999999999998,29.3,78.5,149.50000000000003,253.3199999999997,82.03633886986943
1280C2440,379,1280,Malmö,479,Storstäder,22,5,1496,375585,6164375,2067.996048,255248.7762,121.60328767123288,582.9999999999995,39.9,98.0,185.50000000000003,298.20000000000005,94.86765667407862
1280C1160,380,1280,Malmö,673,Storstäder,22,5,2146,369655,6157121,4809.553839,1095606.959,160.81261415525114,669.5999999999997,57.675000000000004,133.05,246.92500000000004,382.10499999999985,120.5141844683913
1280C2610,381,1280,Malmö,760,Storstäder,22,5,4072,375523,6164336,2868.513335,378733.3912,175.6314840182648,670.9999999999998,61.8,145.3,268.3,415.9,130.09944441202504
1280C2670,382,1280,Malmö,390,Storstäder,22,5,1887,374671,6163900,2288.291825,205676.4451,103.25006849315069,692.4999999999999,32.4,83.1,155.6,265.70000000000005,84.25866618219115
1280C2810,383,1280,Malmö,419,Storstäder,22,5,1979,375523,6164336,1440.098444,107356.6284,110.28303652968039,627.0,33.2,87.4,169.125,278.0,89.07301924947714
1280C2830,384,1280,Malmö,420,Storstäder,22,5,1456,377680,6165466,2683.178945,325834.0519,109.94805936073061,579.5999999999999,35.724999999999994,88.7,167.10000000000002,276.0099999999999,88.58830681565709
1280C2740,385,1280,Malmö,672,Storstäder,22,5,1673,377680,6165466,7456.442181,2139670.338,159.3115296803653,636.3999999999999,54.3,130.85000000000002,246.60000000000005,379.19999999999993,119.22698092470687
1280C1680,386,1280,Malmö,406,Storstäder,22,5,2039,374651,6161154,2871.43731,443715.3921,106.64329908675798,566.3,32.5,83.7,163.8,271.80499999999995,87.07265813036247
1280C1790,387,1280,Malmö,526,Storstäder,22,5,1622,370146,6162064,1665.894521,126318.9016,119.68099315068493,552.5,42.8,94.9,185.2,291.10499999999996,91.68557089168371
1280C1960,388,1280,Malmö,347,Storstäder,22,5,1488,375721,6161593,2902.138927,495050.3463,95.16811643835618,547.2999999999997,28.8,75.1,144.8,250.4,80.1354795040374
1280C2100,389,1280,Malmö,219,Storstäder,22,5,1574,374404,6162533,907.6604319,51546.92285,48.53054794520548,316.20000000000005,14.5,35.9,72.8,130.70499999999993,43.3138197181754
1280C2020,390,1280,Malmö,300,Storstäder,22,5,2149,377550,6161705,1819.563386,202644.1639,86.04494292237442,506.69999999999993,25.0,65.65,130.8,227.40499999999997,74.53326818723947
1280C2090,391,1280,Malmö,270,Storstäder,22,5,1720,374404,6162533,1014.850905,60225.16242,79.07972602739726,498.3999999999999,21.8,60.4,119.0,218.00000000000003,69.90829602162995
1280C2420,392,1280,Malmö,382,Storstäder,22,5,1469,373305,6162990,1216.74602,73615.98811,102.07884703196348,581.4000000000001,32.4,82.1,154.9,258.0099999999999,82.92191209896566
1280C2380,393,1280,Malmö,385,Storstäder,22,5,1860,374404,6162533,1666.50795,130700.7237,116.90065068493153,590.5,35.975,98.0,172.20000000000002,297.4049999999999,94.4297100070299
1280C2430,394,1280,Malmö,352,Storstäder,22,5,1387,373305,6162990,1412.544352,57267.46452,81.8541894977169,427.0,25.5,61.6,126.3,208.00000000000003,67.2034227070812
1280C2390,395,1280,Malmö,301,Storstäder,22,5,1594,374404,6162533,1276.474636,83200.62153,64.56995433789955,324.20000000000005,21.8,49.9,97.7,167.4,52.8584138616555
1280C2320,396,1280,Malmö,626,Storstäder,22,5,1486,370146,6162064,2724.034086,396866.2803,150.73859589041098,734.6999999999998,53.5,123.10000000000002,229.32500000000005,361.30499999999995,113.39685818460205
1280C1010,397,1280,Malmö,933,Storstäder,22,5,2074,376146,6150270,4376.860435,998994.4715,212.28086757990866,788.7999999999996,78.7,174.10000000000002,325.69999999999993,496.9999999999998,154.35706121375566
1280C1230,398,1280,Malmö,612,Storstäder,22,5,1819,374853,6159777,1947.263949,163773.1569,148.9259589041096,749.6999999999999,53.3,122.40000000000002,228.40000000000003,355.5099999999998,111.32234980675129
1280C1020,399,1280,Malmö,601,Storstäder,22,5,1431,367467,6154862,18235.66076,12104860.31,139.46805936073062,605.9999999999999,47.6,113.20000000000002,213.4,336.43499999999955,105.92605492027269
1280C1030,400,1280,Malmö,842,Storstäder,22,5,2137,367467,6154862,13750.23609,6628719.072,196.23457762557078,762.5999999999998,72.1,161.95000000000002,296.9,468.90499999999986,144.62627468951527
1280C1060,401,1280,Malmö,651,Storstäder,22,5,1622,379526,6156913,4173.480513,817918.2872,157.13364155251142,621.8999999999996,53.9,130.2,241.22500000000005,375.91499999999974,118.28720203029248
1280C1070,402,1280,Malmö,716,Storstäder,22,5,2200,379526,6156913,2994.082144,333209.2323,149.27657534246572,559.4999999999999,54.4,119.0,226.55,361.70999999999987,111.62657530096368
1280C1200,403,1280,Malmö,564,Storstäder,22,5,2169,368691,6159551,3972.69909,374306.4161,138.28762557077627,587.0999999999999,46.8,114.9,210.40000000000003,336.80499999999984,106.11617953737618
1280C1050,404,1280,Malmö,1251,Storstäder,22,5,2641,379526,6156913,11608.39521,4844429.817,276.67543378995424,1026.6999999999994,102.775,228.40000000000003,419.0,651.6199999999993,199.75357244822564
1280C1260,405,1280,Malmö,480,Storstäder,22,5,1548,374853,6159777,3187.987291,313475.5625,122.50026255707763,560.0999999999998,40.3,99.9,186.32500000000002,298.905,94.89704857728006
1280C1040,406,1280,Malmö,958,Storstäder,22,5,2300,376445,6159051,26811.40971,19834251.34,216.98939497716893,882.0999999999996,79.275,179.60000000000002,331.625,509.2049999999999,157.68455407551514
1280C1100,407,1280,Malmö,728,Storstäder,22,5,1678,379526,6156913,2961.680516,521150.4717,163.50074200913238,692.8999999999997,57.675000000000004,133.4,252.2,389.8999999999999,122.62630877856293
1280C1310,408,1280,Malmö,402,Storstäder,22,5,1895,372243,6160227,2996.040334,406391.0018,107.10973744292238,617.4999999999998,32.8,85.5,163.3,272.3,86.79416102934675
1280C1080,409,1280,Malmö,627,Storstäder,22,5,1472,379526,6156913,7682.213895,2016848.383,150.1064383561644,728.8999999999996,51.3,124.3,227.22500000000002,362.2049999999999,112.71197052521829
1280C1170,410,1280,Malmö,790,Storstäder,22,5,3280,374853,6159777,4284.148601,788358.0425,184.28398401826485,796.9999999999997,64.7,151.40000000000003,282.425,445.81499999999977,139.1469420882728
1280C1130,411,1280,Malmö,899,Storstäder,22,5,2006,379526,6156913,8570.893999,2106991.375,182.66453196347032,651.2999999999996,67.4,141.90000000000003,279.40000000000003,446.49999999999983,136.60370175619266
1280C1110,412,1280,Malmö,957,Storstäder,22,5,2498,379526,6156913,13243.35638,3923959.328,219.94761415525113,860.1999999999995,79.6,180.90000000000003,334.12500000000006,519.5049999999997,160.50133313151832
1280C1120,413,1280,Malmö,446,Storstäder,22,5,1110,368691,6159551,13146.32398,5176007.23,103.17368721461187,554.4999999999998,35.4,82.0,156.625,258.3,81.95670039948057
1280C1190,414,1280,Malmö,953,Storstäder,22,5,2498,368691,6159551,4064.601053,813131.7787,196.9861415525114,665.9999999999998,69.4,153.40000000000003,301.225,480.3099999999997,147.83785425052295
1280C1610,415,1280,Malmö,621,Storstäder,22,5,1817,375721,6161593,3270.742709,469472.397,128.58624429223744,543.3999999999999,46.4,98.5,198.60000000000002,319.805,98.8822150124223
1280C1150,416,1280,Malmö,500,Storstäder,22,5,1516,374853,6159777,8403.213606,2269981.938,134.57648401826484,654.6999999999998,43.8,110.6,204.00000000000009,329.6,105.00907190690756
1280C1220,417,1280,Malmö,700,Storstäder,22,5,1681,372243,6160227,3536.768201,380160.4801,148.5501598173516,577.4999999999998,53.975,117.5,227.25000000000006,363.7049999999999,111.90978901234207
1280C1290,418,1280,Malmö,451,Storstäder,22,5,2167,374853,6159777,2621.584817,231720.482,90.06891552511418,394.9999999999997,32.4,69.19999999999999,136.625,226.50999999999993,70.70162513995706
1280C1300,419,1280,Malmö,538,Storstäder,22,5,1653,374853,6159777,1777.764489,168787.7611,128.7291095890411,733.5999999999999,46.3,104.8,196.0,309.4049999999999,98.02051447425825
1280C1870,420,1280,Malmö,524,Storstäder,22,5,1901,373305,6162990,1625.33069,151437.0235,121.13865296803654,657.3,40.1,97.5,184.925,296.1099999999999,93.73616287555151
1280C1920,421,1280,Malmö,439,Storstäder,22,5,1211,374404,6162533,1336.048146,99002.96128,108.69946347031964,487.79999999999984,35.5,87.4,166.60000000000002,268.9,86.59868158851428
1280C1280,422,1280,Malmö,706,Storstäder,22,5,1785,372243,6160227,4482.223216,504254.3749,149.41804794520547,690.2999999999998,54.0,116.6,229.72500000000005,365.20999999999975,113.58686692173313
1280C1250,423,1280,Malmö,759,Storstäder,22,5,1701,368691,6159551,8842.438377,3029994.066,166.4547716894977,755.2999999999996,58.0,134.20000000000002,256.95000000000005,399.49999999999983,124.25865626535597
1280C1320,424,1280,Malmö,362,Storstäder,22,5,2057,374853,6159777,1588.102706,134827.5135,91.53092465753424,468.0,28.9,72.3,138.35000000000002,232.50499999999994,75.19691664351727
1280C1180,425,1280,Malmö,703,Storstäder,22,5,1754,376445,6159051,13883.06623,6970211.698,167.00291095890412,672.8999999999996,57.7,138.3,255.00000000000006,396.8,124.1938364399705
1280C1270,426,1280,Malmö,1123,Storstäder,22,5,6527,372243,6160227,5930.782536,1759847.461,248.93631278538808,978.1999999999994,90.5,203.9000000000001,381.47499999999997,587.9999999999995,181.09551903449776
1280C1360,427,1280,Malmö,562,Storstäder,22,5,1519,374853,6159777,1011.733448,57978.69481,154.21171232876713,771.5999999999999,50.9,129.05,234.52500000000003,372.6099999999998,118.31509030331978
1280C1330,428,1280,Malmö,545,Storstäder,22,5,1460,374853,6159777,2143.349299,172240.3659,135.28803652968037,640.3999999999997,46.4,110.55,206.90000000000003,331.4149999999998,103.49860062725057
1280C1380,429,1280,Malmö,566,Storstäder,22,5,2448,374853,6159777,1694.512967,142776.0341,140.38825342465753,750.9999999999997,47.375,113.0,213.30000000000004,342.10499999999996,108.44518868902212
1280C1350,430,1280,Malmö,382,Storstäder,22,5,2071,374853,6159777,2738.471123,239067.6993,102.58348173515982,570.6999999999999,32.0,80.6,155.9,263.30999999999995,84.5632592401266
1280C1390,431,1280,Malmö,677,Storstäder,22,5,1891,374853,6159777,3332.65138,226234.197,141.09700913242008,591.1999999999996,50.775,110.20000000000002,216.7,347.00999999999976,107.43876857113185
1280C1460,432,1280,Malmö,416,Storstäder,22,5,1811,374853,6159777,1837.567378,125626.7108,97.03664383561645,531.8999999999997,32.4,76.4,148.625,244.3,77.61932409031658
1280C1430,433,1280,Malmö,394,Storstäder,22,5,2471,372243,6160227,2050.463466,216895.4034,86.34065068493152,456.7,29.0,65.4,132.925,218.00000000000003,69.34618975050972
1280C1420,434,1280,Malmö,585,Storstäder,22,5,1565,374651,6161154,2421.092874,187159.2724,163.91268264840184,761.4999999999995,54.875,139.3,249.72500000000005,394.6099999999999,124.22046680299817
1280C1370,435,1280,Malmö,891,Storstäder,22,5,2042,376445,6159051,3825.226419,751569.7404,205.04481735159814,782.1999999999997,72.675,168.8,312.82499999999993,487.5099999999998,150.98285209352045
1280C1410,436,1280,Malmö,558,Storstäder,22,5,1298,372243,6160227,3323.627334,545633.2324,139.32613013698634,586.6999999999997,47.0,115.6,214.85000000000002,335.9999999999999,105.99967311674831
1280C1470,437,1280,Malmö,419,Storstäder,22,5,1673,374853,6159777,1263.696278,76707.4774,98.7680479452055,502.3,32.4,77.15,153.10000000000002,243.90000000000003,78.99414249220285
1280C1400,438,1280,Malmö,800,Storstäder,22,5,2018,374853,6159777,3773.191602,740369.4309,163.97222602739728,581.0999999999997,57.99999999999999,129.20000000000002,249.60000000000002,406.0999999999999,124.09407845424647
1280C1340,439,1280,Malmö,1130,Storstäder,22,5,3436,372243,6160227,6014.917193,1609086.244,239.87761415525114,876.2999999999996,86.10000000000001,191.8,363.62500000000006,575.8349999999992,177.13846265420165
1280C1530,440,1280,Malmö,386,Storstäder,22,5,1873,374853,6159777,1776.720398,176754.4133,93.05367579908678,511.5,29.3,72.6,144.3,234.9,75.267011445563
1280C1480,441,1280,Malmö,264,Storstäder,22,5,1458,372243,6160227,2967.981221,391597.4444,82.41885844748857,506.4,21.9,62.1,123.8,228.3,74.16761624235667
1280C1510,442,1280,Malmö,799,Storstäder,22,5,2360,375721,6161593,3662.115325,688848.3745,180.28844748858447,738.4999999999995,65.2,146.35000000000002,275.20000000000005,428.12499999999943,132.8817950458418
1280C1490,443,1280,Malmö,487,Storstäder,22,5,1300,374651,6161154,3238.221516,395801.6991,132.39928082191784,663.8999999999999,42.8,111.75,201.80000000000004,323.9999999999999,102.50348033346833
1280C1580,444,1280,Malmö,580,Storstäder,22,5,2041,374651,6161154,1596.620229,159532.0989,158.3292808219178,797.0999999999998,53.9,135.55,238.3,376.40999999999997,118.85548052858368
1280C1570,445,1280,Malmö,408,Storstäder,22,5,1284,374651,6161154,1911.409607,174257.9663,107.86256849315069,616.3,33.0,87.10000000000001,163.72500000000002,273.10499999999996,86.68581856398617
1280C1590,446,1280,Malmö,611,Storstäder,22,5,2050,374651,6161154,1936.569609,220680.8167,147.70430365296804,760.8999999999997,51.1,121.20000000000002,226.97500000000002,352.7149999999997,111.62227532767163
1280C1440,447,1280,Malmö,1132,Storstäder,22,5,3235,368691,6159551,5720.765096,1845231.129,240.597808219178,824.0999999999996,86.10000000000001,191.25,367.175,578.6999999999995,178.1517630534809
1280C1600,448,1280,Malmö,273,Storstäder,22,5,1629,375721,6161593,2495.406993,212049.2689,74.9013698630137,584.1999999999999,21.5,56.9,112.7,204.50999999999993,66.85158114462901
1280C1620,449,1280,Malmö,471,Storstäder,22,5,1413,372243,6160227,1893.026714,217835.7255,114.90148401826485,580.1000000000001,39.3,92.55000000000001,175.7,280.1149999999998,89.99902754780751
1280C1700,450,1280,Malmö,416,Storstäder,22,5,2172,372243,6160227,1678.318143,165064.2205,96.87947488584476,498.50000000000006,32.4,76.5,149.10000000000002,239.50000000000009,76.67008777750884
1280C1500,451,1280,Malmö,557,Storstäder,22,5,1936,377550,6161705,4043.485424,850033.803,130.87934931506854,608.3999999999997,45.9,105.55,200.32500000000005,317.70999999999987,100.60699009863231
1280C1560,452,1280,Malmö,682,Storstäder,22,5,1918,370146,6162064,4238.835989,798261.9267,173.14698630136988,750.2999999999998,61.775,147.75,261.725,407.12499999999955,126.80877928233299
1280C1710,453,1280,Malmö,283,Storstäder,22,5,2062,374651,6161154,1555.852808,127075.3841,58.57350456621005,313.70000000000005,21.4,43.8,87.6,152.30499999999995,47.43206336248139
1280C1650,454,1280,Malmö,499,Storstäder,22,5,1360,372243,6160227,2727.846087,458344.0509,105.83484018264839,492.8999999999999,36.3,82.2,162.62500000000003,263.62499999999966,83.20639123453051
1280C1450,455,1280,Malmö,774,Storstäder,22,5,1698,377550,6161705,8194.09361,2277999.427,154.81462328767122,521.8999999999997,57.4,120.10000000000002,236.52500000000006,377.7149999999997,116.25252235968863
1280C1740,456,1280,Malmö,337,Storstäder,22,5,1970,375721,6161593,1963.540435,117879.1575,92.6426598173516,548.7,25.8,72.25,140.9,242.8,78.82061527544337
1280C1540,457,1280,Malmö,645,Storstäder,22,5,1444,368691,6159551,8156.955338,2793809.088,156.0778881278539,825.3999999999999,54.775,129.20000000000002,239.22500000000002,371.20500000000004,116.43223814352561
1280C1730,458,1280,Malmö,715,Storstäder,22,5,1681,377550,6161705,2771.841499,316363.5385,169.14660958904108,709.1999999999996,60.7,139.60000000000002,257.725,403.50499999999994,125.94098600385514
1280C1780,459,1280,Malmö,642,Storstäder,22,5,1529,377550,6161705,2472.334422,314181.9715,154.30105022831052,812.8999999999996,52.9,126.25,238.60000000000002,368.9199999999997,116.79522800563578
1280C1670,460,1280,Malmö,587,Storstäder,22,5,1425,372243,6160227,3923.238318,466502.5869,143.62381278538814,835.2999999999996,50.3,117.15,217.925,347.3099999999997,108.68487155646979
1280C1770,461,1280,Malmö,311,Storstäder,22,5,1448,375721,6161593,1917.048234,102121.296,65.02635844748859,404.3,21.8,49.9,98.325,168.20499999999998,53.43878566788738
1280C1800,462,1280,Malmö,297,Storstäder,22,5,1675,374651,6161154,1352.631896,95663.19402,87.2481392694064,489.2000000000001,25.0,68.69999999999999,130.82500000000005,230.91999999999973,75.044448715315
1280C1660,463,1280,Malmö,594,Storstäder,22,5,1550,372243,6160227,3235.105756,433899.1407,123.0663584474886,580.9999999999999,43.3,94.5,187.7,305.5099999999999,95.35771359552561
1280C1840,464,1280,Malmö,366,Storstäder,22,5,1667,377550,6161705,1817.191574,156925.3815,73.26882420091323,315.9,25.5,55.0,112.3,185.80000000000004,58.057774839418954
1280C1830,465,1280,Malmö,310,Storstäder,22,5,1808,375721,6161593,1816.977166,133347.5287,89.23038812785387,554.5999999999999,25.4,68.8,134.0,236.30499999999995,76.85168864192264
1280C1550,466,1280,Malmö,944,Storstäder,22,5,2142,380325,6162973,19612.48524,10739377.84,187.93641552511414,663.8999999999994,68.19999999999999,145.55,288.6,462.42499999999956,141.38172490276904
1280C1820,467,1280,Malmö,607,Storstäder,22,5,2433,372243,6160227,2283.556179,242684.3099,123.83357305936075,431.9999999999999,43.7,97.0,188.50000000000006,308.69999999999993,95.0893657799584
1280C1810,468,1280,Malmö,667,Storstäder,22,5,1726,370146,6162064,2936.815433,503079.7669,158.37608447488586,711.4999999999997,54.4,128.8,243.12500000000006,380.00499999999994,119.70380399897581
1280C1890,469,1280,Malmö,301,Storstäder,22,5,1985,375721,6161593,1515.531752,135205.1182,87.53888127853884,557.3,25.0,66.8,131.3,236.8,76.71839831731494
1280C1950,470,1280,Malmö,660,Storstäder,22,5,1829,370146,6162064,3585.985998,462452.6376,157.7466095890411,701.4999999999999,54.6,130.4,241.60000000000002,377.70999999999987,118.34214386246066
1280C2160,471,1280,Malmö,376,Storstäder,22,5,1327,373305,6162990,1758.781027,104806.2288,82.28037671232876,394.50000000000006,28.5,62.1,126.80000000000001,208.2,66.3930610915732
1280C2250,472,1280,Malmö,369,Storstäder,22,5,1267,373305,6162990,1501.942263,109214.3883,93.36098173515983,562.1999999999999,29.0,72.6,143.025,237.8099999999999,76.89510436571817
1280C2220,473,1280,Malmö,281,Storstäder,22,5,1758,374404,6162533,1015.985576,61756.2659,75.70633561643835,518.7999999999998,21.8,57.7,114.825,203.00999999999988,66.4626776045828
1280C2260,474,1280,Malmö,254,Storstäder,22,5,1688,374404,6162533,1233.587838,69891.87555,90.05497716894978,580.7999999999998,21.9,68.95,133.22500000000002,251.20499999999993,82.26711880104604
1280C2530,475,1280,Malmö,835,Storstäder,22,5,1814,380325,6162973,4723.628525,808908.6844,168.19066210045665,577.8999999999996,60.4,130.5,257.50000000000006,414.70499999999976,127.94408996109212
1280C1990,476,1280,Malmö,763,Storstäder,22,5,1795,377550,6161705,3018.127488,569457.3189,151.91462328767125,527.6999999999998,56.9,118.85,230.425,370.70499999999987,114.02357092872677
1280C2050,477,1280,Malmö,438,Storstäder,22,5,1433,373305,6162990,2434.202717,341502.8711,139.76842465753427,679.1999999999999,46.0,118.70000000000002,208.3,349.2049999999999,109.40260818523791
1280C2110,478,1280,Malmö,254,Storstäder,22,5,1260,375721,6161593,1118.088478,69450.4639,78.4643607305936,609.5999999999998,21.4,57.75,117.025,222.80499999999995,72.5092620493001
1280C2140,479,1280,Malmö,172,Storstäder,22,5,1427,374404,6162533,1220.168939,52424.04077,98.69092465753425,757.8,18.4,69.55,149.9,288.7,96.66187502290899
1280C1910,480,1280,Malmö,207,Storstäder,22,5,1603,374404,6162533,3805.868547,595367.8925,66.84521689497717,548.0999999999999,17.9,46.9,97.9,198.30499999999995,65.61466233732902
1280C2070,481,1280,Malmö,466,Storstäder,22,5,1080,377550,6161705,2730.573537,350554.6763,129.93763698630138,695.0999999999998,42.5,108.45,196.82500000000005,319.30499999999995,101.43086058747866
1280C2150,482,1280,Malmö,418,Storstäder,22,5,1303,375721,6161593,1199.54163,88046.26695,109.13066210045663,600.4999999999998,35.4,88.5,167.0,273.1,87.25895740402912
1280C2180,483,1280,Malmö,403,Storstäder,22,5,1736,375721,6161593,1518.109062,101914.2074,88.71286529680366,491.6,31.9,69.1,134.72500000000002,219.00000000000003,69.80413345653304
1280C2170,484,1280,Malmö,336,Storstäder,22,5,1225,373305,6162990,1860.038556,101564.3415,92.12514840182651,506.5,28.0,72.6,137.8,243.3,77.8727173708559
1280C2040,485,1280,Malmö,756,Storstäder,22,5,1735,380325,6162973,3532.955056,444177.8034,176.60827625570775,799.9999999999997,62.1,145.20000000000002,268.90000000000003,418.49999999999983,130.4069171669164
1280C2120,486,1280,Malmö,901,Storstäder,22,5,2229,377550,6161705,4773.759441,752914.9137,213.9267922374429,798.4999999999994,77.0,178.75,325.29999999999995,502.60499999999985,154.82091754329068
1280C2350,487,1280,Malmö,352,Storstäder,22,5,1415,373305,6162990,1339.364268,68419.35768,95.0362899543379,550.0,28.9,75.9,145.22500000000002,243.1,79.17818852875001
1280C2360,488,1280,Malmö,471,Storstäder,22,5,1698,373305,6162990,1263.670311,84640.08998,119.86316210045662,516.8999999999999,39.7,96.3,181.6,298.3099999999999,94.34925459669086
1280C2370,489,1280,Malmö,388,Storstäder,22,5,1931,374404,6162533,1780.518436,121245.2694,102.36624429223745,704.9999999999999,32.5,82.6,154.50000000000003,261.205,83.35457832443527
1280C2190,490,1280,Malmö,380,Storstäder,22,5,1260,373305,6162990,3442.137675,670111.6603,82.04900684931508,423.1,28.5,62.2,126.3,206.6,65.77479931952215
1280C2280,491,1280,Malmö,597,Storstäder,22,5,2057,377550,6161705,6046.505881,1166680.821,146.47408675799088,766.6999999999997,50.150000000000006,120.4,225.4,354.3999999999999,111.58132226414966
1280C2570,492,1280,Malmö,343,Storstäder,22,5,1379,373305,6162990,875.5684881,48054.47061,94.52385844748858,595.2,28.9,75.6,143.9,242.40499999999997,77.83701115304028
1280C2540,493,1280,Malmö,332,Storstäder,22,5,1754,374404,6162533,1481.777997,102174.9517,91.07608447488586,505.99999999999983,28.5,71.25,138.3,234.9,76.72816600111341
1280C2550,494,1280,Malmö,678,Storstäder,22,5,1510,373305,6162990,2859.297001,322171.3771,184.5000684931507,860.0999999999997,63.9,158.9,277.70000000000005,435.7049999999998,135.56005421121017
1280C2580,495,1280,Malmö,261,Storstäder,22,5,1245,374671,6163900,1701.981588,116702.0373,81.5517694063927,488.8999999999999,22.0,61.650000000000006,120.42500000000001,226.8199999999997,72.47938757071002
1280C2650,496,1280,Malmö,422,Storstäder,22,5,1355,373305,6162990,1070.491468,66970.23207,123.13521689497716,656.0999999999998,36.4,101.3,186.32500000000005,312.80499999999995,99.36723912648995
1280C2210,497,1280,Malmö,957,Storstäder,22,5,2142,370146,6162064,7772.38522,1932249.437,241.04186073059364,956.0999999999998,90.3,204.20000000000002,364.6499999999999,558.3149999999996,171.38207879881193
1280C2560,498,1280,Malmö,227,Storstäder,22,5,1323,374671,6163900,1629.003746,150998.6908,88.2395091324201,752.1999999999999,21.5,65.5,130.4,252.9199999999997,83.01623318098359
1280C2590,499,1280,Malmö,506,Storstäder,22,5,1524,373305,6162990,2036.867813,107311.9308,101.54718036529681,383.4999999999999,36.275,78.7,155.60000000000002,253.80000000000004,78.33411520834926
1280C2620,500,1280,Malmö,490,Storstäder,22,5,1605,373305,6162990,1541.44251,87238.35154,146.0867465753425,767.6999999999998,47.05,126.80000000000001,219.925,353.29999999999995,112.10045016498538
1280C2500,501,1280,Malmö,352,Storstäder,22,5,2491,375523,6164336,3139.895115,588875.0967,117.53842465753425,653.8999999999999,35.5,98.3,172.85000000000002,306.1149999999998,97.90046692049793
1280C2340,502,1280,Malmö,749,Storstäder,22,5,2017,380325,6162973,6073.559473,1370271.932,154.85386986301373,599.1999999999998,54.7,122.5,237.45000000000007,380.00999999999976,117.96443360386323
1280C2630,503,1280,Malmö,628,Storstäder,22,5,1776,373305,6162990,1091.576492,67300.58072,133.2976940639269,681.9,47.1,105.8,205.2,324.5,100.99738784868255
1280C2660,504,1280,Malmö,328,Storstäder,22,5,1393,374671,6163900,1267.319364,79147.40567,68.5753196347032,323.40000000000003,24.9,51.3,104.8,174.9,55.22577957392092
1280C2690,505,1280,Malmö,381,Storstäder,22,5,1389,374671,6163900,2091.818429,173011.5215,113.32639269406394,700.4999999999999,33.075,93.5,168.3,294.1,93.877541487589
1280C2720,506,1280,Malmö,309,Storstäder,22,5,1519,374671,6163900,1524.350263,118620.2532,87.07334474885845,583.0999999999999,25.4,68.8,129.9,231.60499999999993,74.37894256700153
1280C2700,507,1280,Malmö,434,Storstäder,22,5,1643,375585,6164375,1876.505599,214621.7472,126.65682648401827,619.6999999999998,39.5,104.20000000000002,190.9,319.005,100.7237459616418
1280C2010,508,1280,Malmö,705,Storstäder,22,5,1556,380325,6162973,14210.20615,8267008.729,185.8896575342466,790.9999999999999,65.5,160.3,282.9,433.60499999999985,136.01257891758513
1280C2770,509,1280,Malmö,329,Storstäder,22,5,1389,374671,6163900,1199.210094,73485.68245,91.83704337899543,561.8,28.4,70.25,137.9,244.2,78.043619020717
1280C2640,510,1280,Malmö,430,Storstäder,22,5,1260,375585,6164375,4302.973207,577972.7278,135.4191095890411,669.7999999999997,43.3,116.20000000000002,201.30000000000004,333.5049999999998,105.80918568122483
1280C2790,511,1280,Malmö,253,Storstäder,22,5,1447,375523,6164336,2070.89653,185650.1164,49.80811643835616,215.30000000000004,17.9,39.5,75.9,130.40499999999994,40.51578592209129
1280C2760,512,1280,Malmö,411,Storstäder,22,5,1450,375585,6164375,3741.810681,464128.1823,107.06054794520549,526.4999999999998,33.0,87.10000000000001,163.32500000000005,268.6,85.1886412575737
1280C2820,513,1280,Malmö,345,Storstäder,22,5,1610,375585,6164375,1502.7972,116760.2644,117.73495433789955,632.8,35.4,97.05,174.4,304.7099999999999,98.50573165308889
1280C2710,514,1280,Malmö,505,Storstäder,22,5,1434,373148,6164717,7315.096899,2139886.411,130.5001598173516,618.0999999999999,43.5,108.0,199.10000000000002,313.10499999999996,99.48870182152903
1280C2860,515,1280,Malmö,428,Storstäder,22,5,1393,377680,6165466,1176.69348,64475.40916,111.8325799086758,567.6999999999999,35.9,89.55000000000001,170.1,283.80499999999995,89.60556023173326
1280C2850,516,1280,Malmö,567,Storstäder,22,5,2008,373148,6164717,2168.053632,262373.0056,118.63549086757992,501.5999999999997,43.3,93.2,180.32500000000002,295.3999999999999,91.40132294095451
1280C2840,517,1280,Malmö,508,Storstäder,22,5,1975,375585,6164375,3322.409798,476779.3856,131.8525684931507,725.4999999999999,43.8,108.7,200.40000000000003,324.205,102.36645614659597
1280C2890,518,1280,Malmö,430,Storstäder,22,5,1454,377680,6165466,1198.952986,70710.58816,97.04033105022832,530.4000000000001,32.5,76.19999999999999,149.3,240.60499999999996,76.99133287992706
1280C2880,519,1280,Malmö,1097,Storstäder,22,5,4527,373148,6164717,3539.740367,464694.4073,227.89953196347028,865.0999999999996,83.5,180.9,347.8999999999999,548.4999999999998,168.15566580543276
1280C2900,520,1280,Malmö,387,Storstäder,22,5,2110,373148,6164717,2052.574031,154687.3938,82.42230593607306,425.1999999999998,28.5,62.25,126.10000000000002,208.30999999999992,66.13311014017452
1280C2870,521,1280,Malmö,1304,Storstäder,22,5,4300,373148,6164717,6991.396573,1476937.334,269.1865182648401,933.3999999999994,97.1,211.05,411.72499999999997,653.9049999999995,200.48420676903575
1280C2910,522,1280,Malmö,584,Storstäder,22,5,2198,377680,6165466,8617.20875,1902426.884,152.80992009132422,698.0999999999998,50.6,129.5,233.32500000000005,365.1,115.57743721085969
1280C2920,523,1280,Malmö,400,Storstäder,22,5,1794,376617,6166264,16301.99977,13300923.7,97.5135502283105,503.7000000000001,32.5,76.69999999999999,149.125,243.10999999999984,77.5517269796623
1233B2050,524,1233,Vellinge,1182,Pendlingskommun nära storstad,29,4,2274,370713,6144299,14378.71727,6805468.855,313.46833333333325,1073.6999999999994,120.3,247.90000000000003,480.02499999999986,736.944999999999,224.67625809013563
1233B3010,525,1233,Vellinge,747,Pendlingskommun nära storstad,29,4,1275,364895,6142224,14308.18947,10386693.96,197.56464611872144,744.4999999999997,73.0,156.40000000000003,304.725,475.40499999999975,145.71077930908825
1233B2010,526,1233,Vellinge,1111,Pendlingskommun nära storstad,29,4,2155,370713,6144299,11108.93022,3039557.547,316.1414954337898,1193.9999999999995,122.475,261.75000000000006,482.62499999999983,726.3049999999995,221.3449058461389
1233B3030,527,1233,Vellinge,1024,Pendlingskommun nära storstad,29,4,2098,364895,6142224,8642.326872,2318309.065,300.6877625570776,1075.8999999999996,116.17500000000001,251.55000000000004,456.3249999999999,694.3999999999995,210.26451950264703
1233B2060,528,1233,Vellinge,938,Pendlingskommun nära storstad,29,4,1959,370713,6144299,5318.231409,1231950.484,245.55426940639262,751.3999999999996,94.2,195.25,375.82499999999993,578.2999999999997,175.83813843482653
1233B3020,529,1233,Vellinge,871,Pendlingskommun nära storstad,29,4,1668,364895,6142224,13040.82621,5987937.174,244.57117579908672,842.1999999999995,93.5,198.6,375.4249999999999,570.2049999999996,174.8408137577851
1233B2040,530,1233,Vellinge,1032,Pendlingskommun nära storstad,29,4,2265,370713,6144299,13070.49236,5599881.428,270.87602739726015,883.7999999999995,103.475,214.15000000000003,414.72499999999985,647.6049999999996,197.09199410818442
1233B2020,531,1233,Vellinge,917,Pendlingskommun nära storstad,29,4,1514,364895,6142224,14420.64756,9122021.471,278.5142579908675,1059.8999999999994,109.0,233.10000000000002,418.4999999999999,634.0249999999994,193.26068505597976
1233B2070,532,1233,Vellinge,1286,Pendlingskommun nära storstad,29,4,2511,370713,6144299,9156.521516,1452694.097,342.3560730593606,1052.6999999999994,133.8,272.95000000000005,523.2249999999997,806.0999999999995,243.5725656154771
1233B2030,533,1233,Vellinge,656,Pendlingskommun nära storstad,29,4,1287,370713,6144299,12903.51794,4402538.694,190.7525,898.8999999999996,71.4,158.70000000000002,291.29999999999995,443.99999999999983,137.29859236987255
1233B3040,534,1233,Vellinge,1183,Pendlingskommun nära storstad,29,4,2465,364895,6142224,21958.93259,19605775.78,312.16859589041087,1013.8999999999992,119.17500000000001,246.30000000000004,478.4999999999999,733.8049999999996,224.10209807839473
1233B2080,535,1233,Vellinge,918,Pendlingskommun nära storstad,29,4,1904,370713,6144299,20628.80884,11363016.78,242.40051369863008,843.8999999999996,92.20000000000002,190.70000000000002,369.025,577.1999999999996,175.5393001612303
1233C1010,536,1233,Vellinge,640,Pendlingskommun nära storstad,29,4,1347,376146,6150270,8736.83292,2629219.898,170.42441780821918,628.9999999999998,64.775,133.7,260.425,411.3,125.80099449758227
1233C1030,537,1233,Vellinge,1051,Pendlingskommun nära storstad,29,4,2337,376146,6150270,4711.748517,758263.7124,292.7599771689497,1047.2999999999993,112.9,236.70000000000002,445.62499999999983,682.2049999999996,208.41638669761835
1233C1020,538,1233,Vellinge,786,Pendlingskommun nära storstad,29,4,1676,376146,6150270,8181.883105,2888449.854,225.00039954337896,767.3999999999995,85.9,183.75,344.9,523.4049999999997,160.67792171843175
1233B4010,539,1233,Vellinge,537,Pendlingskommun nära storstad,29,4,1027,387969,6152673,12930.76713,4332280.49,161.9272602739726,602.6999999999998,58.474999999999994,133.10000000000002,247.32500000000007,383.3999999999999,118.63762470230434
1233C1040,540,1233,Vellinge,1073,Pendlingskommun nära storstad,29,4,2102,376146,6150270,11412.39497,4127514.025,320.42218036529675,1044.5999999999997,125.65,268.55,481.5999999999998,736.6099999999992,223.39285238901286
1233C1050,541,1233,Vellinge,867,Pendlingskommun nära storstad,29,4,1763,376146,6150270,8475.898264,3852335.756,222.86071917808218,780.3999999999995,86.3,173.50000000000003,342.1249999999999,534.7099999999996,162.64825483241654
1233A0010,542,1233,Vellinge,988,Pendlingskommun nära storstad,29,4,1687,370713,6144299,54312.25611,51975787.03,259.8953652968036,828.3999999999995,101.9,202.55,400.1249999999999,613.7249999999993,187.10042734702986
1233A0020,543,1233,Vellinge,555,Pendlingskommun nära storstad,29,4,905,376146,6150270,30637.50549,26224384.7,164.73430365296804,735.5999999999997,60.4,133.60000000000002,251.30000000000004,391.30499999999995,121.70349438666283
1233B4020,544,1233,Vellinge,861,Pendlingskommun nära storstad,29,4,1602,379526,6156913,26753.35708,16120275.34,231.2559817351598,776.1999999999995,89.60000000000001,184.90000000000003,353.625,543.7999999999997,165.52023878375854
1286C1090,545,1286,Ystad,690,Mindre stad/tätort,22,3,1605,413011,6151678,3121.229139,502517.6041,142.97484018264842,575.0999999999999,51.4,112.5,217.32500000000005,348.30499999999995,107.32054244328187
1286C1060,546,1286,Ystad,924,Mindre stad/tätort,22,3,2158,433090,6157355,3625.279089,714457.0151,196.97794520547944,747.7999999999997,69.57499999999999,156.70000000000005,303.49999999999994,472.3999999999998,146.12958536373353
1286C1070,547,1286,Ystad,1034,Mindre stad/tätort,22,3,2327,413011,6151678,4057.019946,879625.2374,212.10140410958903,776.5999999999996,76.4,167.3,326.32499999999993,518.3999999999997,158.26618905532735
1286C1020,548,1286,Ystad,747,Mindre stad/tätort,22,3,1779,413011,6151678,4771.390817,792451.9768,166.18772831050228,860.6999999999997,58.2,131.75,253.80000000000004,404.2049999999998,126.47557421232072
1286C1010,549,1286,Ystad,691,Mindre stad/tätort,22,3,1898,413011,6151678,4852.478057,817606.4593,147.80509132420093,612.1999999999996,53.650000000000006,117.20000000000002,227.32500000000005,358.9099999999998,110.76939203280443
1286C1030,550,1286,Ystad,769,Mindre stad/tätort,22,3,1678,413011,6151678,3576.531243,448512.9849,171.74622146118722,676.5999999999998,61.4,137.60000000000002,268.20000000000005,408.7049999999998,127.76974186514596
1286C1040,551,1286,Ystad,1605,Mindre stad/tätort,22,3,3376,413011,6151678,8220.57515,3351559.751,339.6301598173515,1175.1999999999994,128.875,274.8,517.7499999999998,803.9049999999994,245.35951428768132
1286C1050,552,1286,Ystad,647,Mindre stad/tätort,22,3,1505,413011,6151678,3416.536928,539237.234,141.96866438356165,596.6999999999998,50.2,112.3,218.40000000000003,342.3149999999998,107.23452559004436
1286C1080,553,1286,Ystad,1008,Mindre stad/tätort,22,3,2514,433090,6157355,18623.28764,11177833.66,233.15070776255703,892.6999999999997,85.525,192.6,356.4,547.3049999999995,169.16046511066799
1286C1100,554,1286,Ystad,447,Mindre stad/tätort,22,3,884,413011,6151678,8622.944708,3863722.613,99.67581050228311,481.5,32.8,78.19999999999999,152.8,244.1099999999999,78.18350205532238
1286B2020,555,1286,Ystad,647,Mindre stad/tätort,22,3,1261,433090,6157355,6543.399688,1316240.035,151.5246917808219,644.9999999999999,53.224999999999994,123.6,229.90000000000003,367.0049999999998,114.67221526051296
1286B2010,556,1286,Ystad,934,Mindre stad/tätort,22,3,1682,433090,6157355,22734.8573,10608766.96,190.23520547945205,670.7999999999997,68.275,149.05,292.82499999999993,464.51499999999965,143.41223527782066
1286A0020,557,1286,Ystad,817,Mindre stad/tätort,22,3,1300,447316,6145328,37256.55044,61194564.4,185.5326940639269,795.5999999999996,64.9,149.0,285.8,448.00999999999976,139.34620904480775
1286A0010,558,1286,Ystad,721,Mindre stad/tätort,22,3,1169,447316,6145328,39024.56194,59240738.05,175.2629337899543,722.6999999999996,62.1,145.60000000000002,267.52500000000003,415.3999999999999,129.8239711623642
1286A0030,559,1286,Ystad,916,Mindre stad/tätort,22,3,1793,413011,6151678,36637.16519,42411779.4,189.28261415525114,713.0999999999993,68.4,148.5,290.3,460.70999999999975,142.104257333456
1286C1110,560,1286,Ystad,942,Mindre stad/tätort,22,3,1905,433090,6157355,18499.70029,10668634.9,200.66738584474885,729.3999999999995,72.675,159.35000000000002,306.4,481.7999999999999,148.37066653484283
1286A0040,561,1286,Ystad,680,Mindre stad/tätort,22,3,1082,433090,6157355,74904.87027,53759510.17,146.99858447488586,645.6999999999998,51.2,116.0,224.7,358.89999999999986,111.57912519148054
1286A0050,562,1286,Ystad,636,Mindre stad/tätort,22,3,1010,413011,6151678,56319.5598,34719662.21,145.33173515981738,668.9999999999998,50.875,116.5,222.0,355.19999999999993,110.05583548897857
1286A0060,563,1286,Ystad,512,Mindre stad/tätort,22,3,788,433090,6157355,50504.28382,78579860.54,114.32904109589043,627.0999999999998,39.3,90.6,175.62500000000003,283.30499999999995,89.67905056395242
1282C1070,564,1282,Landskrona,593,Pendlingskommun nära större stad,25,3,2433,365295,6193583,2035.02587,191444.009,156.30865296803657,646.8999999999996,55.1,127.3,241.12500000000003,369.5199999999997,116.42993842236157
1282C1080,565,1282,Landskrona,688,Pendlingskommun nära större stad,25,3,2535,365295,6193583,2707.435367,215768.748,165.4098515981735,635.0999999999997,61.7,132.55,253.225,393.20499999999987,121.37179521065627
1282C1160,566,1282,Landskrona,806,Pendlingskommun nära större stad,25,3,1827,365295,6193583,3991.087807,764668.0406,221.56587899543376,859.0999999999995,79.8,183.40000000000003,337.29999999999995,519.8049999999997,161.48929130365792
1282C1010,567,1282,Landskrona,1277,Pendlingskommun nära större stad,25,3,2162,374488,6187464,32472.59728,26729519.38,326.82171232876703,1242.7999999999995,125.8,272.05000000000007,497.52499999999986,754.1999999999995,230.6414800209083
1282C1020,568,1282,Landskrona,1419,Pendlingskommun nära större stad,25,3,2813,368607,6195414,8999.072995,3344252.878,330.2726712328766,1096.7999999999995,120.40000000000002,262.45000000000005,510.84999999999974,789.424999999999,242.10491509220589
1282C1030,569,1282,Landskrona,586,Pendlingskommun nära större stad,25,3,1196,368607,6195414,13387.26795,7012927.055,154.4778767123288,679.3999999999999,54.7,127.4,236.1,366.20499999999987,114.56404204508246
1282C1040,570,1282,Landskrona,852,Pendlingskommun nära större stad,25,3,2148,365295,6193583,14266.69223,10467366.26,192.66006849315067,741.1999999999997,71.3,150.55,296.82499999999993,464.2099999999997,142.64587736269047
1282C1060,571,1282,Landskrona,587,Pendlingskommun nära större stad,25,3,2335,365295,6193583,2417.406374,215292.6397,162.51633561643837,742.1999999999996,58.0,135.50000000000003,247.52500000000006,384.80499999999995,120.3736869926037
1282C1150,572,1282,Landskrona,335,Pendlingskommun nära större stad,25,3,1209,365295,6193583,1267.738126,97314.9839,78.44302511415525,414.29999999999984,28.5,60.9,119.9,195.005,61.251923622745
1282C1050,573,1282,Landskrona,803,Pendlingskommun nära större stad,25,3,2569,365295,6193583,7877.334631,2241612.529,204.01353881278538,772.2999999999996,74.4,165.90000000000003,312.5999999999999,477.99999999999983,148.68796776700626
1282C1100,574,1282,Landskrona,758,Pendlingskommun nära större stad,25,3,2282,365295,6193583,3592.310736,477630.1797,175.20077625570775,592.3999999999996,65.0,137.0,266.3,420.79999999999984,129.50816541297158
1282C1110,575,1282,Landskrona,645,Pendlingskommun nära större stad,25,3,2055,365295,6193583,2397.63402,203430.8138,166.25098173515983,669.6999999999997,60.3,136.5,254.00000000000009,393.29999999999984,122.05259122026976
1282C1090,576,1282,Landskrona,663,Pendlingskommun nära större stad,25,3,1913,365295,6193583,6964.893556,2071325.839,158.77372146118722,671.1999999999997,57.9,127.15000000000002,243.9250000000001,380.69999999999993,117.24628218997273
1282C1120,577,1282,Landskrona,607,Pendlingskommun nära större stad,25,3,1390,365295,6193583,3760.345647,382223.1859,157.93210045662101,708.2999999999996,54.9,127.8,241.725,381.5999999999998,118.67535552242698
1282C1140,578,1282,Landskrona,440,Pendlingskommun nära större stad,25,3,1227,365295,6193583,1688.183631,168739.4688,112.94665525114156,507.8999999999999,39.3,90.4,173.90000000000003,277.705,87.95944163510475
1282C1130,579,1282,Landskrona,626,Pendlingskommun nära större stad,25,3,1769,365295,6193583,4284.27214,572084.5486,153.601997716895,578.2999999999996,56.9,123.6,234.10000000000002,366.00499999999994,113.28031160876067
1282B3010,580,1282,Landskrona,999,Pendlingskommun nära större stad,25,3,1795,368607,6195414,9085.921595,5885599.145,244.86339041095889,1047.0999999999997,92.70000000000002,198.4,373.85,577.4099999999995,177.14409533957888
1282C1180,581,1282,Landskrona,995,Pendlingskommun nära större stad,25,3,2123,365295,6193583,3340.853592,686102.2021,238.338105022831,860.4999999999994,88.65,195.05,364.79999999999995,564.5999999999996,173.23536963199393
1282C1200,582,1282,Landskrona,702,Pendlingskommun nära större stad,25,3,2151,365295,6193583,7368.629074,1628446.65,209.59012557077625,974.4999999999994,76.6,181.05,315.20000000000005,485.11499999999944,151.12536927643384
1282C1170,583,1282,Landskrona,301,Pendlingskommun nära större stad,25,3,1080,365295,6193583,14103.60637,4777576.327,87.77665525114156,484.2000000000001,28.4,68.3,133.32500000000002,229.3099999999999,73.34517077826355
1282C1190,584,1282,Landskrona,1351,Pendlingskommun nära större stad,25,3,2795,365295,6193583,9237.366718,3172280.898,325.79575342465745,1105.4999999999995,123.275,265.55,495.19999999999976,767.4099999999994,233.86128722497358
1282A0010,585,1282,Landskrona,1602,Pendlingskommun nära större stad,25,3,2642,368607,6195414,86296.6494,106311081.2,382.67769406392677,1402.0999999999997,143.80000000000004,311.2,584.3999999999997,894.6999999999991,273.1969714482931
1282B2010,586,1282,Landskrona,1242,Pendlingskommun nära större stad,25,3,2555,358942,6209795,17897.59429,9875911.276,300.6001712328767,1029.5999999999992,113.07499999999999,240.05000000000004,459.82499999999993,707.4099999999996,216.7496898129107
1287C1080,587,1287,Trelleborg,581,Pendlingskommun nära storstad,29,4,1776,383953,6140229,3124.633239,458814.9386,168.67021689497716,666.8999999999997,64.2,135.10000000000002,260.1,394.10499999999985,122.86044798526503
1287C1040,588,1287,Trelleborg,437,Pendlingskommun nära storstad,29,4,1299,383953,6140229,4737.973176,617730.0841,133.67730593607308,687.3999999999995,46.9,108.5,204.9,319.41499999999974,100.55279943486775
1287C1060,589,1287,Trelleborg,863,Pendlingskommun nära storstad,29,4,2476,383953,6140229,5429.703951,1341764.684,235.60450913242008,876.3999999999997,91.2,187.6,361.32500000000005,552.7999999999997,169.13432635249504
1287B2010,590,1287,Trelleborg,713,Pendlingskommun nära storstad,29,4,1307,397458,6140305,12541.35471,7783911.333,198.13552511415523,782.7999999999997,75.30000000000001,159.20000000000002,303.525,465.5999999999999,143.08929075567727
1287C1050,591,1287,Trelleborg,579,Pendlingskommun nära storstad,29,4,1826,383953,6140229,6075.530048,1429100.227,151.73355022831052,547.7999999999997,58.2,118.4,228.10000000000005,366.1099999999999,111.13330317874214
1287A0020,592,1287,Trelleborg,1057,Pendlingskommun nära storstad,29,4,1589,397458,6140305,33898.14891,49987139.29,291.7540525114154,948.9999999999992,110.90000000000002,238.3,448.4249999999999,679.9049999999995,206.69668363222888
1287C1010,593,1287,Trelleborg,1272,Pendlingskommun nära storstad,29,4,2262,383953,6140229,19221.6088,12794425.11,351.37003424657524,1103.3999999999996,134.40000000000003,286.3,533.6999999999998,815.9149999999993,248.55885227942576
1287C1030,594,1287,Trelleborg,695,Pendlingskommun nära storstad,29,4,1808,383953,6140229,6280.07209,1367953.403,192.55980593607305,713.8999999999995,72.5,153.45000000000002,294.32500000000005,456.0999999999998,140.79408750653425
1287C1070,595,1287,Trelleborg,779,Pendlingskommun nära storstad,29,4,2066,383953,6140229,4840.610566,645853.4938,222.30053652968033,847.2999999999996,83.80000000000001,183.00000000000003,336.67499999999995,514.1149999999994,158.44774247451684
1287C1020,596,1287,Trelleborg,928,Pendlingskommun nära storstad,29,4,1639,383953,6140229,10782.57136,4702297.172,267.38188356164375,921.8999999999992,101.7,221.00000000000009,407.8249999999998,620.2999999999995,189.6146806765965
1287C1120,597,1287,Trelleborg,669,Pendlingskommun nära storstad,29,4,1681,383953,6140229,3064.207401,392459.7146,199.6478196347032,819.9999999999995,76.2,164.75000000000003,304.7,463.60499999999985,142.48098882658485
1287C1100,598,1287,Trelleborg,1116,Pendlingskommun nära storstad,29,4,2602,383953,6140229,4073.003071,689616.8901,292.59566210045654,936.7999999999992,110.95,228.7,451.2999999999997,693.4999999999995,211.09362261939327
1287C1130,599,1287,Trelleborg,522,Pendlingskommun nära storstad,29,4,1142,383953,6140229,2640.719727,243372.4888,135.95530821917808,489.5999999999998,51.0,105.9,207.775,328.3049999999999,100.43812738555506
1287B2020,600,1287,Trelleborg,1061,Pendlingskommun nära storstad,29,4,1630,397458,6140305,18610.62551,11687753.2,285.22777397260273,961.1999999999992,109.17500000000001,228.40000000000003,439.0249999999998,670.9999999999997,204.21273111471632
1287C1090,601,1287,Trelleborg,958,Pendlingskommun nära storstad,29,4,1953,383953,6140229,14778.17651,7125697.877,282.8803652968036,1020.5999999999992,112.6,235.60000000000002,428.1499999999999,645.2099999999995,196.97488643692552
1287C1110,602,1287,Trelleborg,695,Pendlingskommun nära storstad,29,4,1452,383953,6140229,10334.4207,3279945.311,199.4873744292237,799.3999999999996,73.0,163.85000000000002,304.025,472.30499999999984,145.21517062487283
1287C1150,603,1287,Trelleborg,550,Pendlingskommun nära storstad,29,4,1233,383953,6140229,4141.813856,321693.1646,158.11224885844746,751.9999999999998,58.175000000000004,127.95000000000002,240.90000000000003,375.40499999999986,116.89538186795369
1287C1140,604,1287,Trelleborg,476,Pendlingskommun nära storstad,29,4,1110,383953,6140229,7416.645188,1051495.045,130.44575342465754,487.9999999999999,47.4,101.9,200.1,313.80999999999995,97.17273944030312
1287C1160,605,1287,Trelleborg,994,Pendlingskommun nära storstad,29,4,2030,383953,6140229,7836.486196,1301524.008,266.0371461187214,904.0999999999996,101.5,210.50000000000003,407.2249999999999,627.7049999999996,191.842788200337
1287C1170,606,1287,Trelleborg,1091,Pendlingskommun nära storstad,29,4,2279,383953,6140229,8818.873934,2012145.473,293.27727168949764,1085.7999999999993,112.1,233.10000000000002,449.4999999999998,686.3049999999995,210.42810223756175
1287C1180,607,1287,Trelleborg,1038,Pendlingskommun nära storstad,29,4,2135,383953,6140229,16506.72853,7411358.918,267.33326484018266,870.3999999999995,101.9,207.50000000000003,411.3999999999999,636.2049999999995,193.92563587884206
1287C1190,608,1287,Trelleborg,758,Pendlingskommun nära storstad,29,4,1593,383953,6140229,7654.890965,3760571.269,202.57865296803647,706.3999999999997,76.6,158.85000000000002,309.5,484.8099999999996,148.0718149419139
1287A0010,609,1287,Trelleborg,1093,Pendlingskommun nära storstad,29,4,1534,383953,6140229,48222.02499,72401592.52,294.87522831050217,1000.1999999999996,111.975,235.80000000000004,450.7499999999999,693.6999999999996,211.7819597222899
1287B3010,610,1287,Trelleborg,1078,Pendlingskommun nära storstad,29,4,2146,397458,6140305,9650.141746,6658788.852,294.6238356164382,1001.6999999999994,113.6,236.10000000000002,446.2249999999999,691.3099999999996,210.7608306773734
1287A0030,611,1287,Trelleborg,833,Pendlingskommun nära storstad,29,4,1271,383953,6140229,52460.66408,47404768.98,225.5142465753424,836.8999999999994,84.8,181.2,342.84999999999997,533.1999999999998,162.8060170279432
1287A0040,612,1287,Trelleborg,977,Pendlingskommun nära storstad,29,4,1482,383953,6140229,37547.58573,46851883.51,259.82487442922366,904.2999999999996,99.8,205.45000000000002,400.225,613.6049999999996,187.8347730813456
1287A0050,613,1287,Trelleborg,841,Pendlingskommun nära storstad,29,4,1328,401876,6150394,66693.53748,71269054.15,227.36204337899537,779.0999999999995,85.875,182.25000000000006,346.84999999999997,536.4149999999995,164.28002558286104
1265A0050,614,1265,Sjöbo,1025,Pendlingskommun nära större stad,25,3,1658,417086,6165077,40565.49283,50151160.11,246.09668949771685,841.4999999999994,91.07499999999999,199.2,374.7,582.2999999999997,178.30659717004156
1265A0040,615,1265,Sjöbo,775,Pendlingskommun nära större stad,25,3,1341,433090,6157355,39170.35081,54972212.94,184.98535388127854,707.2999999999997,68.19999999999999,147.8,282.125,449.4049999999999,137.36509165837475
1265B2010,616,1265,Sjöbo,970,Pendlingskommun nära större stad,25,3,1640,407932,6166551,15223.39572,12288672.0,222.21228310502278,715.4999999999997,83.2,174.90000000000003,342.80000000000007,531.2999999999997,162.45733045778502
1265A0010,617,1265,Sjöbo,892,Pendlingskommun nära större stad,25,3,1312,417086,6165077,91063.82069,112736074.4,220.6565639269406,877.6999999999997,80.4,181.35000000000002,336.1,525.1049999999996,160.16832089253217
1265C1010,618,1265,Sjöbo,1395,Pendlingskommun nära större stad,25,3,2469,417086,6165077,20184.27964,9313635.967,325.4044178082191,1080.5999999999997,124.20000000000002,258.75000000000006,500.3999999999999,763.2099999999995,234.3376566588292
1265A0020,619,1265,Sjöbo,754,Pendlingskommun nära större stad,25,3,1061,417086,6165077,36523.97162,32949415.7,172.01999999999998,606.6999999999997,62.3,134.6,264.0,420.60499999999985,128.5825164761016
1265C1020,620,1265,Sjöbo,974,Pendlingskommun nära större stad,25,3,1965,417086,6165077,7282.812818,1314389.65,220.38100456621,782.1999999999995,82.05,171.05,338.2249999999999,532.0099999999996,163.12961734790758
1265C1030,621,1265,Sjöbo,1093,Pendlingskommun nära större stad,25,3,2048,417086,6165077,13101.54478,5882092.478,271.3933904109589,996.4999999999992,101.1,221.80000000000004,415.3249999999998,633.8099999999994,194.82572021343867
1265C1040,622,1265,Sjöbo,1050,Pendlingskommun nära större stad,25,3,2225,417086,6165077,15245.38078,5765428.55,239.99977168949772,838.6999999999995,88.9,188.90000000000006,365.42499999999995,579.2049999999997,177.14523192351157
1265A0030,623,1265,Sjöbo,1117,Pendlingskommun nära större stad,25,3,1729,417086,6165077,63106.72498,90917676.64,259.5960958904109,913.3999999999992,97.3,204.4,395.6249999999999,621.9999999999998,189.64958020729398
1265A0060,624,1265,Sjöbo,690,Pendlingskommun nära större stad,25,3,1164,417086,6165077,57593.82625,73934253.04,166.79546803652968,629.1999999999996,58.4,133.8,257.1,404.3049999999997,125.1740830274952
1265A0070,625,1265,Sjöbo,594,Pendlingskommun nära större stad,25,3,935,440802,6179703,42811.23946,58424646.11,173.25849315068496,733.4999999999995,62.1,145.30000000000004,261.1,406.60499999999996,127.7899079775112
1230A0020,626,1230,Staffanstorp,300,Pendlingskommun nära storstad,29,4,843,385209,6175299,15630.62497,9801977.613,109.83968036529681,614.5999999999999,35.9,90.1,164.52500000000003,277.6099999999999,88.44762580324054
1230C1030,627,1230,Staffanstorp,997,Pendlingskommun nära storstad,29,4,2181,385764,6168045,4861.36707,709173.3254,262.68178082191776,874.4999999999993,100.5,208.90000000000006,405.3999999999999,624.4999999999997,190.3134202582213
1230C1040,628,1230,Staffanstorp,810,Pendlingskommun nära storstad,29,4,1814,385764,6168045,4442.299155,629475.9641,250.553002283105,997.6999999999996,97.20000000000002,215.05,379.92499999999995,568.4099999999996,175.09774233893808
1230C1010,629,1230,Staffanstorp,1466,Pendlingskommun nära storstad,29,4,3134,388101,6164328,12625.20284,5822834.313,388.2961643835615,1213.4,148.75,304.45000000000005,601.1999999999997,913.6049999999994,278.6225600162493
1230C1050,630,1230,Staffanstorp,1266,Pendlingskommun nära storstad,29,4,2667,385764,6168045,6125.566897,1187778.369,335.14808219178076,1031.1999999999994,131.20000000000002,264.9,515.3499999999998,782.6199999999992,238.07203153379385
1230C1060,631,1230,Staffanstorp,968,Pendlingskommun nära storstad,29,4,1958,385764,6168045,5022.605778,1027865.554,252.330707762557,825.1999999999995,96.3,197.45000000000005,386.84999999999997,603.4049999999996,183.76583936432505
1230C1020,632,1230,Staffanstorp,1252,Pendlingskommun nära storstad,29,4,2452,385764,6168045,11905.5695,4733821.054,345.76658675799075,1142.5999999999997,135.175,280.0,526.2999999999998,800.9049999999992,243.206890261113
1230C1080,633,1230,Staffanstorp,879,Pendlingskommun nära storstad,29,4,2033,385764,6168045,6984.94728,1098353.974,227.29027397260273,740.5999999999995,86.7,178.05000000000004,348.89999999999986,541.8049999999996,165.46427299160837
1230C1070,634,1230,Staffanstorp,968,Pendlingskommun nära storstad,29,4,1894,385764,6168045,15477.40115,9529909.766,266.07034246575336,883.8999999999996,102.75,214.90000000000003,406.8999999999999,618.5249999999994,188.79866208416095
1230B2010,635,1230,Staffanstorp,1116,Pendlingskommun nära storstad,29,4,2688,385764,6168045,9056.468868,2493657.59,299.7851141552511,1060.2999999999993,114.9,239.3,457.7999999999999,707.0099999999993,215.13606846625888
1230A0010,636,1230,Staffanstorp,1164,Pendlingskommun nära storstad,29,4,2086,388101,6164328,76121.72746,64293409.27,308.2449657534246,1065.499999999999,119.07499999999999,243.80000000000004,473.2249999999999,723.5099999999993,220.39129833446026
1230B2020,637,1230,Staffanstorp,1196,Pendlingskommun nära storstad,29,4,3028,387433,6173395,16948.72311,6417201.087,314.1305821917807,1097.5999999999997,121.2,251.45000000000005,481.2999999999998,732.1099999999993,223.12063759237697
1291A0020,638,1291,Simrishamn,526,Landsbygdskommun med besöksnäring,28,9,823,448115,6153012,55452.67086,48862177.23,147.47942922374432,577.0999999999999,54.2,120.0,226.32500000000005,348.6999999999998,107.95407920259319
1291B5010,639,1291,Simrishamn,503,Landsbygdskommun med besöksnäring,28,9,901,447316,6145328,8742.490591,5272647.039,134.56683789954337,632.8999999999997,49.9,107.3,205.60000000000005,323.9049999999999,101.02514149513645
1291B4010,640,1291,Simrishamn,571,Landsbygdskommun med besöksnäring,28,9,974,447316,6145328,14674.31996,10606057.13,156.01979452054795,643.9999999999997,60.475,126.55000000000001,237.60000000000005,364.1299999999996,112.95410009333318
1291B3010,641,1291,Simrishamn,560,Landsbygdskommun med besöksnäring,28,9,990,448115,6153012,10437.59576,6778836.949,152.01003424657534,621.3999999999999,56.9,122.15,235.40000000000003,359.0999999999999,111.28129769349253
1291C1010,642,1291,Simrishamn,651,Landsbygdskommun med besöksnäring,28,9,1206,448115,6153012,11289.25401,6363948.949,189.1834931506849,787.6999999999995,69.57499999999999,155.3,288.82500000000005,442.60499999999985,136.70042041053344
1291C1030,643,1291,Simrishamn,721,Landsbygdskommun med besöksnäring,28,9,1679,448115,6153012,4209.673775,580359.1368,209.16021689497714,863.7999999999998,78.4,171.3,314.9,491.00999999999965,151.35314895560356
1291C1020,644,1291,Simrishamn,1072,Landsbygdskommun med besöksnäring,28,9,2341,448115,6153012,17045.80878,7918124.764,276.6336529680365,1009.5999999999992,105.5,218.30000000000004,423.9999999999999,650.0049999999995,198.39882084617514
1291B2010,645,1291,Simrishamn,598,Landsbygdskommun med besöksnäring,28,9,1090,448115,6153012,10090.28608,6355605.643,154.7415182648402,637.1999999999998,57.99999999999999,121.90000000000002,237.40000000000003,369.0099999999998,113.58010192626158
1291C1040,646,1291,Simrishamn,1006,Landsbygdskommun med besöksnäring,28,9,2114,448115,6153012,8513.246659,3579125.484,257.74868721461183,820.7999999999995,98.0,204.7,396.8249999999999,607.1049999999996,185.92405457782812
1291A0010,647,1291,Simrishamn,890,Landsbygdskommun med besöksnäring,28,9,1293,448115,6153012,92691.98936,95249650.15,223.18238584474884,748.7999999999996,86.675,175.40000000000003,342.99999999999994,530.1049999999997,160.75338397433612
1291A0030,648,1291,Simrishamn,681,Landsbygdskommun med besöksnäring,28,9,1116,448115,6153012,32030.21918,31721276.34,192.65242009132422,771.1999999999997,72.19999999999999,159.10000000000002,294.1,447.1999999999999,137.83755483486985
1291A0040,649,1291,Simrishamn,813,Landsbygdskommun med besöksnäring,28,9,1300,444356,6165648,43343.02721,53783950.82,221.268401826484,1060.5999999999997,85.375,180.10000000000002,337.09999999999985,519.0099999999996,158.22000023740887
1291A0050,650,1291,Simrishamn,644,Landsbygdskommun med besöksnäring,28,9,1142,444356,6165648,35376.15083,36473210.75,201.97192922374427,826.4999999999995,78.30000000000001,173.10000000000002,302.025,461.30499999999984,141.69123957234865
1291A0060,651,1291,Simrishamn,585,Landsbygdskommun med besöksnäring,28,9,973,444356,6165648,26589.09214,34629731.36,175.78857305936071,762.6999999999996,64.9,148.40000000000003,268.0,410.20499999999987,126.40908793213794
1291A0070,652,1291,Simrishamn,709,Landsbygdskommun med besöksnäring,28,9,1132,444356,6165648,56555.99897,69865461.0,198.75110730593607,938.6999999999996,72.7,162.60000000000002,302.79999999999995,465.4999999999998,143.73551589042387
1263C1040,653,1263,Svedala,964,Pendlingskommun nära storstad,29,4,2210,387969,6152673,3368.207727,623652.5457,259.27921232876713,853.4999999999997,99.92500000000001,208.40000000000003,396.6249999999999,606.7049999999996,185.12526568280146
1263B2020,654,1263,Svedala,1334,Pendlingskommun nära storstad,29,4,2904,388101,6164328,13651.08946,6547165.313,383.6925456621003,1365.7000000000005,153.00000000000003,315.9000000000001,578.5999999999997,876.929999999999,266.7231149622578
1263C1010,655,1263,Svedala,951,Pendlingskommun nära storstad,29,4,2294,387969,6152673,8608.579287,3520444.204,264.7438584474885,957.3999999999992,100.775,215.95000000000005,404.0749999999999,613.7049999999997,188.0779567638911
1263C1020,656,1263,Svedala,878,Pendlingskommun nära storstad,29,4,2049,387969,6152673,5556.10471,953438.669,250.7998515981735,905.1999999999996,94.70000000000002,202.2,382.875,587.3049999999996,180.08207985422217
1263C1050,657,1263,Svedala,991,Pendlingskommun nära storstad,29,4,2045,387969,6152673,4945.90148,803477.4701,274.46055936073054,898.2999999999993,105.10000000000002,222.20000000000002,420.2999999999999,638.9999999999997,194.46162848488208
1263C1030,658,1263,Svedala,663,Pendlingskommun nära storstad,29,4,1326,387969,6152673,13226.45516,6398207.693,199.6830707762557,761.7999999999994,75.9,164.85000000000002,303.9,464.90499999999986,142.74855329132126
1263C1060,659,1263,Svedala,715,Pendlingskommun nära storstad,29,4,1358,387969,6152673,16075.89049,9116107.704,195.1650799086758,774.8999999999995,73.1,154.70000000000002,301.7,463.2149999999995,142.6586007984533
1263C1070,660,1263,Svedala,1128,Pendlingskommun nära storstad,29,4,2157,387969,6152673,8166.492226,3062271.618,314.48254566210034,1075.6999999999996,122.175,255.70000000000002,474.44999999999993,732.8049999999993,222.15985375673978
1263B2010,661,1263,Svedala,844,Pendlingskommun nära storstad,29,4,1780,388101,6164328,3356.409495,606625.4075,225.20739726027398,819.4999999999997,86.60000000000001,177.65000000000003,345.22499999999997,534.9049999999997,163.04646470212714
1263B3010,662,1263,Svedala,1213,Pendlingskommun nära storstad,29,4,2380,388101,6164328,8938.309733,5534214.574,366.55139269406385,1210.1999999999991,144.57500000000002,309.30000000000007,553.8249999999998,835.5049999999992,253.09392511728038
1263A0010,663,1263,Svedala,650,Pendlingskommun nära storstad,29,4,1008,388101,6164328,71100.28539,65667793.64,195.09762557077622,760.0999999999996,72.6,160.50000000000003,297.625,452.40499999999986,140.35533961175364
1263A0020,664,1263,Svedala,1050,Pendlingskommun nära storstad,29,4,1777,388101,6164328,99071.50027,125230733.1,292.2110502283104,978.3999999999992,113.0,238.55000000000004,445.2249999999999,680.7049999999994,206.83334235955917
1285C1060,665,1285,Eslöv,934,Pendlingskommun nära större stad,25,3,2101,394606,6187265,3985.825085,854773.4932,243.52845890410956,1132.9,90.20000000000002,202.85000000000002,370.44999999999993,568.1049999999996,174.98695572058864
1285A0010,666,1285,Eslöv,1345,Pendlingskommun nära större stad,25,3,2162,408706,6184429,72237.24784,81136777.36,314.430011415525,1051.5999999999997,116.4,251.10000000000005,483.52499999999986,744.4999999999994,227.52237136466425
1285A0020,667,1285,Eslöv,502,Pendlingskommun nära större stad,25,3,842,395923,6176843,36470.41237,26626350.69,166.9546118721461,752.2999999999998,57.3,146.5,248.3,402.11499999999967,125.04557957615164
1285B5010,668,1285,Eslöv,617,Pendlingskommun nära större stad,25,3,1076,395923,6176843,8607.826696,4659815.577,146.6486301369863,545.3999999999996,53.8,116.10000000000002,223.82500000000005,352.9999999999999,109.69344388736928
1285B3010,669,1285,Eslöv,720,Pendlingskommun nära större stad,25,3,1335,408706,6184429,14310.48095,7978933.162,197.53633561643835,913.8999999999996,70.525,166.90000000000003,302.4,460.1099999999997,143.63347703009705
1285C1030,670,1285,Eslöv,770,Pendlingskommun nära större stad,25,3,2185,394606,6187265,4341.441424,482083.923,199.2783105022831,809.8999999999995,71.975,164.3,304.79999999999995,466.70499999999976,144.98212158500507
1285C1010,671,1285,Eslöv,777,Pendlingskommun nära större stad,25,3,2442,394606,6187265,8072.948766,2149659.206,195.0418493150685,791.0999999999996,71.8,159.8,299.5,458.20499999999976,141.6157575143001
1285C1040,672,1285,Eslöv,999,Pendlingskommun nära större stad,25,3,2121,394606,6187265,6407.638398,1366837.305,233.55690639269403,827.2999999999994,87.075,186.00000000000003,360.69999999999993,558.0099999999995,171.07711333741256
1285C1090,673,1285,Eslöv,874,Pendlingskommun nära större stad,25,3,2261,394606,6187265,6799.943869,2397012.507,218.70254566210045,774.2999999999995,79.7,177.90000000000003,336.42499999999995,516.6149999999996,158.86807274048155
1285A0040,674,1285,Eslöv,911,Pendlingskommun nära större stad,25,3,1468,394606,6187265,49544.55682,65118665.1,231.11447488584471,826.2999999999996,83.7,189.80000000000004,354.04999999999995,545.3999999999996,167.70188954409517
1285C1020,675,1285,Eslöv,923,Pendlingskommun nära större stad,25,3,2293,394606,6187265,11083.33154,3777052.118,210.59840182648398,722.9999999999995,79.2,165.20000000000002,323.6,508.7099999999996,155.09238521826762
1285C1050,676,1285,Eslöv,603,Pendlingskommun nära större stad,25,3,1858,394606,6187265,9597.784677,5218948.403,151.38399543378995,617.7999999999996,54.4,122.85000000000002,233.82500000000005,359.50499999999994,112.31484364397181
1285A0030,677,1285,Eslöv,419,Pendlingskommun nära större stad,25,3,799,394606,6187265,39278.9836,35887442.38,121.91172374429223,649.3999999999995,39.9,100.3,185.2,298.8199999999997,94.58035690399566
1285C1070,678,1285,Eslöv,1103,Pendlingskommun nära större stad,25,3,2250,394606,6187265,7040.605501,2204480.343,263.10804794520544,892.2999999999995,97.1,211.65000000000003,397.92499999999995,629.3199999999996,192.62736081620804
1285C1080,679,1285,Eslöv,1060,Pendlingskommun nära större stad,25,3,2971,394606,6187265,6769.532624,1599573.813,288.29718036529675,1005.4999999999992,112.775,243.45000000000005,435.0499999999998,662.5099999999995,202.25982069598214
1285B2010,680,1285,Eslöv,956,Pendlingskommun nära större stad,25,3,1827,380660,6195857,12525.55093,7079037.356,266.90894977168944,1025.499999999999,103.875,228.25,406.39999999999986,607.0049999999995,186.53382292288788
1285B4010,681,1285,Eslöv,646,Pendlingskommun nära större stad,25,3,1443,404851,6200662,8524.152068,5451440.678,166.71239726027397,789.2999999999996,58.2,137.15000000000003,252.50000000000006,400.4999999999999,124.36008380260365
1285A0050,682,1285,Eslöv,791,Pendlingskommun nära större stad,25,3,1186,380660,6195857,69924.29696,66791952.92,190.61794520547946,757.3999999999993,71.3,152.4,294.025,454.3999999999998,139.73969206662747
1285A0060,683,1285,Eslöv,683,Pendlingskommun nära större stad,25,3,1091,394606,6187265,65802.13097,64272278.04,159.7165296803653,658.6999999999997,58.1,124.45,244.35000000000002,385.60499999999985,119.34216146046363
1285A0070,684,1285,Eslöv,605,Pendlingskommun nära större stad,25,3,990,404851,6200662,34669.02087,41391839.58,136.91472602739728,489.5999999999998,50.8,104.85,210.32500000000005,337.0999999999999,103.53520101447906
1264B3010,685,1264,Skurup,804,Pendlingskommun nära storstad,29,4,1466,413011,6151678,10892.53022,8144555.269,234.55299086757987,925.5999999999996,91.0,194.3,356.3999999999999,535.7349999999992,164.38107203170398
1264A0010,686,1264,Skurup,715,Pendlingskommun nära storstad,29,4,1231,413011,6151678,23229.77755,20943546.39,211.90398401826482,818.2999999999994,82.2,175.90000000000003,322.92499999999995,486.9999999999998,149.48347630185833
1264C1010,687,1264,Skurup,1007,Pendlingskommun nära storstad,29,4,2413,401876,6150394,9944.387008,4403485.05,284.5031506849315,935.8999999999992,110.275,235.35000000000008,430.22499999999985,659.0049999999995,200.30940445376078
1264A0020,688,1264,Skurup,735,Pendlingskommun nära storstad,29,4,1076,401876,6150394,44267.15091,47146069.21,189.8641894977169,620.1999999999997,72.6,148.50000000000003,292.20000000000005,451.5049999999997,138.07284818161313
1264C1040,689,1264,Skurup,1208,Pendlingskommun nära storstad,29,4,2607,401876,6150394,9376.988263,3426305.151,339.4470662100456,1155.7999999999993,135.375,277.45,516.2999999999997,777.8099999999994,236.51810856760497
1264C1020,690,1264,Skurup,964,Pendlingskommun nära storstad,29,4,2089,401876,6150394,9185.778934,2923877.498,275.92674657534246,1100.0,108.8,228.00000000000009,418.6249999999998,634.0099999999995,192.422068212343
1264B2010,691,1264,Skurup,862,Pendlingskommun nära storstad,29,4,1626,413011,6151678,11785.81308,8127941.356,250.33289954337897,890.8999999999996,97.0,205.45000000000005,379.64999999999986,578.6999999999997,176.54945089233118
1264C1030,692,1264,Skurup,931,Pendlingskommun nära storstad,29,4,2200,401876,6150394,15665.72218,7266139.496,249.63465753424654,863.2999999999993,95.17500000000001,199.50000000000003,381.6999999999999,584.6049999999997,178.13578040893097
1264A0030,693,1264,Skurup,593,Pendlingskommun nära storstad,29,4,906,413011,6151678,67876.49155,51275062.34,180.17207762557078,714.9999999999997,67.3,148.8,275.95,423.49999999999983,130.30956618883658
1264A0040,694,1264,Skurup,725,Pendlingskommun nära storstad,29,4,1117,401876,6150394,60136.81983,47497293.35,213.4226598173516,795.3999999999996,82.3,175.70000000000005,326.825,489.9049999999997,150.6666142615727
1231C1010,695,1231,Burlöv,640,Pendlingskommun nära storstad,29,4,1605,377680,6165466,1752.895592,166256.2503,191.9629223744292,823.1999999999996,72.2,157.2,293.20000000000005,446.30999999999966,137.6432130277835
1231C1030,696,1231,Burlöv,527,Pendlingskommun nära storstad,29,4,1514,377680,6165466,2074.103644,170242.6542,162.07143835616438,777.1999999999997,60.9,135.20000000000002,246.55,377.0999999999999,116.71647429098692
1231C1020,697,1231,Burlöv,922,Pendlingskommun nära storstad,29,4,2623,377680,6165466,6036.239625,957759.7151,264.0466780821917,961.8999999999992,101.0,216.35000000000002,401.7,612.9199999999994,188.1067227388517
1231C1050,698,1231,Burlöv,710,Pendlingskommun nära storstad,29,4,2322,377680,6165466,4805.189854,504707.6184,209.98593607305935,786.1999999999995,81.70000000000002,174.70000000000005,321.0,480.4999999999998,147.67300566856494
1231C1040,699,1231,Burlöv,814,Pendlingskommun nära storstad,29,4,2156,377680,6165466,19257.65314,10283148.79,231.48601598173514,858.5999999999992,87.70000000000002,188.35000000000002,354.04999999999995,543.4099999999995,165.99769880431887
1231C1060,700,1231,Burlöv,743,Pendlingskommun nära storstad,29,4,1748,376617,6166264,8827.288049,1398761.488,197.38093607305936,681.9999999999997,75.375,156.95000000000005,302.42499999999995,471.8099999999997,144.01922482868812
1231C1070,701,1231,Burlöv,558,Pendlingskommun nära storstad,29,4,1449,377680,6165466,12273.24103,1517501.838,156.15825342465757,613.1999999999998,57.9,125.75,237.80000000000004,369.5099999999999,115.14298125031779
1231C1080,702,1231,Burlöv,937,Pendlingskommun nära storstad,29,4,2137,377680,6165466,5219.993824,1161958.819,268.8003424657533,917.1999999999992,102.475,222.45000000000005,410.42499999999995,619.3999999999996,189.6041854133676
1231C1090,703,1231,Burlöv,981,Pendlingskommun nära storstad,29,4,2195,385764,6168045,8550.914183,2192367.237,280.5850684931506,908.8999999999994,109.3,232.55,426.52499999999986,643.5049999999995,196.22539744386935
1231C1100,704,1231,Burlöv,996,Pendlingskommun nära storstad,29,4,2133,377680,6165466,4153.624495,936106.6344,286.66468036529676,992.9999999999992,109.1,236.1,435.6999999999998,664.2049999999996,203.15800034854055
1270C1010,705,1270,Tomelilla,1240,Pendlingskommun nära mindre tätort,33,5,2357,433090,6157355,7231.95343,2024465.844,393.3063242009131,1222.2,159.375,324.2,593.2999999999996,890.7049999999992,268.9755435430457
1270C1020,706,1270,Tomelilla,691,Pendlingskommun nära mindre tätort,33,5,1929,433090,6157355,2839.345692,516642.6904,214.2788926940639,821.9999999999995,82.8,171.40000000000003,327.15000000000003,501.6199999999996,152.64114120020278
1270C1030,707,1270,Tomelilla,477,Pendlingskommun nära mindre tätort,33,5,963,433090,6157355,2850.63332,551702.8318,164.99568493150684,671.8999999999994,58.5,135.3,251.10000000000002,390.10499999999996,121.43407446813669
1270C1040,708,1270,Tomelilla,1238,Pendlingskommun nära mindre tätort,33,5,2211,433090,6157355,28140.36388,16569879.68,371.33933789954324,1238.1999999999998,146.075,292.95000000000005,568.0499999999997,867.309999999999,263.26863407358024
1270A0010,709,1270,Tomelilla,1499,Pendlingskommun nära mindre tätort,33,5,2313,433090,6157355,82441.17758,144349035.9,465.52384703196327,1416.8000000000009,189.075,380.64999999999986,704.5999999999996,1053.3249999999991,316.5060915999964
1270A0020,710,1270,Tomelilla,1349,Pendlingskommun nära mindre tätort,33,5,2111,433090,6157355,55458.15933,86768988.87,407.2411529680364,1260.1999999999998,163.1,324.04999999999995,625.6249999999995,940.9049999999992,284.4284073102982
1270A0030,711,1270,Tomelilla,1203,Pendlingskommun nära mindre tätort,33,5,1928,440802,6179703,73847.57621,145953251.1,360.07533105022816,1101.0999999999997,142.0,288.45,550.9749999999998,837.8049999999993,253.54238904241092
1262C1020,712,1262,Lomma,846,Pendlingskommun nära storstad,29,4,1798,376617,6166264,4952.694826,1238015.366,227.45930365296798,833.5999999999995,86.69999999999999,181.64999999999998,346.5999999999999,538.7099999999996,165.04573216912996
1262C1010,713,1262,Lomma,690,Pendlingskommun nära storstad,29,4,1684,375989,6166436,17981.89345,9603863.449,204.4216095890411,752.3999999999995,78.2,170.40000000000003,308.125,475.3999999999999,145.90659425852772
1262C1030,714,1262,Lomma,775,Pendlingskommun nära storstad,29,4,1749,376617,6166264,7265.869919,2440401.171,213.58684931506846,752.5999999999996,80.5,171.95000000000002,323.25,505.20499999999964,154.21001735109857
1262C1040,715,1262,Lomma,823,Pendlingskommun nära storstad,29,4,1902,376617,6166264,3616.96185,700134.9599,217.81367579908672,719.7999999999996,81.775,170.85000000000002,333.4499999999999,521.7149999999996,160.0530904974575
1262C1050,716,1262,Lomma,1184,Pendlingskommun nära storstad,29,4,2536,375989,6166436,5076.394186,999465.132,313.27109589041083,1022.6999999999994,120.0,247.55000000000004,481.6249999999997,737.4349999999991,225.47785045531685
1262C1060,717,1262,Lomma,908,Pendlingskommun nära storstad,29,4,2201,383970,6176664,3282.670088,640680.7932,234.85618721461185,783.7999999999996,90.2,183.55,355.42499999999995,563.5999999999998,171.30358601780998
1262C1070,718,1262,Lomma,1051,Pendlingskommun nära storstad,29,4,2328,383970,6176664,18267.06217,9001607.479,273.7422945205479,841.2999999999995,103.6,215.25000000000006,422.3499999999998,653.0999999999997,198.91641450339296
1262C1080,719,1262,Lomma,811,Pendlingskommun nära storstad,29,4,1692,375449,6178861,7927.103241,1829502.206,235.22691780821916,923.4999999999992,91.275,193.55,361.1499999999999,538.3099999999997,165.68907879357204
1262C1090,720,1262,Lomma,1120,Pendlingskommun nära storstad,29,4,2295,375449,6178861,7128.391811,2202176.291,294.81655251141547,933.4999999999994,113.575,233.00000000000003,451.04999999999995,694.8049999999994,211.756659705297
1262C1100,721,1262,Lomma,1270,Pendlingskommun nära storstad,29,4,2508,375449,6178861,29808.43562,26482264.84,345.46232876712315,1123.5999999999997,134.775,279.95,526.0499999999997,802.8049999999994,243.56861969965794
1262C1120,722,1262,Lomma,966,Pendlingskommun nära storstad,29,4,2093,375449,6178861,16224.80589,7397570.99,259.11260273972596,837.7999999999994,98.0,205.00000000000003,397.22499999999997,616.0999999999996,187.7504535321727
1262C1110,723,1262,Lomma,955,Pendlingskommun nära storstad,29,4,1935,375449,6178861,13272.44629,4580970.663,285.33200913242,1005.7999999999994,111.575,238.80000000000004,433.49999999999983,651.3049999999996,198.5447345461737
1261C1070,724,1261,Kävlinge,644,Pendlingskommun nära storstad,29,4,1694,381655,6183187,3658.648943,500337.3563,180.2929452054794,604.2999999999998,67.7,144.0,274.725,428.11499999999967,131.38343734517176
1261C1090,725,1261,Kävlinge,696,Pendlingskommun nära storstad,29,4,1321,381655,6183187,6482.039706,2166654.717,221.46343607305934,1028.5999999999997,83.6,188.50000000000003,337.0,506.9999999999998,156.35717908923274
1261B2010,726,1261,Kävlinge,963,Pendlingskommun nära storstad,29,4,1890,375449,6178861,6016.077578,976326.7611,254.2126141552511,827.3999999999996,98.1,202.55,387.54999999999995,606.9999999999997,183.34516468015195
1261B2020,727,1261,Kävlinge,1171,Pendlingskommun nära storstad,29,4,2308,373816,6182905,5218.975917,1039003.851,302.0728310502283,893.8999999999993,117.6,238.00000000000003,466.2499999999998,706.8049999999995,215.25038390113147
1261C1010,728,1261,Kävlinge,830,Pendlingskommun nära storstad,29,4,1619,381655,6183187,8579.566146,4622723.587,213.68920091324193,684.1999999999996,80.95,168.60000000000002,328.525,508.0049999999998,155.01380182223645
1261B2040,729,1261,Kävlinge,887,Pendlingskommun nära storstad,29,4,1934,373816,6182905,10945.28764,4636478.487,251.359406392694,941.6999999999994,96.6,204.6,383.1999999999999,586.6999999999997,179.11368451097553
1261B2030,730,1261,Kävlinge,1293,Pendlingskommun nära storstad,29,4,2377,373816,6182905,18779.50869,11065414.23,347.8090410958903,1057.7999999999993,135.47500000000002,280.0,530.8249999999998,804.6099999999994,244.5178300016461
1261C1030,731,1261,Kävlinge,762,Pendlingskommun nära storstad,29,4,1689,381655,6183187,6084.082714,1226971.521,206.89924657534246,741.3999999999994,78.7,164.20000000000005,316.325,488.4149999999997,150.55867238315514
1261C1020,732,1261,Kävlinge,704,Pendlingskommun nära storstad,29,4,1417,381655,6183187,10308.92411,3998804.748,200.67968036529678,692.5999999999995,76.1,163.95000000000005,308.0,466.1999999999999,143.44841605876562
1261A0030,733,1261,Kävlinge,712,Pendlingskommun nära storstad,29,4,1127,390969,6183874,34148.71443,32574426.89,214.49366438356162,1031.3999999999994,82.2,178.70000000000005,325.325,494.3049999999998,151.72866153491364
1261A0020,734,1261,Kävlinge,609,Pendlingskommun nära storstad,29,4,956,373816,6182905,64527.53587,36558822.76,160.95246575342463,571.0999999999998,61.7,127.20000000000002,246.80000000000004,384.1149999999998,117.17574258712267
1261C1040,735,1261,Kävlinge,591,Pendlingskommun nära storstad,29,4,1586,381655,6183187,11435.59452,2566474.109,154.51898401826486,513.3999999999997,58.2,121.05,235.12500000000006,374.6099999999999,114.38975954124938
1261C1050,736,1261,Kävlinge,771,Pendlingskommun nära storstad,29,4,1506,381655,6183187,6503.168864,1374700.4,202.95776255707761,689.7999999999995,78.3,160.10000000000002,311.025,484.0999999999999,147.3502716771263
1261C1060,737,1261,Kävlinge,693,Pendlingskommun nära storstad,29,4,1388,381655,6183187,8044.45954,1852393.737,185.23938356164385,638.0999999999996,69.1,147.40000000000003,282.225,439.5999999999998,135.06107943807638
1261C1080,738,1261,Kävlinge,1305,Pendlingskommun nära storstad,29,4,3041,381655,6183187,10271.62711,3188513.903,345.798413242009,1094.2999999999993,131.47500000000002,275.75,530.3249999999998,814.1099999999993,247.62356358790063
1261B2050,739,1261,Kävlinge,1414,Pendlingskommun nära storstad,29,4,2491,373816,6182905,14897.12009,8169657.83,375.7603538812784,1168.6999999999994,143.775,301.2,575.6999999999996,873.4049999999993,266.13885981281635
1261A0010,740,1261,Kävlinge,402,Pendlingskommun nära storstad,29,4,669,370188,6180003,42363.51164,37878249.96,128.44484018264842,597.2999999999998,43.9,105.70000000000002,194.6,306.99999999999994,96.82528359702286
1261B2060,741,1261,Kävlinge,966,Pendlingskommun nära storstad,29,4,1759,374488,6187464,17313.88501,5303865.043,260.58159817351594,832.4999999999993,99.8,208.90000000000003,396.8999999999999,610.1049999999996,186.3512227564224
1261B2070,742,1261,Kävlinge,959,Pendlingskommun nära storstad,29,4,1698,374488,6187464,28843.67272,13696426.01,250.39957762557074,791.4999999999993,94.4,193.65000000000003,389.2249999999999,599.7049999999996,182.67456658470002
1266A0010,743,1266,Hörby,1154,Pendlingskommun nära större stad,25,3,1688,408706,6184429,40932.18402,73089849.23,272.24539954337894,967.2999999999994,105.3,217.40000000000003,415.24999999999983,646.1099999999997,196.5947895990051
1266A0020,744,1266,Hörby,736,Pendlingskommun nära större stad,25,3,1157,435014,6191255,48246.83608,97038697.79,185.90668949771688,752.9999999999997,68.1,151.70000000000002,283.1,443.7099999999997,137.9131230065892
1266A0030,745,1266,Hörby,598,Pendlingskommun nära större stad,25,3,928,416947,6190685,43208.21548,52679522.01,144.8323401826484,613.3999999999997,50.974999999999994,115.3,223.25000000000006,349.29999999999995,108.38704773382624
1266C1010,746,1266,Hörby,840,Pendlingskommun nära större stad,25,3,1623,416947,6190685,12947.86982,6348051.607,197.82977168949773,801.5999999999995,72.3,155.85000000000002,302.025,480.5099999999998,147.68106770845557
1266C1040,747,1266,Hörby,810,Pendlingskommun nära större stad,25,3,1931,416947,6190685,7042.531034,2557852.698,191.74788812785388,805.8999999999996,72.10000000000001,152.65000000000003,292.125,458.5099999999997,140.41198906925322
1266C1020,748,1266,Hörby,1098,Pendlingskommun nära större stad,25,3,2448,416947,6190685,10925.93598,5907810.467,267.12192922374425,928.1999999999992,100.57499999999999,214.90000000000003,406.5999999999999,632.5249999999994,194.09288220557565
1266C1030,749,1266,Hörby,1043,Pendlingskommun nära större stad,25,3,2074,416947,6190685,15797.94215,6577904.404,253.60541095890406,887.5999999999995,95.15,205.05,385.84999999999997,601.2049999999996,183.87300291628557
1266A0040,750,1266,Hörby,647,Pendlingskommun nära större stad,25,3,1031,416947,6190685,50225.9774,78574868.92,146.07252283105024,549.9999999999998,54.3,114.9,220.92500000000004,358.5049999999999,108.93014583992633
1266B2010,751,1266,Hörby,876,Pendlingskommun nära större stad,25,3,1484,416947,6190685,18582.25831,10847200.68,199.46658675799085,703.6999999999997,72.7,155.85000000000002,305.825,482.70499999999976,147.92302033169514
1266A0050,752,1266,Hörby,869,Pendlingskommun nära större stad,25,3,1354,416947,6190685,61888.80371,101209872.4,208.05584474885842,802.9999999999995,76.7,166.8,320.4,491.0099999999997,151.99037328861033
1214B2010,753,1214,Svalöv,941,Pendlingskommun nära större stad,25,3,1986,380660,6195857,9256.934335,6050253.142,224.34242009132416,800.6999999999992,83.675,179.00000000000003,343.7249999999999,534.2999999999997,163.6987966976744
1214B4010,754,1214,Svalöv,641,Pendlingskommun nära större stad,25,3,1125,380660,6195857,12467.25815,7752814.582,153.06198630136987,654.1999999999997,57.3,121.70000000000002,233.02500000000003,367.7,113.15716551742997
1214A0010,755,1214,Svalöv,687,Pendlingskommun nära större stad,25,3,968,380660,6195857,63079.8419,43497674.63,165.88127853881278,733.4999999999995,60.4,133.9,253.1,397.4999999999998,122.85491134621367
1214C1020,756,1214,Svalöv,949,Pendlingskommun nära större stad,25,3,2171,380660,6195857,14587.72912,5687529.926,234.27996575342462,855.4999999999995,88.70000000000002,189.35000000000002,359.82499999999993,551.5049999999997,168.57867078092627
1214C1010,757,1214,Svalöv,965,Pendlingskommun nära större stad,25,3,2111,380660,6195857,9326.968162,3217511.033,238.91131278538808,905.1999999999994,87.60000000000001,195.05,366.22499999999997,564.9049999999996,173.43299519147783
1214A0020,758,1214,Svalöv,1135,Pendlingskommun nära större stad,25,3,1844,380660,6195857,82567.4791,108045756.4,278.00861872146106,994.1999999999996,105.3,227.30000000000004,417.79999999999995,650.0049999999997,199.11012750977588
1214B3010,759,1214,Svalöv,876,Pendlingskommun nära större stad,25,3,1617,380660,6195857,10328.18782,7573193.991,197.97472602739725,683.2999999999995,72.8,153.60000000000002,301.525,480.9099999999997,147.54105382813125
1214A0040,760,1214,Svalöv,599,Pendlingskommun nära större stad,25,3,1099,404851,6200662,25578.03308,26767659.8,155.53351598173515,661.3999999999997,54.4,126.40000000000002,239.82500000000005,372.0999999999999,116.58458288421794
1214A0030,761,1214,Svalöv,1035,Pendlingskommun nära större stad,25,3,1545,385246,6220091,112841.087,181453587.0,235.85643835616435,753.2999999999996,87.6,183.55,363.14999999999986,570.2049999999996,173.39275020746686
1267A0010,762,1267,Höör,1014,Pendlingskommun nära mindre tätort,33,5,1666,408706,6184429,50954.64097,79314511.82,318.3863242009132,1057.0999999999997,123.8,258.1,484.22499999999985,736.9999999999994,223.92128416620344
1267C1060,763,1267,Höör,1075,Pendlingskommun nära mindre tätort,33,5,2116,404851,6200662,36393.53739,18097419.16,323.4907191780821,1003.5999999999992,127.07500000000002,257.40000000000003,499.8249999999997,755.3999999999994,227.9879290321965
1267C1010,764,1267,Höör,1119,Pendlingskommun nära mindre tätort,33,5,1909,404851,6200662,33860.18425,18721598.54,329.9794977168949,1062.599999999999,130.075,259.0,505.0999999999998,776.8099999999994,234.97811336716566
1267C1020,765,1267,Höör,1007,Pendlingskommun nära mindre tätort,33,5,2301,404851,6200662,6933.3496,2328515.729,315.1403310502282,1038.5999999999992,123.57499999999999,254.55,481.79999999999984,720.6099999999993,220.7421965086134
1267C1030,766,1267,Höör,925,Pendlingskommun nära mindre tätort,33,5,1996,404851,6200662,8919.461757,1833937.482,285.82979452054786,926.8999999999994,111.375,233.60000000000005,437.4999999999999,658.5099999999994,200.29413548714092
1267C1050,767,1267,Höör,856,Pendlingskommun nära mindre tätort,33,5,2225,404851,6200662,5926.426211,1195284.976,258.2119406392693,1017.0999999999992,101.2,206.05,395.525,599.9049999999995,182.7773972517213
1267C1040,768,1267,Höör,1028,Pendlingskommun nära mindre tätort,33,5,2183,404851,6200662,9840.704798,4158997.082,320.79253424657526,1111.1999999999994,127.5,262.90000000000003,486.4499999999997,735.0049999999992,222.94340420024653
1267C1070,769,1267,Höör,576,Pendlingskommun nära mindre tätort,33,5,988,418693,6205881,18605.7973,13096269.53,172.25446347031965,623.6999999999996,68.17499999999998,134.65000000000003,264.125,403.79999999999984,123.01149190506527
1267A0020,770,1267,Höör,1235,Pendlingskommun nära mindre tätort,33,5,1913,404851,6200662,110611.1137,182462549.8,370.0100456621003,1159.3999999999996,148.47500000000002,294.54999999999995,565.0499999999997,854.1999999999995,258.05596817337147
1260B2010,771,1260,Bjuv,1123,Pendlingskommun nära större stad,25,3,1937,368329,6216038,31977.80665,21304761.22,272.4837671232876,917.3999999999992,102.275,220.8,416.82499999999993,645.0149999999993,196.4228712003657
1260A0010,772,1260,Bjuv,1011,Pendlingskommun nära större stad,25,3,1757,368329,6216038,25250.83012,12731525.32,241.20273972602735,786.7999999999996,90.775,193.65000000000003,369.8999999999999,567.8999999999996,173.92449056447524
1260A0020,773,1260,Bjuv,1002,Pendlingskommun nära större stad,25,3,2342,368329,6216038,22810.1623,18641048.57,246.12356164383561,874.9999999999994,90.975,200.55000000000004,374.2999999999999,575.9099999999996,177.87213074014107
1260C1010,774,1260,Bjuv,980,Pendlingskommun nära större stad,25,3,1804,368329,6216038,18361.80175,8120171.838,242.52876712328762,829.9999999999994,90.07499999999999,199.75000000000006,372.025,563.5049999999995,173.74331157226132
1260A0030,775,1260,Bjuv,1239,Pendlingskommun nära större stad,25,3,2002,371588,6221705,35499.40878,41488665.3,290.9732534246575,1094.2999999999995,108.20000000000002,232.20000000000002,443.6999999999999,693.8049999999995,212.91984168224656
1260C1020,776,1260,Bjuv,723,Pendlingskommun nära större stad,25,3,1814,368329,6216038,8968.709165,2808010.251,170.62148401826482,608.2999999999997,61.7,134.60000000000002,259.6,412.00999999999976,128.01206447556694
1260C1030,777,1260,Bjuv,1074,Pendlingskommun nära större stad,25,3,1941,368329,6216038,9297.996952,3898592.096,265.81223744292237,1022.3999999999992,101.72500000000001,217.25000000000006,404.1999999999998,619.8049999999995,189.55474045441682
1260C1040,778,1260,Bjuv,1171,Pendlingskommun nära större stad,25,3,2465,371588,6221705,16936.45821,7556811.049,295.2996004566209,1125.9,112.97500000000001,243.70000000000005,449.7249999999998,691.3049999999995,209.65634079130422
1277C1040,779,1277,Åstorp,544,Pendlingskommun nära större stad,25,3,1640,371588,6221705,3100.418724,423270.1708,131.1406621004566,620.6999999999997,47.0,103.9,202.00000000000003,316.00499999999994,98.94954397116659
1277B3010,780,1277,Åstorp,1081,Pendlingskommun nära större stad,25,3,2062,385246,6220091,13489.40322,9426229.56,254.44530821917803,909.3999999999992,95.62500000000001,202.1,386.5999999999999,609.7099999999997,187.07361465368822
1277B2010,781,1277,Åstorp,1335,Pendlingskommun nära större stad,25,3,2567,368329,6216038,17144.97641,10377055.8,311.5810844748857,1059.3999999999994,115.6,247.05000000000004,477.67499999999984,740.4099999999994,227.06970944225998
1277C1020,782,1277,Åstorp,756,Pendlingskommun nära större stad,25,3,1574,371588,6221705,7666.276506,2888151.763,178.77151826484018,625.6999999999996,65.4,141.3,272.3,430.00999999999976,133.23487640926527
1277C1050,783,1277,Åstorp,802,Pendlingskommun nära större stad,25,3,2050,371588,6221705,3635.291466,602462.0381,186.07926940639268,694.6999999999995,69.57499999999999,143.90000000000003,284.7,446.89999999999975,136.51651068167564
1277C1010,784,1277,Åstorp,478,Pendlingskommun nära större stad,25,3,865,371588,6221705,17233.2527,7790505.765,114.81117579908677,478.2999999999998,42.9,89.7,177.40000000000003,280.30499999999995,87.32487103616589
1277C1030,785,1277,Åstorp,1137,Pendlingskommun nära större stad,25,3,2086,371588,6221705,11091.36062,5623028.714,285.49501141552497,981.9999999999994,108.10000000000002,235.1,438.0999999999998,661.7049999999996,203.63509529230714
1277C1070,786,1277,Åstorp,771,Pendlingskommun nära större stad,25,3,1642,371588,6221705,8408.488843,1513818.267,182.57278538812784,689.4999999999997,67.64999999999999,145.55,278.29999999999995,441.0049999999998,135.20988552774966
1277C1060,787,1277,Åstorp,535,Pendlingskommun nära större stad,25,3,1092,371588,6221705,13636.67458,3262330.795,145.7233219178082,647.6999999999998,51.075,120.1,220.90000000000003,348.40499999999986,108.65109043447762
1277A0010,788,1277,Åstorp,518,Pendlingskommun nära större stad,25,3,763,371588,6221705,57724.59905,51153540.56,147.0788926940639,643.3999999999995,50.8,123.70000000000002,222.10000000000005,353.8049999999999,110.09317552047521
